benchmark_date_utc,data_origin,recorded_at_utc,task,workload,rl_library,physics_backend,rendering_backend,num_envs,seed,measured_iterations,total_fps_mean,total_fps_std,total_fps_peak,vram_mean_gb,vram_std_gb,vram_peak_gb,gpu_util_mean_pct,gpu_util_std_pct,gpu_name,gpu_memory_total_gb,cpu_name,physical_cpu_count,ram_total_gb,cuda_bindings_version,nvidia_driver_version,git_commit,source_record_id,measurement_timestamp,task_presets,comparison_group_name,source_entry_key,snapshot_date_utc,camera_resolution,quality_notes,collection_fps_mean,collection_fps_std,collection_fps_peak,physics_backend_source,rendering_backend_source
2026-08-24,measured,2026-08-24T09:27:36.46626Z,Isaac-Ant,training,rsl_rl,isaacsim_physx,none,8192,42,10,380136.4,88670.40490390366,435207.0,8.55,0.53,8.82,27.22,19.7,NVIDIA RTX PRO 6000 Blackwell Server Edition,94.97,INTEL(R) XEON(R) GOLD 5512U,56,251.36,12.9.7,NVIDIA-Linux-x86_64-595.58.03,f86b4e1ad66e637e7770a727e181ffe150a2077b,157981,2026-08-24T02:25:29.704659,,ISAAC_LAB_SINGLE_GPU_GTL_PRESET_PHYSX_E8192,benchmark_rsl_rl_Isaac-Ant_8192,2026-08-23,,dirty working tree reported,454701.44811681326,109255.9135366094,521676.3248640311,database,database
2026-08-24,measured,2026-08-24T14:19:12.342405Z,Isaac-Ant,training,rsl_rl,newton_mjwarp,none,8192,42,10,761954.6,211164.23780460554,831790.0,2.15,0.61,2.54,31.83,24.38,NVIDIA RTX PRO 6000 Blackwell Server Edition,94.97,INTEL(R) XEON(R) GOLD 5512U,56,251.36,12.9.7,NVIDIA-Linux-x86_64-595.58.03,f86b4e1ad66e637e7770a727e181ffe150a2077b,158711,2026-08-24T07:18:07.170945,,ISAAC_LAB_SINGLE_GPU_GTL_PRESET_NEWTON_MJWARP_E8192,benchmark_rsl_rl_Isaac-Ant_8192,2026-08-23,,dirty working tree reported; Total FPS coefficient of variation >25%; Collection FPS coefficient of variation >25%,1080766.9168374585,313735.6947773544,1185349.928174699,WARM entry preset,database
2026-08-24,measured,2026-08-24T19:27:01.328204Z,Isaac-Ant,training,rsl_rl,ovphysx,none,8192,42,10,497331.5,123769.6287671845,546294.0,5.6,0.57,5.91,21.5,12.99,NVIDIA RTX PRO 6000 Blackwell Server Edition,94.97,INTEL(R) XEON(R) GOLD 5512U,56,251.36,12.9.7,NVIDIA-Linux-x86_64-595.58.03,f86b4e1ad66e637e7770a727e181ffe150a2077b,159463,2026-08-24T12:24:27.136246,,ISAAC_LAB_SINGLE_GPU_GTL_PRESET_OVPHYSX_E8192,benchmark_rsl_rl_Isaac-Ant_8192,2026-08-23,,dirty working tree reported; Collection FPS coefficient of variation >25%,614014.476693211,157296.8100189008,678241.1365560396,WARM entry preset,database
2026-08-24,measured,2026-08-24T09:27:36.46626Z,Isaac-Ant-Direct,training,rsl_rl,isaacsim_physx,none,8192,42,10,447405.1,82281.34433414013,502261.0,8.63,0.49,8.82,20.57,8.22,NVIDIA RTX PRO 6000 Blackwell Server Edition,94.97,INTEL(R) XEON(R) GOLD 5512U,56,251.36,12.9.7,NVIDIA-Linux-x86_64-595.58.03,f86b4e1ad66e637e7770a727e181ffe150a2077b,157981,2026-08-24T02:26:23.560074,,ISAAC_LAB_SINGLE_GPU_GTL_PRESET_PHYSX_E8192,benchmark_rsl_rl_Isaac-Ant-Direct_8192,2026-08-23,,dirty working tree reported,548594.7220060213,96744.07094784157,622645.1451611442,database,database
2026-08-24,measured,2026-08-24T14:19:12.342405Z,Isaac-Ant-Direct,training,rsl_rl,newton_mjwarp,none,8192,42,10,966338.7,230950.76892034805,1042798.0,2.29,0.56,2.54,51.4,28.68,NVIDIA RTX PRO 6000 Blackwell Server Edition,94.97,INTEL(R) XEON(R) GOLD 5512U,56,251.36,12.9.7,NVIDIA-Linux-x86_64-595.58.03,f86b4e1ad66e637e7770a727e181ffe150a2077b,158711,2026-08-24T07:18:28.529807,,ISAAC_LAB_SINGLE_GPU_GTL_PRESET_NEWTON_MJWARP_E8192,benchmark_rsl_rl_Isaac-Ant-Direct_8192,2026-08-23,,dirty working tree reported; Collection FPS coefficient of variation >25%,1540137.4194187429,390110.74561175384,1669399.5657268832,WARM entry preset,database
2026-08-24,measured,2026-08-24T19:27:01.328204Z,Isaac-Ant-Direct,training,rsl_rl,ovphysx,none,8192,42,10,567696.5,109710.14719224673,612494.0,5.68,0.53,5.91,27.0,13.73,NVIDIA RTX PRO 6000 Blackwell Server Edition,94.97,INTEL(R) XEON(R) GOLD 5512U,56,251.36,12.9.7,NVIDIA-Linux-x86_64-595.58.03,f86b4e1ad66e637e7770a727e181ffe150a2077b,159463,2026-08-24T12:25:17.955196,,ISAAC_LAB_SINGLE_GPU_GTL_PRESET_OVPHYSX_E8192,benchmark_rsl_rl_Isaac-Ant-Direct_8192,2026-08-23,,dirty working tree reported,725998.1664959042,138394.13556102477,786264.59814116,WARM entry preset,database
2026-08-24,measured,2026-08-24T09:30:16.247552Z,Isaac-Cartpole,training,rsl_rl,isaacsim_physx,none,8192,42,10,515378.1,112136.97974793546,571057.0,7.09,0.03,7.11,14.5,9.0,NVIDIA RTX PRO 6000 Blackwell Server Edition,94.97,INTEL(R) XEON(R) GOLD 5512U,56,251.36,12.9.7,NVIDIA-Linux-x86_64-595.58.03,f86b4e1ad66e637e7770a727e181ffe150a2077b,157987,2026-08-24T02:27:19.402448,,ISAAC_LAB_SINGLE_GPU_GTL_PRESET_PHYSX_E8192,benchmark_rsl_rl_Isaac-Cartpole_8192,2026-08-23,,dirty working tree reported,757541.4397584631,169597.45635296145,845103.3926572475,database,database
2026-08-24,measured,2026-08-24T14:19:53.413178Z,Isaac-Cartpole,training,rsl_rl,newton_mjwarp,none,8192,42,10,940261.4,243351.6904213598,1020858.0,0.93,0.06,0.96,16.33,14.15,NVIDIA RTX PRO 6000 Blackwell Server Edition,94.97,INTEL(R) XEON(R) GOLD 5512U,56,251.36,12.9.7,NVIDIA-Linux-x86_64-595.58.03,f86b4e1ad66e637e7770a727e181ffe150a2077b,158715,2026-08-24T07:18:17.594974,,ISAAC_LAB_SINGLE_GPU_GTL_PRESET_NEWTON_MJWARP_E8192,benchmark_rsl_rl_Isaac-Cartpole_8192,2026-08-23,,dirty working tree reported; Total FPS coefficient of variation >25%; Collection FPS coefficient of variation >25%,1685297.947546441,463115.23762562725,1845214.4550776007,WARM entry preset,database
2026-08-24,measured,2026-08-24T19:27:33.243204Z,Isaac-Cartpole,training,rsl_rl,ovphysx,none,8192,42,10,624845.7,144631.8786030014,688612.0,3.99,0.03,4.0,14.5,9.68,NVIDIA RTX PRO 6000 Blackwell Server Edition,94.97,INTEL(R) XEON(R) GOLD 5512U,56,251.36,12.9.7,NVIDIA-Linux-x86_64-595.58.03,f86b4e1ad66e637e7770a727e181ffe150a2077b,159465,2026-08-24T12:25:06.255434,,ISAAC_LAB_SINGLE_GPU_GTL_PRESET_OVPHYSX_E8192,benchmark_rsl_rl_Isaac-Cartpole_8192,2026-08-23,,dirty working tree reported,870108.4543228592,202149.0716930995,961200.6250369352,WARM entry preset,database
2026-08-24,measured,2026-08-24T11:58:09.182933Z,Isaac-Cartpole-Camera-Direct,training,rsl_rl,isaacsim_physx,isaacsim_rtx,8192,42,10,69844.6,9990.174908934834,73838.0,63.26,1.91,67.96,49.78,34.8,NVIDIA RTX PRO 6000 Blackwell Server Edition,94.97,INTEL(R) XEON(R) GOLD 5512U,56,251.36,12.9.7,NVIDIA-Linux-x86_64-595.58.03,f86b4e1ad66e637e7770a727e181ffe150a2077b,158402,2026-08-24T04:55:03.508343,"env.tiled_camera.height=64,env.tiled_camera.width=64,simple_shading_full_mdl",ISAAC_LAB_SINGLE_GPU_GTL_PRESET_PHYSX_ISAACSIMRTX_SSFM_E8192_R64,benchmark_rsl_rl_Isaac-Cartpole-Camera-Direct_r64_8192,2026-08-23,,dirty working tree reported; resolved camera dimensions not recorded; fixed profile selected by explicit preset,109892.10490934578,12803.990988777343,116227.71509362919,database,database
2026-08-24,measured,2026-08-24T11:49:43.487377Z,Isaac-Cartpole-Camera-Direct,training,rsl_rl,newton_mjwarp,newton_renderer,8192,42,10,149591.3,29821.45373179815,159085.0,56.56,1.98,61.07,81.84,29.58,NVIDIA RTX PRO 6000 Blackwell Server Edition,94.97,INTEL(R) XEON(R) GOLD 5512U,56,251.36,12.9.7,NVIDIA-Linux-x86_64-595.58.03,f86b4e1ad66e637e7770a727e181ffe150a2077b,158372,2026-08-24T04:48:06.007111,"env.tiled_camera.height=64,env.tiled_camera.width=64,rgb",ISAAC_LAB_SINGLE_GPU_GTL_PRESET_NEWTON_WARP_RGB_E8192_R64,benchmark_rsl_rl_Isaac-Cartpole-Camera-Direct_r64_8192,2026-08-23,,dirty working tree reported; resolved camera dimensions not recorded; fixed profile selected by explicit preset,592538.1833150772,140450.0966204135,637763.3263434361,WARM entry preset,WARM entry preset
2026-08-24,measured,2026-08-24T11:53:28.79173Z,Isaac-Cartpole-Camera-Direct,training,rsl_rl,newton_mjwarp,ovrtx,8192,42,10,96469.5,15867.082461288634,105123.0,60.99,3.05,78.01,57.78,33.25,NVIDIA RTX PRO 6000 Blackwell Server Edition,94.97,INTEL(R) XEON(R) GOLD 5512U,56,251.36,12.9.7,NVIDIA-Linux-x86_64-595.58.03,f86b4e1ad66e637e7770a727e181ffe150a2077b,158386,2026-08-24T04:51:02.386491,"env.tiled_camera.height=64,env.tiled_camera.width=64,simple_shading_full_mdl",ISAAC_LAB_SINGLE_GPU_GTL_PRESET_NEWTON_OVRTX_SSFM_E8192_R64,benchmark_rsl_rl_Isaac-Cartpole-Camera-Direct_r64_8192,2026-08-23,,dirty working tree reported; resolved camera dimensions not recorded; fixed profile selected by explicit preset,188452.5953353954,28448.43400822321,211773.9949053436,WARM entry preset,WARM entry preset
2026-08-24,measured,2026-08-24T17:41:39.376653Z,Isaac-Cartpole-Camera-Direct,training,rsl_rl,ovphysx,ovrtx,8192,42,10,88854.9,13751.030971046013,96106.0,63.63,1.82,64.97,56.49,33.48,NVIDIA RTX PRO 6000 Blackwell Server Edition,94.97,INTEL(R) XEON(R) GOLD 5512U,56,251.36,12.9.7,NVIDIA-Linux-x86_64-595.58.03,f86b4e1ad66e637e7770a727e181ffe150a2077b,159197,2026-08-24T10:38:37.384028,"env.tiled_camera.height=64,env.tiled_camera.width=64,simple_shading_full_mdl",ISAAC_LAB_SINGLE_GPU_GTL_PRESET_OVPHYSX_OVRTX_SSFM_E8192_R64,benchmark_rsl_rl_Isaac-Cartpole-Camera-Direct_r64_8192,2026-08-23,,dirty working tree reported; resolved camera dimensions not recorded; fixed profile selected by explicit preset,161407.19345288764,20899.710490639627,177444.53327755872,WARM entry preset,WARM entry preset
2026-08-24,measured,2026-08-24T09:30:38.991317Z,Isaac-Cartpole-Direct,training,rsl_rl,isaacsim_physx,none,8192,42,10,567166.6,130447.49990892463,627955.0,7.09,0.03,7.11,16.25,6.85,NVIDIA RTX PRO 6000 Blackwell Server Edition,94.97,INTEL(R) XEON(R) GOLD 5512U,56,251.36,12.9.7,NVIDIA-Linux-x86_64-595.58.03,f86b4e1ad66e637e7770a727e181ffe150a2077b,157988,2026-08-24T02:29:50.769806,,ISAAC_LAB_SINGLE_GPU_GTL_PRESET_PHYSX_E8192,benchmark_rsl_rl_Isaac-Cartpole-Direct_8192,2026-08-23,,dirty working tree reported,868141.2046537809,204239.13093144077,966304.6053230121,database,database
2026-08-24,measured,2026-08-24T14:20:54.46473Z,Isaac-Cartpole-Direct,training,rsl_rl,newton_mjwarp,none,8192,42,10,1086688.1,298222.0995888989,1186344.0,0.93,0.06,0.96,16.67,14.43,NVIDIA RTX PRO 6000 Blackwell Server Edition,94.97,INTEL(R) XEON(R) GOLD 5512U,56,251.36,12.9.7,NVIDIA-Linux-x86_64-595.58.03,f86b4e1ad66e637e7770a727e181ffe150a2077b,158719,2026-08-24T07:20:16.803789,,ISAAC_LAB_SINGLE_GPU_GTL_PRESET_NEWTON_MJWARP_E8192,benchmark_rsl_rl_Isaac-Cartpole-Direct_8192,2026-08-23,,dirty working tree reported; Total FPS coefficient of variation >25%; Collection FPS coefficient of variation >25%,2245531.7346084868,656444.8744176808,2464233.9726214064,WARM entry preset,database
2026-08-24,measured,2026-08-24T19:27:33.243204Z,Isaac-Cartpole-Direct,training,rsl_rl,ovphysx,none,8192,42,10,662371.9,160531.8119490824,742154.0,3.99,0.03,4.0,15.0,10.0,NVIDIA RTX PRO 6000 Blackwell Server Edition,94.97,INTEL(R) XEON(R) GOLD 5512U,56,251.36,12.9.7,NVIDIA-Linux-x86_64-595.58.03,f86b4e1ad66e637e7770a727e181ffe150a2077b,159465,2026-08-24T12:25:30.098488,,ISAAC_LAB_SINGLE_GPU_GTL_PRESET_OVPHYSX_E8192,benchmark_rsl_rl_Isaac-Cartpole-Direct_8192,2026-08-23,,dirty working tree reported,971870.9507240215,236387.78275035653,1112746.636267769,WARM entry preset,database
2026-08-24,measured,2026-08-24T09:28:38.658564Z,Isaac-Humanoid,training,rsl_rl,isaacsim_physx,none,8192,42,10,257695.8,53405.86678508895,281306.0,9.6,0.64,9.94,26.42,14.69,NVIDIA RTX PRO 6000 Blackwell Server Edition,94.97,INTEL(R) XEON(R) GOLD 5512U,56,251.36,12.9.7,NVIDIA-Linux-x86_64-595.58.03,f86b4e1ad66e637e7770a727e181ffe150a2077b,157984,2026-08-24T02:25:46.969123,,ISAAC_LAB_SINGLE_GPU_GTL_PRESET_PHYSX_E8192,benchmark_rsl_rl_Isaac-Humanoid_8192,2026-08-23,,dirty working tree reported,291201.76904417627,60760.55126996784,317726.2277195936,database,database
2026-08-24,measured,2026-08-24T14:19:22.469491Z,Isaac-Humanoid,training,rsl_rl,newton_mjwarp,none,8192,42,10,511756.0,128296.54321748328,554209.0,2.91,0.64,3.28,45.43,30.72,NVIDIA RTX PRO 6000 Blackwell Server Edition,94.97,INTEL(R) XEON(R) GOLD 5512U,56,251.36,12.9.7,NVIDIA-Linux-x86_64-595.58.03,f86b4e1ad66e637e7770a727e181ffe150a2077b,158712,2026-08-24T07:18:06.988912,,ISAAC_LAB_SINGLE_GPU_GTL_PRESET_NEWTON_MJWARP_E8192,benchmark_rsl_rl_Isaac-Humanoid_8192,2026-08-23,,dirty working tree reported; Total FPS coefficient of variation >25%; Collection FPS coefficient of variation >25%,642333.5191646173,166576.36467552988,697968.3449952168,WARM entry preset,database
2026-08-24,measured,2026-08-24T19:29:28.600621Z,Isaac-Humanoid,training,rsl_rl,ovphysx,none,8192,42,10,316026.6,67765.30669925758,343626.0,7.1,0.66,7.41,24.1,13.18,NVIDIA RTX PRO 6000 Blackwell Server Edition,94.97,INTEL(R) XEON(R) GOLD 5512U,56,251.36,12.9.7,NVIDIA-Linux-x86_64-595.58.03,f86b4e1ad66e637e7770a727e181ffe150a2077b,159471,2026-08-24T12:25:29.551833,,ISAAC_LAB_SINGLE_GPU_GTL_PRESET_OVPHYSX_E8192,benchmark_rsl_rl_Isaac-Humanoid_8192,2026-08-23,,dirty working tree reported,361404.52935962053,78486.02250663108,394115.6159809593,WARM entry preset,database
2026-08-24,measured,2026-08-24T09:28:38.658564Z,Isaac-Humanoid-Direct,training,rsl_rl,isaacsim_physx,none,8192,42,10,287038.5,42338.311487482715,310229.0,9.64,0.64,9.93,28.2,12.89,NVIDIA RTX PRO 6000 Blackwell Server Edition,94.97,INTEL(R) XEON(R) GOLD 5512U,56,251.36,12.9.7,NVIDIA-Linux-x86_64-595.58.03,f86b4e1ad66e637e7770a727e181ffe150a2077b,157984,2026-08-24T02:27:02.244702,,ISAAC_LAB_SINGLE_GPU_GTL_PRESET_PHYSX_E8192,benchmark_rsl_rl_Isaac-Humanoid-Direct_8192,2026-08-23,,dirty working tree reported,331183.84029382747,47588.27730198042,359443.9181149973,database,database
2026-08-24,measured,2026-08-24T14:26:41.429835Z,Isaac-Humanoid-Direct,training,rsl_rl,newton_mjwarp,none,8192,42,10,606841.6,121188.12985987256,649342.0,3.02,0.58,3.25,58.0,28.92,NVIDIA RTX PRO 6000 Blackwell Server Edition,94.97,INTEL(R) XEON(R) GOLD 5512U,56,251.36,12.9.7,NVIDIA-Linux-x86_64-595.58.03,f86b4e1ad66e637e7770a727e181ffe150a2077b,158727,2026-08-24T07:25:45.574702,,ISAAC_LAB_SINGLE_GPU_GTL_PRESET_NEWTON_MJWARP_E8192,benchmark_rsl_rl_Isaac-Humanoid-Direct_8192,2026-08-23,,dirty working tree reported,796969.3211429534,160173.73969705714,855012.3081402221,WARM entry preset,database
2026-08-24,measured,2026-08-24T19:29:28.600621Z,Isaac-Humanoid-Direct,training,rsl_rl,ovphysx,none,8192,42,10,344168.0,53120.559372054806,370578.0,6.99,0.68,7.32,34.0,15.08,NVIDIA RTX PRO 6000 Blackwell Server Edition,94.97,INTEL(R) XEON(R) GOLD 5512U,56,251.36,12.9.7,NVIDIA-Linux-x86_64-595.58.03,f86b4e1ad66e637e7770a727e181ffe150a2077b,159471,2026-08-24T12:26:45.376570,,ISAAC_LAB_SINGLE_GPU_GTL_PRESET_OVPHYSX_E8192,benchmark_rsl_rl_Isaac-Humanoid-Direct_8192,2026-08-23,,dirty working tree reported,396075.20919397555,57606.912690109944,427153.0608916857,WARM entry preset,database
2026-08-24,measured,2026-08-24T09:33:01.967917Z,Isaac-Lift-Franka,training,rsl_rl,isaacsim_physx,none,8192,42,10,151745.2,19233.759012042687,162485.0,14.31,0.73,14.58,49.06,11.86,NVIDIA RTX PRO 6000 Blackwell Server Edition,94.97,INTEL(R) XEON(R) GOLD 5512U,56,251.36,12.9.7,NVIDIA-Linux-x86_64-595.58.03,f86b4e1ad66e637e7770a727e181ffe150a2077b,157994,2026-08-24T02:28:48.144531,,ISAAC_LAB_SINGLE_GPU_GTL_PRESET_PHYSX_E8192,benchmark_rsl_rl_Isaac-Lift-Franka_8192,2026-08-23,,dirty working tree reported,178274.11524368578,22468.315496849336,189641.17023594768,database,database
2026-08-24,measured,2026-08-24T14:21:25.510375Z,Isaac-Lift-Franka,training,rsl_rl,newton_mjwarp,none,8192,42,10,303682.8,51108.91651452698,320643.0,6.17,0.99,6.64,64.0,16.08,NVIDIA RTX PRO 6000 Blackwell Server Edition,94.97,INTEL(R) XEON(R) GOLD 5512U,56,251.36,12.9.7,NVIDIA-Linux-x86_64-595.58.03,f86b4e1ad66e637e7770a727e181ffe150a2077b,158720,2026-08-24T07:20:20.668492,,ISAAC_LAB_SINGLE_GPU_GTL_PRESET_NEWTON_MJWARP_E8192,benchmark_rsl_rl_Isaac-Lift-Franka_8192,2026-08-23,,dirty working tree reported,412732.7499127553,77761.07608070766,439638.2919807145,WARM entry preset,database
2026-08-24,measured,2026-08-24T19:34:48.588609Z,Isaac-Lift-Franka,training,rsl_rl,ovphysx,none,8192,42,10,60944.5,3220.4450434338696,62892.0,10.67,0.69,10.93,16.1,7.51,NVIDIA RTX PRO 6000 Blackwell Server Edition,94.97,INTEL(R) XEON(R) GOLD 5512U,56,251.36,12.9.7,NVIDIA-Linux-x86_64-595.58.03,f86b4e1ad66e637e7770a727e181ffe150a2077b,159482,2026-08-24T12:31:40.630256,,ISAAC_LAB_SINGLE_GPU_GTL_PRESET_OVPHYSX_E8192,benchmark_rsl_rl_Isaac-Lift-Franka_8192,2026-08-23,,dirty working tree reported,64345.77240179531,3322.9461480121663,66444.01827514482,WARM entry preset,database
2026-08-24,measured,2026-08-24T09:41:51.985894Z,Isaac-Lift-KukaAllegro,training,rsl_rl,isaacsim_physx,none,8192,42,10,54905.6,3355.1141460959766,61616.0,16.48,0.98,16.9,76.58,14.8,NVIDIA RTX PRO 6000 Blackwell Server Edition,94.97,INTEL(R) XEON(R) GOLD 5512U,56,251.36,12.9.7,NVIDIA-Linux-x86_64-595.58.03,f86b4e1ad66e637e7770a727e181ffe150a2077b,158011,2026-08-24T02:37:10.237807,,ISAAC_LAB_SINGLE_GPU_GTL_PRESET_PHYSX_E8192,benchmark_rsl_rl_Isaac-Lift-KukaAllegro_8192,2026-08-23,,dirty working tree reported,58542.714268008756,3877.5199328559283,66713.53014209194,database,database
2026-08-24,measured,2026-08-24T14:25:23.669484Z,Isaac-Lift-KukaAllegro,training,rsl_rl,newton_mjwarp,none,8192,42,10,204175.9,27958.70532469866,217060.0,8.27,1.09,8.7,67.71,19.19,NVIDIA RTX PRO 6000 Blackwell Server Edition,94.97,INTEL(R) XEON(R) GOLD 5512U,56,251.36,12.9.7,NVIDIA-Linux-x86_64-595.58.03,f86b4e1ad66e637e7770a727e181ffe150a2077b,158724,2026-08-24T07:24:13.548024,,ISAAC_LAB_SINGLE_GPU_GTL_PRESET_NEWTON_MJWARP_E8192,benchmark_rsl_rl_Isaac-Lift-KukaAllegro_8192,2026-08-23,,dirty working tree reported,255112.8274193931,38159.71527661444,273646.97444121976,WARM entry preset,database
2026-08-24,measured,2026-08-24T19:44:03.124082Z,Isaac-Lift-KukaAllegro,training,rsl_rl,ovphysx,none,8192,42,10,33940.0,1149.693775654099,35103.0,13.81,0.9,14.12,50.18,27.67,NVIDIA RTX PRO 6000 Blackwell Server Edition,94.97,INTEL(R) XEON(R) GOLD 5512U,56,251.36,12.9.7,NVIDIA-Linux-x86_64-595.58.03,f86b4e1ad66e637e7770a727e181ffe150a2077b,159502,2026-08-24T12:40:15.755941,,ISAAC_LAB_SINGLE_GPU_GTL_PRESET_OVPHYSX_E8192,benchmark_rsl_rl_Isaac-Lift-KukaAllegro_8192,2026-08-23,,dirty working tree reported,35102.690577349415,1155.3823356658982,36319.65836217679,WARM entry preset,database
2026-08-24,measured,2026-08-24T06:24:57.955091Z,Isaac-Lift-KukaAllegro-Camera,training,rsl_rl,isaacsim_physx,isaacsim_rtx,8192,42,10,12747.3,2336.112727968789,13806.0,32.11,1.87,32.99,17.34,26.27,NVIDIA RTX PRO 6000 Blackwell Server Edition,94.97,INTEL(R) XEON(R) GOLD 5512U,56,251.36,12.9.7,NVIDIA-Linux-x86_64-595.58.03,f86b4e1ad66e637e7770a727e181ffe150a2077b,157416,2026-08-23T23:16:12.397465,"cube,simple_shading_full_mdl64,single_camera",ISAAC_LAB_SINGLE_GPU_GTL_PRESET_PHYSX_ISAACSIMRTX_SSFM_E8192_R64,benchmark_rsl_rl_Isaac-Lift-KukaAllegro-Camera_cube_single_camera_simple_shading_full_mdl64_r64_8192,2026-08-23,,dirty working tree reported; resolved camera dimensions not recorded; fixed profile selected by explicit preset,13439.833560461073,2400.9831731568925,14509.984819720723,database,database
2026-08-24,measured,2026-08-24T05:29:08.169988Z,Isaac-Lift-KukaAllegro-Camera,training,rsl_rl,newton_mjwarp,newton_renderer,8192,42,10,103361.5,23110.9222819476,111816.0,22.84,1.8,23.69,74.03,27.91,NVIDIA RTX PRO 6000 Blackwell Server Edition,94.97,INTEL(R) XEON(R) GOLD 5512U,56,251.36,12.9.7,NVIDIA-Linux-x86_64-595.58.03,f86b4e1ad66e637e7770a727e181ffe150a2077b,157309,2026-08-23T22:27:48.894070,"cube,rgb64,single_camera",ISAAC_LAB_SINGLE_GPU_GTL_PRESET_NEWTON_WARP_RGB_E8192_R64,benchmark_rsl_rl_Isaac-Lift-KukaAllegro-Camera_cube_single_camera_rgb64_r64_8192,2026-08-23,,dirty working tree reported; resolved camera dimensions not recorded; fixed profile selected by explicit preset,169450.2368896675,35734.13415370336,181974.62772158426,WARM entry preset,WARM entry preset
2026-08-24,measured,2026-08-24T06:08:30.262115Z,Isaac-Lift-KukaAllegro-Camera,training,rsl_rl,newton_mjwarp,ovrtx,8192,42,10,68184.9,12835.039492212974,73573.0,28.2,1.68,28.93,54.48,27.25,NVIDIA RTX PRO 6000 Blackwell Server Edition,94.97,INTEL(R) XEON(R) GOLD 5512U,56,251.36,12.9.7,NVIDIA-Linux-x86_64-595.58.03,f86b4e1ad66e637e7770a727e181ffe150a2077b,157382,2026-08-23T23:06:14.880637,"cube,simple_shading_full_mdl64,single_camera",ISAAC_LAB_SINGLE_GPU_GTL_PRESET_NEWTON_OVRTX_SSFM_E8192_R64,benchmark_rsl_rl_Isaac-Lift-KukaAllegro-Camera_cube_single_camera_simple_shading_full_mdl64_r64_8192,2026-08-23,,dirty working tree reported; resolved camera dimensions not recorded; fixed profile selected by explicit preset,92112.5451657161,14392.121126744343,99417.995197063,WARM entry preset,WARM entry preset
2026-08-24,measured,2026-08-24T06:19:54.34263Z,Isaac-Lift-KukaAllegro-Camera,training,rsl_rl,ovphysx,ovrtx,8192,42,10,23414.2,2326.512974866511,24689.0,33.93,1.52,34.55,45.85,33.13,NVIDIA RTX PRO 6000 Blackwell Server Edition,94.97,INTEL(R) XEON(R) GOLD 5512U,56,251.36,12.9.7,NVIDIA-Linux-x86_64-595.58.03,f86b4e1ad66e637e7770a727e181ffe150a2077b,157402,2026-08-23T23:14:42.298788,"cube,simple_shading_full_mdl64,single_camera",ISAAC_LAB_SINGLE_GPU_GTL_PRESET_OVPHYSX_OVRTX_SSFM_E8192_R64,benchmark_rsl_rl_Isaac-Lift-KukaAllegro-Camera_cube_single_camera_simple_shading_full_mdl64_r64_8192,2026-08-23,,dirty working tree reported; resolved camera dimensions not recorded; fixed profile selected by explicit preset,25849.498611164923,1666.8642196052604,27034.880744267437,WARM entry preset,WARM entry preset
2026-08-24,measured,2026-08-24T09:36:31.892813Z,Isaac-Open-Drawer-Franka,training,rsl_rl,isaacsim_physx,none,8192,42,10,247587.0,17000.741781202112,258617.0,11.54,0.72,11.81,62.43,13.16,NVIDIA RTX PRO 6000 Blackwell Server Edition,94.97,INTEL(R) XEON(R) GOLD 5512U,56,251.36,12.9.7,NVIDIA-Linux-x86_64-595.58.03,f86b4e1ad66e637e7770a727e181ffe150a2077b,158000,2026-08-24T02:31:45.448434,,ISAAC_LAB_SINGLE_GPU_GTL_PRESET_PHYSX_E8192,benchmark_rsl_rl_Isaac-Open-Drawer-Franka_8192,2026-08-23,,dirty working tree reported,262884.674465582,16811.891992082536,276814.43150318845,database,database
2026-08-24,measured,2026-08-24T14:26:17.08676Z,Isaac-Open-Drawer-Franka,training,rsl_rl,newton_mjwarp,none,8192,42,10,360135.8,21962.16539010264,372499.0,7.43,1.34,7.86,73.87,16.27,NVIDIA RTX PRO 6000 Blackwell Server Edition,94.97,INTEL(R) XEON(R) GOLD 5512U,56,251.36,12.9.7,NVIDIA-Linux-x86_64-595.58.03,f86b4e1ad66e637e7770a727e181ffe150a2077b,158726,2026-08-24T07:24:35.171946,,ISAAC_LAB_SINGLE_GPU_GTL_PRESET_NEWTON_MJWARP_E8192,benchmark_rsl_rl_Isaac-Open-Drawer-Franka_8192,2026-08-23,,dirty working tree reported,389526.3720266063,19529.826883600184,401862.89941630897,WARM entry preset,database
2026-08-24,measured,2026-08-24T19:38:08.567134Z,Isaac-Open-Drawer-Franka,training,rsl_rl,ovphysx,none,8192,42,10,257055.5,13749.024904819009,278768.0,8.95,0.67,9.2,59.71,11.43,NVIDIA RTX PRO 6000 Blackwell Server Edition,94.97,INTEL(R) XEON(R) GOLD 5512U,56,251.36,12.9.7,NVIDIA-Linux-x86_64-595.58.03,f86b4e1ad66e637e7770a727e181ffe150a2077b,159492,2026-08-24T12:33:41.490794,,ISAAC_LAB_SINGLE_GPU_GTL_PRESET_OVPHYSX_E8192,benchmark_rsl_rl_Isaac-Open-Drawer-Franka_8192,2026-08-23,,dirty working tree reported,272070.91038034385,13254.428994039918,294955.97823688743,WARM entry preset,database
2026-08-24,measured,2026-08-24T09:36:31.892813Z,Isaac-Open-Drawer-Franka-Direct,training,rsl_rl,isaacsim_physx,none,8192,42,10,250536.9,22367.98264111749,267805.0,11.53,0.72,11.81,61.27,12.68,NVIDIA RTX PRO 6000 Blackwell Server Edition,94.97,INTEL(R) XEON(R) GOLD 5512U,56,251.36,12.9.7,NVIDIA-Linux-x86_64-595.58.03,f86b4e1ad66e637e7770a727e181ffe150a2077b,158000,2026-08-24T02:34:00.219709,,ISAAC_LAB_SINGLE_GPU_GTL_PRESET_PHYSX_E8192,benchmark_rsl_rl_Isaac-Open-Drawer-Franka-Direct_8192,2026-08-23,,dirty working tree reported,265347.9193935138,22705.039905113874,283680.7572418455,database,database
2026-08-24,measured,2026-08-24T14:27:54.407342Z,Isaac-Open-Drawer-Franka-Direct,training,rsl_rl,newton_mjwarp,none,8192,42,10,367567.2,23847.12027245405,376457.0,7.34,1.36,7.79,74.55,16.72,NVIDIA RTX PRO 6000 Blackwell Server Edition,94.97,INTEL(R) XEON(R) GOLD 5512U,56,251.36,12.9.7,NVIDIA-Linux-x86_64-595.58.03,f86b4e1ad66e637e7770a727e181ffe150a2077b,158729,2026-08-24T07:26:52.051671,,ISAAC_LAB_SINGLE_GPU_GTL_PRESET_NEWTON_MJWARP_E8192,benchmark_rsl_rl_Isaac-Open-Drawer-Franka-Direct_8192,2026-08-23,,dirty working tree reported,398216.1823270749,21579.195329165505,406666.63420041936,WARM entry preset,database
2026-08-24,measured,2026-08-24T19:38:08.567134Z,Isaac-Open-Drawer-Franka-Direct,training,rsl_rl,ovphysx,none,8192,42,10,258769.1,18234.447817554308,287403.0,8.85,0.68,9.16,63.93,13.98,NVIDIA RTX PRO 6000 Blackwell Server Edition,94.97,INTEL(R) XEON(R) GOLD 5512U,56,251.36,12.9.7,NVIDIA-Linux-x86_64-595.58.03,f86b4e1ad66e637e7770a727e181ffe150a2077b,159492,2026-08-24T12:35:45.812104,,ISAAC_LAB_SINGLE_GPU_GTL_PRESET_OVPHYSX_E8192,benchmark_rsl_rl_Isaac-Open-Drawer-Franka-Direct_8192,2026-08-23,,dirty working tree reported,273993.3710432657,18337.92139947839,304603.41842296976,WARM entry preset,database
2026-08-24,measured,2026-08-24T09:36:54.729519Z,Isaac-Reach-Franka,training,rsl_rl,isaacsim_physx,none,8192,42,10,224723.9,55405.4995835251,257027.0,8.39,0.11,8.45,31.36,15.07,NVIDIA RTX PRO 6000 Blackwell Server Edition,94.97,INTEL(R) XEON(R) GOLD 5512U,56,251.36,12.9.7,NVIDIA-Linux-x86_64-595.58.03,f86b4e1ad66e637e7770a727e181ffe150a2077b,158002,2026-08-24T02:30:50.486410,,ISAAC_LAB_SINGLE_GPU_GTL_PRESET_PHYSX_E8192,benchmark_rsl_rl_Isaac-Reach-Franka_8192,2026-08-23,,dirty working tree reported; Collection FPS coefficient of variation >25%,268936.17518628936,69175.78433869171,308792.94487226586,database,database
2026-08-24,measured,2026-08-24T14:28:46.363809Z,Isaac-Reach-Franka,training,rsl_rl,newton_mjwarp,none,8192,42,10,475726.6,135871.48706872485,521856.0,2.43,0.43,2.62,42.14,31.99,NVIDIA RTX PRO 6000 Blackwell Server Edition,94.97,INTEL(R) XEON(R) GOLD 5512U,56,251.36,12.9.7,NVIDIA-Linux-x86_64-595.58.03,f86b4e1ad66e637e7770a727e181ffe150a2077b,158733,2026-08-24T07:27:17.705360,,ISAAC_LAB_SINGLE_GPU_GTL_PRESET_NEWTON_MJWARP_E8192,benchmark_rsl_rl_Isaac-Reach-Franka_8192,2026-08-23,,dirty working tree reported; Total FPS coefficient of variation >25%; Collection FPS coefficient of variation >25%,629700.8625288358,185920.32089033382,694776.5160918523,WARM entry preset,database
2026-08-24,measured,2026-08-24T19:46:43.155961Z,Isaac-Reach-Franka,training,rsl_rl,ovphysx,none,8192,42,10,277047.1,70509.37187739261,305811.0,5.24,0.1,5.31,30.3,16.36,NVIDIA RTX PRO 6000 Blackwell Server Edition,94.97,INTEL(R) XEON(R) GOLD 5512U,56,251.36,12.9.7,NVIDIA-Linux-x86_64-595.58.03,f86b4e1ad66e637e7770a727e181ffe150a2077b,159509,2026-08-24T12:42:39.685711,,ISAAC_LAB_SINGLE_GPU_GTL_PRESET_OVPHYSX_E8192,benchmark_rsl_rl_Isaac-Reach-Franka_8192,2026-08-23,,dirty working tree reported; Total FPS coefficient of variation >25%; Collection FPS coefficient of variation >25%,323469.58133423934,84113.30110612843,358200.93739689,WARM entry preset,database
2026-08-24,measured,2026-08-24T09:36:54.729519Z,Isaac-Reach-Franka-OSC,training,rsl_rl,isaacsim_physx,none,8192,42,10,153751.9,33899.39586629827,168201.0,8.44,0.12,8.5,24.5,15.19,NVIDIA RTX PRO 6000 Blackwell Server Edition,94.97,INTEL(R) XEON(R) GOLD 5512U,56,251.36,12.9.7,NVIDIA-Linux-x86_64-595.58.03,f86b4e1ad66e637e7770a727e181ffe150a2077b,158002,2026-08-24T02:33:42.122258,,ISAAC_LAB_SINGLE_GPU_GTL_PRESET_PHYSX_E8192,benchmark_rsl_rl_Isaac-Reach-Franka-OSC_8192,2026-08-23,,dirty working tree reported,172310.7756216513,38718.378884227284,199594.9015661726,database,database
2026-08-24,measured,2026-08-24T14:29:23.807306Z,Isaac-Reach-Franka-OSC,training,rsl_rl,newton_mjwarp,none,8192,42,10,224903.9,54405.18284226237,243170.0,2.5,0.35,2.64,35.18,23.84,NVIDIA RTX PRO 6000 Blackwell Server Edition,94.97,INTEL(R) XEON(R) GOLD 5512U,56,251.36,12.9.7,NVIDIA-Linux-x86_64-595.58.03,f86b4e1ad66e637e7770a727e181ffe150a2077b,158735,2026-08-24T07:28:27.787958,,ISAAC_LAB_SINGLE_GPU_GTL_PRESET_NEWTON_MJWARP_E8192,benchmark_rsl_rl_Isaac-Reach-Franka-OSC_8192,2026-08-23,,dirty working tree reported,254413.12323683072,62549.21727466177,275506.8891719796,WARM entry preset,database
2026-08-24,measured,2026-08-24T19:46:43.155961Z,Isaac-Reach-Franka-OSC,training,rsl_rl,ovphysx,none,8192,42,10,185607.3,42341.35767793837,200959.0,5.3,0.11,5.36,26.31,14.89,NVIDIA RTX PRO 6000 Blackwell Server Edition,94.97,INTEL(R) XEON(R) GOLD 5512U,56,251.36,12.9.7,NVIDIA-Linux-x86_64-595.58.03,f86b4e1ad66e637e7770a727e181ffe150a2077b,159509,2026-08-24T12:44:29.330918,,ISAAC_LAB_SINGLE_GPU_GTL_PRESET_OVPHYSX_E8192,benchmark_rsl_rl_Isaac-Reach-Franka-OSC_8192,2026-08-23,,dirty working tree reported,205342.86397124486,47388.40020749588,222472.8660385559,WARM entry preset,database
2026-08-24,measured,2026-08-24T09:37:21.63487Z,Isaac-Reach-UR10,training,rsl_rl,isaacsim_physx,none,8192,42,10,249189.6,62518.732059013055,279783.0,8.32,0.38,8.52,43.8,22.74,NVIDIA RTX PRO 6000 Blackwell Server Edition,94.97,INTEL(R) XEON(R) GOLD 5512U,56,251.36,12.9.7,NVIDIA-Linux-x86_64-595.58.03,f86b4e1ad66e637e7770a727e181ffe150a2077b,158004,2026-08-24T02:36:02.432226,,ISAAC_LAB_SINGLE_GPU_GTL_PRESET_PHYSX_E8192,benchmark_rsl_rl_Isaac-Reach-UR10_8192,2026-08-23,,dirty working tree reported; Total FPS coefficient of variation >25%; Collection FPS coefficient of variation >25%,293794.5136987309,75755.76380317724,332479.9469215011,database,database
2026-08-24,measured,2026-08-24T14:28:04.694387Z,Isaac-Reach-UR10,training,rsl_rl,newton_mjwarp,none,8192,42,10,530434.4,154177.47247117525,590493.0,2.64,0.66,2.92,34.86,32.65,NVIDIA RTX PRO 6000 Blackwell Server Edition,94.97,INTEL(R) XEON(R) GOLD 5512U,56,251.36,12.9.7,NVIDIA-Linux-x86_64-595.58.03,f86b4e1ad66e637e7770a727e181ffe150a2077b,158732,2026-08-24T07:27:22.820261,,ISAAC_LAB_SINGLE_GPU_GTL_PRESET_NEWTON_MJWARP_E8192,benchmark_rsl_rl_Isaac-Reach-UR10_8192,2026-08-23,,dirty working tree reported; Total FPS coefficient of variation >25%; Collection FPS coefficient of variation >25%,729936.053469144,220452.09326853967,821480.8772252096,WARM entry preset,database
2026-08-24,measured,2026-08-24T19:36:42.461Z,Isaac-Reach-UR10,training,rsl_rl,ovphysx,none,8192,42,10,277067.5,69962.72093249217,303790.0,5.46,0.09,5.51,43.4,23.42,NVIDIA RTX PRO 6000 Blackwell Server Edition,94.97,INTEL(R) XEON(R) GOLD 5512U,56,251.36,12.9.7,NVIDIA-Linux-x86_64-595.58.03,f86b4e1ad66e637e7770a727e181ffe150a2077b,159486,2026-08-24T12:35:33.979078,,ISAAC_LAB_SINGLE_GPU_GTL_PRESET_OVPHYSX_E8192,benchmark_rsl_rl_Isaac-Reach-UR10_8192,2026-08-23,,dirty working tree reported; Total FPS coefficient of variation >25%; Collection FPS coefficient of variation >25%,323459.37153798185,83485.20262022171,355912.55113692273,WARM entry preset,database
2026-08-24,measured,2026-08-24T09:36:21.277952Z,Isaac-Reorient-Cube-Allegro,training,rsl_rl,isaacsim_physx,none,8192,42,10,110252.4,17236.9010117506,118424.0,10.05,0.61,10.31,47.56,17.51,NVIDIA RTX PRO 6000 Blackwell Server Edition,94.97,INTEL(R) XEON(R) GOLD 5512U,56,251.36,12.9.7,NVIDIA-Linux-x86_64-595.58.03,f86b4e1ad66e637e7770a727e181ffe150a2077b,157999,2026-08-24T02:31:39.256775,,ISAAC_LAB_SINGLE_GPU_GTL_PRESET_PHYSX_E8192,benchmark_rsl_rl_Isaac-Reorient-Cube-Allegro_8192,2026-08-23,,dirty working tree reported,116913.48268735447,17869.722972385545,125614.10245219289,database,database
2026-08-24,measured,2026-08-24T14:30:32.617101Z,Isaac-Reorient-Cube-Allegro,training,rsl_rl,newton_mjwarp,none,8192,42,10,161853.1,26262.439695631223,172498.0,8.09,1.82,8.69,76.86,31.41,NVIDIA RTX PRO 6000 Blackwell Server Edition,94.97,INTEL(R) XEON(R) GOLD 5512U,56,251.36,12.9.7,NVIDIA-Linux-x86_64-595.58.03,f86b4e1ad66e637e7770a727e181ffe150a2077b,158737,2026-08-24T07:28:50.408909,,ISAAC_LAB_SINGLE_GPU_GTL_PRESET_NEWTON_MJWARP_E8192,benchmark_rsl_rl_Isaac-Reorient-Cube-Allegro_8192,2026-08-23,,dirty working tree reported,175733.93171284624,27327.297356390794,187126.4535590922,WARM entry preset,database
2026-08-24,measured,2026-08-24T19:42:32.017543Z,Isaac-Reorient-Cube-Allegro,training,rsl_rl,ovphysx,none,8192,42,10,95438.6,11325.81767663794,99722.0,7.51,0.55,7.72,34.71,13.04,NVIDIA RTX PRO 6000 Blackwell Server Edition,94.97,INTEL(R) XEON(R) GOLD 5512U,56,251.36,12.9.7,NVIDIA-Linux-x86_64-595.58.03,f86b4e1ad66e637e7770a727e181ffe150a2077b,159500,2026-08-24T12:37:12.893238,,ISAAC_LAB_SINGLE_GPU_GTL_PRESET_OVPHYSX_E8192,benchmark_rsl_rl_Isaac-Reorient-Cube-Allegro_8192,2026-08-23,,dirty working tree reported,100043.64212631088,11191.768509625319,104393.86003262333,WARM entry preset,database
2026-08-24,measured,2026-08-24T09:36:21.277952Z,Isaac-Reorient-Cube-Allegro-Direct,training,rsl_rl,isaacsim_physx,none,8192,42,10,100678.8,19754.73101028938,109474.0,10.19,0.81,10.6,46.36,20.95,NVIDIA RTX PRO 6000 Blackwell Server Edition,94.97,INTEL(R) XEON(R) GOLD 5512U,56,251.36,12.9.7,NVIDIA-Linux-x86_64-595.58.03,f86b4e1ad66e637e7770a727e181ffe150a2077b,157999,2026-08-24T02:33:46.140496,,ISAAC_LAB_SINGLE_GPU_GTL_PRESET_PHYSX_E8192,benchmark_rsl_rl_Isaac-Reorient-Cube-Allegro-Direct_8192,2026-08-23,,dirty working tree reported,113485.38826892157,23039.27759400053,123662.34943337487,database,database
2026-08-24,measured,2026-08-24T14:30:32.617101Z,Isaac-Reorient-Cube-Allegro-Direct,training,rsl_rl,newton_mjwarp,none,8192,42,10,142041.2,30586.48624910463,153037.0,8.11,2.17,9.05,70.45,34.89,NVIDIA RTX PRO 6000 Blackwell Server Edition,94.97,INTEL(R) XEON(R) GOLD 5512U,56,251.36,12.9.7,NVIDIA-Linux-x86_64-595.58.03,f86b4e1ad66e637e7770a727e181ffe150a2077b,158737,2026-08-24T07:29:21.952884,,ISAAC_LAB_SINGLE_GPU_GTL_PRESET_NEWTON_MJWARP_E8192,benchmark_rsl_rl_Isaac-Reorient-Cube-Allegro-Direct_8192,2026-08-23,,dirty working tree reported,164762.61930990126,36727.2872024148,178160.75678972458,WARM entry preset,database
2026-08-24,measured,2026-08-24T19:42:32.017543Z,Isaac-Reorient-Cube-Allegro-Direct,training,rsl_rl,ovphysx,none,8192,42,10,87311.9,14739.197916138826,92827.0,7.67,0.75,8.01,38.56,18.23,NVIDIA RTX PRO 6000 Blackwell Server Edition,94.97,INTEL(R) XEON(R) GOLD 5512U,56,251.36,12.9.7,NVIDIA-Linux-x86_64-595.58.03,f86b4e1ad66e637e7770a727e181ffe150a2077b,159500,2026-08-24T12:38:51.465629,,ISAAC_LAB_SINGLE_GPU_GTL_PRESET_OVPHYSX_E8192,benchmark_rsl_rl_Isaac-Reorient-Cube-Allegro-Direct_8192,2026-08-23,,dirty working tree reported,95289.91562502811,16305.33359724284,101463.17933941755,WARM entry preset,database
2026-08-24,measured,2026-08-24T09:50:34.242725Z,Isaac-Reorient-Cube-Shadow,training,rsl_rl,isaacsim_physx,none,8192,42,10,158861.1,34726.55723554141,177429.0,11.0,0.56,11.26,41.7,21.83,NVIDIA RTX PRO 6000 Blackwell Server Edition,94.97,INTEL(R) XEON(R) GOLD 5512U,56,251.36,12.9.7,NVIDIA-Linux-x86_64-595.58.03,f86b4e1ad66e637e7770a727e181ffe150a2077b,158028,2026-08-24T02:40:00.955655,,ISAAC_LAB_SINGLE_GPU_GTL_PRESET_PHYSX_E8192,benchmark_rsl_rl_Isaac-Reorient-Cube-Shadow_8192,2026-08-23,,dirty working tree reported,184468.64491573788,41184.00314292542,206239.30179421607,database,database
2026-08-24,measured,2026-08-24T14:40:45.814576Z,Isaac-Reorient-Cube-Shadow,training,rsl_rl,newton_mjwarp,none,8192,42,10,259401.1,60617.89620685004,279851.0,8.64,2.67,9.82,56.71,38.54,NVIDIA RTX PRO 6000 Blackwell Server Edition,94.97,INTEL(R) XEON(R) GOLD 5512U,56,251.36,12.9.7,NVIDIA-Linux-x86_64-595.58.03,f86b4e1ad66e637e7770a727e181ffe150a2077b,158754,2026-08-24T07:35:35.799267,,ISAAC_LAB_SINGLE_GPU_GTL_PRESET_NEWTON_MJWARP_E8192,benchmark_rsl_rl_Isaac-Reorient-Cube-Shadow_8192,2026-08-23,,dirty working tree reported,322747.4889170477,77236.60072293802,350410.2346675233,WARM entry preset,database
2026-08-24,measured,2026-08-24T19:54:58.272795Z,Isaac-Reorient-Cube-Shadow,training,rsl_rl,ovphysx,none,8192,42,10,103764.6,17376.55129573568,111780.0,7.98,0.56,8.26,21.86,9.73,NVIDIA RTX PRO 6000 Blackwell Server Edition,94.97,INTEL(R) XEON(R) GOLD 5512U,56,251.36,12.9.7,NVIDIA-Linux-x86_64-595.58.03,f86b4e1ad66e637e7770a727e181ffe150a2077b,159525,2026-08-24T12:44:49.346445,,ISAAC_LAB_SINGLE_GPU_GTL_PRESET_OVPHYSX_E8192,benchmark_rsl_rl_Isaac-Reorient-Cube-Shadow_8192,2026-08-23,,dirty working tree reported,112738.33181274027,18441.750407102427,121553.54598467391,WARM entry preset,database
2026-08-24,measured,2026-08-24T06:25:56.52769Z,Isaac-Reorient-Cube-Shadow-Camera,training,rsl_rl,isaacsim_physx,isaacsim_rtx,8192,42,10,30108.6,2977.2727341198242,31373.0,33.72,2.21,34.39,59.84,27.19,NVIDIA RTX PRO 6000 Blackwell Server Edition,94.97,INTEL(R) XEON(R) GOLD 5512U,56,251.36,12.9.7,NVIDIA-Linux-x86_64-595.58.03,f86b4e1ad66e637e7770a727e181ffe150a2077b,157418,2026-08-23T23:20:03.901892,simple_shading_full_mdl,ISAAC_LAB_SINGLE_GPU_GTL_PRESET_PHYSX_ISAACSIMRTX_SSFM_E8192_R64,benchmark_rsl_rl_Isaac-Reorient-Cube-Shadow-Camera_r64_8192,2026-08-23,,dirty working tree reported; resolved camera dimensions not recorded; fixed profile selected by explicit preset,31173.50199659429,3149.002463386029,32529.529452418574,database,database
2026-08-24,measured,2026-08-24T05:37:59.796712Z,Isaac-Reorient-Cube-Shadow-Camera,training,rsl_rl,newton_mjwarp,newton_renderer,8192,42,10,53451.2,1295.4558013816347,54125.0,26.66,1.91,26.86,95.04,10.06,NVIDIA RTX PRO 6000 Blackwell Server Edition,94.97,INTEL(R) XEON(R) GOLD 5512U,56,251.36,12.9.7,NVIDIA-Linux-x86_64-595.58.03,f86b4e1ad66e637e7770a727e181ffe150a2077b,157329,2026-08-23T22:35:24.517382,rgb,ISAAC_LAB_SINGLE_GPU_GTL_PRESET_NEWTON_WARP_RGB_E8192_R64,benchmark_rsl_rl_Isaac-Reorient-Cube-Shadow-Camera_r64_8192,2026-08-23,,dirty working tree reported; resolved camera dimensions not recorded; fixed profile selected by explicit preset,56559.41561648089,1308.6839993633598,57267.90689269134,WARM entry preset,WARM entry preset
2026-08-24,measured,2026-08-24T06:17:23.370783Z,Isaac-Reorient-Cube-Shadow-Camera,training,rsl_rl,newton_mjwarp,ovrtx,8192,42,10,42380.1,1849.0255962413164,43198.0,34.42,2.13,34.7,72.67,20.84,NVIDIA RTX PRO 6000 Blackwell Server Edition,94.97,INTEL(R) XEON(R) GOLD 5512U,56,251.36,12.9.7,NVIDIA-Linux-x86_64-595.58.03,f86b4e1ad66e637e7770a727e181ffe150a2077b,157393,2026-08-23T23:13:38.027585,simple_shading_full_mdl,ISAAC_LAB_SINGLE_GPU_GTL_PRESET_NEWTON_OVRTX_SSFM_E8192_R64,benchmark_rsl_rl_Isaac-Reorient-Cube-Shadow-Camera_r64_8192,2026-08-23,,dirty working tree reported; resolved camera dimensions not recorded; fixed profile selected by explicit preset,44340.65278166415,1938.4706335961462,45205.81390268621,WARM entry preset,WARM entry preset
2026-08-24,measured,2026-08-24T06:32:02.761996Z,Isaac-Reorient-Cube-Shadow-Camera,training,rsl_rl,ovphysx,ovrtx,8192,42,10,35580.0,1454.3750089528721,36547.0,33.0,1.65,33.21,61.58,28.56,NVIDIA RTX PRO 6000 Blackwell Server Edition,94.97,INTEL(R) XEON(R) GOLD 5512U,56,251.36,12.9.7,NVIDIA-Linux-x86_64-595.58.03,f86b4e1ad66e637e7770a727e181ffe150a2077b,157426,2026-08-23T23:26:39.434934,simple_shading_full_mdl,ISAAC_LAB_SINGLE_GPU_GTL_PRESET_OVPHYSX_OVRTX_SSFM_E8192_R64,benchmark_rsl_rl_Isaac-Reorient-Cube-Shadow-Camera_r64_8192,2026-08-23,,dirty working tree reported; resolved camera dimensions not recorded; fixed profile selected by explicit preset,36946.426083146456,1510.6510338161534,37970.78886737944,WARM entry preset,WARM entry preset
2026-08-24,measured,2026-08-24T06:25:56.52769Z,Isaac-Reorient-Cube-Shadow-Camera-Direct,training,rsl_rl,isaacsim_physx,isaacsim_rtx,8192,42,10,39708.4,5269.940927351821,42163.0,19.07,1.58,19.77,39.93,20.13,NVIDIA RTX PRO 6000 Blackwell Server Edition,94.97,INTEL(R) XEON(R) GOLD 5512U,56,251.36,12.9.7,NVIDIA-Linux-x86_64-595.58.03,f86b4e1ad66e637e7770a727e181ffe150a2077b,157418,2026-08-23T23:15:05.946032,"env.tiled_camera.height=64,env.tiled_camera.width=64,simple_shading_full_mdl",ISAAC_LAB_SINGLE_GPU_GTL_PRESET_PHYSX_ISAACSIMRTX_SSFM_E8192_R64,benchmark_rsl_rl_Isaac-Reorient-Cube-Shadow-Camera-Direct_r64_8192,2026-08-23,,dirty working tree reported; resolved camera dimensions not recorded; fixed profile selected by explicit preset,41548.35029175403,5671.057399238886,44121.009940946285,database,database
2026-08-24,measured,2026-08-24T11:30:17.200246Z,Isaac-Reorient-Cube-Shadow-Camera-Direct,training,rsl_rl,newton_mjwarp,newton_renderer,8192,42,10,119100.9,8161.850558815962,122423.0,16.1,2.05,16.68,88.25,14.23,NVIDIA RTX PRO 6000 Blackwell Server Edition,94.97,INTEL(R) XEON(R) GOLD 5512U,56,251.36,12.9.7,NVIDIA-Linux-x86_64-595.58.03,f86b4e1ad66e637e7770a727e181ffe150a2077b,158323,2026-08-24T04:28:37.127986,"env.tiled_camera.height=64,env.tiled_camera.width=64,rgb",ISAAC_LAB_SINGLE_GPU_GTL_PRESET_NEWTON_WARP_RGB_E8192_R64,benchmark_rsl_rl_Isaac-Reorient-Cube-Shadow-Camera-Direct_r64_8192,2026-08-23,,dirty working tree reported; resolved camera dimensions not recorded; fixed profile selected by explicit preset,135558.00278159062,10123.94393252472,139718.46902657286,WARM entry preset,WARM entry preset
2026-08-24,measured,2026-08-24T06:17:23.370783Z,Isaac-Reorient-Cube-Shadow-Camera-Direct,training,rsl_rl,newton_mjwarp,ovrtx,8192,42,10,71907.4,6119.872496856268,74655.0,20.82,1.91,21.42,54.91,16.72,NVIDIA RTX PRO 6000 Blackwell Server Edition,94.97,INTEL(R) XEON(R) GOLD 5512U,56,251.36,12.9.7,NVIDIA-Linux-x86_64-595.58.03,f86b4e1ad66e637e7770a727e181ffe150a2077b,157393,2026-08-23T23:11:04.428815,"env.tiled_camera.height=64,env.tiled_camera.width=64,simple_shading_full_mdl",ISAAC_LAB_SINGLE_GPU_GTL_PRESET_NEWTON_OVRTX_SSFM_E8192_R64,benchmark_rsl_rl_Isaac-Reorient-Cube-Shadow-Camera-Direct_r64_8192,2026-08-23,,dirty working tree reported; resolved camera dimensions not recorded; fixed profile selected by explicit preset,77705.52421366854,6960.235770282232,80832.79674078553,WARM entry preset,WARM entry preset
2026-08-24,measured,2026-08-24T06:32:02.761996Z,Isaac-Reorient-Cube-Shadow-Camera-Direct,training,rsl_rl,ovphysx,ovrtx,8192,42,10,53754.5,3535.827523759859,55882.0,19.45,1.39,19.94,41.37,18.11,NVIDIA RTX PRO 6000 Blackwell Server Edition,94.97,INTEL(R) XEON(R) GOLD 5512U,56,251.36,12.9.7,NVIDIA-Linux-x86_64-595.58.03,f86b4e1ad66e637e7770a727e181ffe150a2077b,157426,2026-08-23T23:22:28.014412,"env.tiled_camera.height=64,env.tiled_camera.width=64,simple_shading_full_mdl",ISAAC_LAB_SINGLE_GPU_GTL_PRESET_OVPHYSX_OVRTX_SSFM_E8192_R64,benchmark_rsl_rl_Isaac-Reorient-Cube-Shadow-Camera-Direct_r64_8192,2026-08-23,,dirty working tree reported; resolved camera dimensions not recorded; fixed profile selected by explicit preset,56913.242720271475,3883.5365074176384,59287.214413407884,WARM entry preset,WARM entry preset
2026-08-24,measured,2026-08-24T09:50:34.242725Z,Isaac-Reorient-Cube-Shadow-Direct,training,rsl_rl,isaacsim_physx,none,8192,42,10,156401.8,37760.91386252898,177493.0,10.89,0.64,11.29,40.3,22.03,NVIDIA RTX PRO 6000 Blackwell Server Edition,94.97,INTEL(R) XEON(R) GOLD 5512U,56,251.36,12.9.7,NVIDIA-Linux-x86_64-595.58.03,f86b4e1ad66e637e7770a727e181ffe150a2077b,158028,2026-08-24T02:41:49.901964,,ISAAC_LAB_SINGLE_GPU_GTL_PRESET_PHYSX_E8192,benchmark_rsl_rl_Isaac-Reorient-Cube-Shadow-Direct_8192,2026-08-23,,dirty working tree reported,181501.7574657922,45277.378671670456,206382.4583665569,database,database
2026-08-24,measured,2026-08-24T14:40:45.814576Z,Isaac-Reorient-Cube-Shadow-Direct,training,rsl_rl,newton_mjwarp,none,8192,42,10,254984.7,65352.15545888461,277328.0,8.63,2.67,9.82,52.43,37.53,NVIDIA RTX PRO 6000 Blackwell Server Edition,94.97,INTEL(R) XEON(R) GOLD 5512U,56,251.36,12.9.7,NVIDIA-Linux-x86_64-595.58.03,f86b4e1ad66e637e7770a727e181ffe150a2077b,158754,2026-08-24T07:36:13.220189,,ISAAC_LAB_SINGLE_GPU_GTL_PRESET_NEWTON_MJWARP_E8192,benchmark_rsl_rl_Isaac-Reorient-Cube-Shadow-Direct_8192,2026-08-23,,dirty working tree reported; Total FPS coefficient of variation >25%; Collection FPS coefficient of variation >25%,317186.3919609542,84636.34915129516,346577.95408513217,WARM entry preset,database
2026-08-24,measured,2026-08-24T19:54:58.272795Z,Isaac-Reorient-Cube-Shadow-Direct,training,rsl_rl,ovphysx,none,8192,42,10,101787.1,20253.495706228645,115547.0,7.97,0.56,8.25,26.0,17.03,NVIDIA RTX PRO 6000 Blackwell Server Edition,94.97,INTEL(R) XEON(R) GOLD 5512U,56,251.36,12.9.7,NVIDIA-Linux-x86_64-595.58.03,f86b4e1ad66e637e7770a727e181ffe150a2077b,159525,2026-08-24T12:46:53.115981,,ISAAC_LAB_SINGLE_GPU_GTL_PRESET_OVPHYSX_E8192,benchmark_rsl_rl_Isaac-Reorient-Cube-Shadow-Direct_8192,2026-08-23,,dirty working tree reported,110216.24395389057,22386.37243914903,125982.33994637185,WARM entry preset,database
2026-08-24,measured,2026-08-24T09:49:53.581303Z,Isaac-Reorient-KukaAllegro,training,rsl_rl,isaacsim_physx,none,8192,42,10,54888.2,3258.725033574395,60753.0,16.47,0.99,16.9,75.45,15.05,NVIDIA RTX PRO 6000 Blackwell Server Edition,94.97,INTEL(R) XEON(R) GOLD 5512U,56,251.36,12.9.7,NVIDIA-Linux-x86_64-595.58.03,f86b4e1ad66e637e7770a727e181ffe150a2077b,158027,2026-08-24T02:38:21.856184,,ISAAC_LAB_SINGLE_GPU_GTL_PRESET_PHYSX_E8192,benchmark_rsl_rl_Isaac-Reorient-KukaAllegro_8192,2026-08-23,,dirty working tree reported,58399.155505754585,3595.497873982664,64743.87123012997,database,database
2026-08-24,measured,2026-08-24T14:32:59.491909Z,Isaac-Reorient-KukaAllegro,training,rsl_rl,newton_mjwarp,none,8192,42,10,195932.2,29254.043791889315,208143.0,8.3,1.06,8.7,70.47,21.41,NVIDIA RTX PRO 6000 Blackwell Server Edition,94.97,INTEL(R) XEON(R) GOLD 5512U,56,251.36,12.9.7,NVIDIA-Linux-x86_64-595.58.03,f86b4e1ad66e637e7770a727e181ffe150a2077b,158739,2026-08-24T07:30:43.880452,,ISAAC_LAB_SINGLE_GPU_GTL_PRESET_NEWTON_MJWARP_E8192,benchmark_rsl_rl_Isaac-Reorient-KukaAllegro_8192,2026-08-23,,dirty working tree reported,242582.80246429826,39416.3023435206,259901.84294956044,WARM entry preset,database
2026-08-24,measured,2026-08-24T19:52:13.957134Z,Isaac-Reorient-KukaAllegro,training,rsl_rl,ovphysx,none,8192,42,10,33501.0,1130.5064745010923,34265.0,13.82,0.89,14.12,52.48,26.89,NVIDIA RTX PRO 6000 Blackwell Server Edition,94.97,INTEL(R) XEON(R) GOLD 5512U,56,251.36,12.9.7,NVIDIA-Linux-x86_64-595.58.03,f86b4e1ad66e637e7770a727e181ffe150a2077b,159522,2026-08-24T12:44:30.497031,,ISAAC_LAB_SINGLE_GPU_GTL_PRESET_OVPHYSX_E8192,benchmark_rsl_rl_Isaac-Reorient-KukaAllegro_8192,2026-08-23,,dirty working tree reported,34638.47016287258,1128.3151962765257,35421.29920845912,WARM entry preset,database
2026-08-24,measured,2026-08-24T21:47:34.800338Z,Isaac-Reorient-KukaAllegro-Camera,training,rsl_rl,isaacsim_physx,isaacsim_rtx,8192,42,10,12665.8,2313.9627289805494,13739.0,32.15,1.93,39.29,16.36,26.03,NVIDIA RTX PRO 6000 Blackwell Server Edition,94.97,INTEL(R) XEON(R) GOLD 5512U,56,251.36,12.9.7,NVIDIA-Linux-x86_64-595.58.03,c4a275975788ff0c64b39de66ce799070b75fb1c,159745,2026-08-24T14:38:45.193471,"cube,simple_shading_full_mdl64,single_camera",ISAAC_LAB_SINGLE_GPU_GTL_PRESET_PHYSX_ISAACSIMRTX_SSFM_E8192_R64,benchmark_rsl_rl_Isaac-Reorient-KukaAllegro-Camera_cube_single_camera_simple_shading_full_mdl64_r64_8192,2026-08-23,,dirty working tree reported; resolved camera dimensions not recorded; fixed profile selected by explicit preset,13332.572549259507,2367.4168718548412,14497.315009307718,database,database
2026-08-24,measured,2026-08-24T20:48:48.506758Z,Isaac-Reorient-KukaAllegro-Camera,training,rsl_rl,newton_mjwarp,newton_renderer,8192,42,10,102019.6,23012.051442668035,110469.0,22.95,2.03,27.67,75.55,30.99,NVIDIA RTX PRO 6000 Blackwell Server Edition,94.97,INTEL(R) XEON(R) GOLD 5512U,56,251.36,12.9.7,NVIDIA-Linux-x86_64-595.58.03,c4a275975788ff0c64b39de66ce799070b75fb1c,159624,2026-08-24T13:47:28.973571,"cube,rgb64,single_camera",ISAAC_LAB_SINGLE_GPU_GTL_PRESET_NEWTON_WARP_RGB_E8192_R64,benchmark_rsl_rl_Isaac-Reorient-KukaAllegro-Camera_cube_single_camera_rgb64_r64_8192,2026-08-23,,dirty working tree reported; resolved camera dimensions not recorded; fixed profile selected by explicit preset,165915.47741339123,35734.27032630192,178536.02781203043,WARM entry preset,WARM entry preset
2026-08-24,measured,2026-08-24T21:34:15.504031Z,Isaac-Reorient-KukaAllegro-Camera,training,rsl_rl,newton_mjwarp,ovrtx,8192,42,10,68873.7,13327.641168722326,74004.0,28.11,1.71,28.91,53.7,28.57,NVIDIA RTX PRO 6000 Blackwell Server Edition,94.97,INTEL(R) XEON(R) GOLD 5512U,56,251.36,12.9.7,NVIDIA-Linux-x86_64-595.58.03,c4a275975788ff0c64b39de66ce799070b75fb1c,159714,2026-08-24T14:32:00.039587,"cube,simple_shading_full_mdl64,single_camera",ISAAC_LAB_SINGLE_GPU_GTL_PRESET_NEWTON_OVRTX_SSFM_E8192_R64,benchmark_rsl_rl_Isaac-Reorient-KukaAllegro-Camera_cube_single_camera_simple_shading_full_mdl64_r64_8192,2026-08-23,,dirty working tree reported; resolved camera dimensions not recorded; fixed profile selected by explicit preset,93298.77395234004,15508.456345269353,98974.49534577245,WARM entry preset,WARM entry preset
2026-08-24,measured,2026-08-24T21:39:36.202527Z,Isaac-Reorient-KukaAllegro-Camera,training,rsl_rl,ovphysx,ovrtx,8192,42,10,23467.7,2391.150631901814,24612.0,33.93,1.51,34.54,48.58,33.64,NVIDIA RTX PRO 6000 Blackwell Server Edition,94.97,INTEL(R) XEON(R) GOLD 5512U,56,251.36,12.9.7,NVIDIA-Linux-x86_64-595.58.03,c4a275975788ff0c64b39de66ce799070b75fb1c,159727,2026-08-24T14:34:23.876176,"cube,simple_shading_full_mdl64,single_camera",ISAAC_LAB_SINGLE_GPU_GTL_PRESET_OVPHYSX_OVRTX_SSFM_E8192_R64,benchmark_rsl_rl_Isaac-Reorient-KukaAllegro-Camera_cube_single_camera_simple_shading_full_mdl64_r64_8192,2026-08-23,,dirty working tree reported; resolved camera dimensions not recorded; fixed profile selected by explicit preset,25854.300604297947,1770.8688998022071,26871.20141950783,WARM entry preset,WARM entry preset
2026-08-24,measured,2026-08-24T09:36:34.802748Z,Isaac-Shadow-Handover-Direct,training,rsl_rl,isaacsim_physx,none,8192,42,10,111759.7,22897.48048269843,122056.0,14.05,0.69,14.4,38.0,17.18,NVIDIA RTX PRO 6000 Blackwell Server Edition,94.97,INTEL(R) XEON(R) GOLD 5512U,56,251.36,12.9.7,NVIDIA-Linux-x86_64-595.58.03,f86b4e1ad66e637e7770a727e181ffe150a2077b,158001,2026-08-24T02:32:21.936765,,ISAAC_LAB_SINGLE_GPU_GTL_PRESET_PHYSX_E8192,benchmark_rsl_rl_Isaac-Shadow-Handover-Direct_8192,2026-08-23,,dirty working tree reported,128373.63113778291,27688.970686243578,142209.44024990313,database,database
2026-08-24,measured,2026-08-24T19:21:11.775515Z,Isaac-Shadow-Handover-Direct,training,rsl_rl,newton_mjwarp,none,8192,42,10,112180.6,18359.69379555843,120338.0,13.22,2.66,14.05,77.85,34.6,NVIDIA RTX PRO 6000 Blackwell Server Edition,94.97,INTEL(R) XEON(R) GOLD 5512U,56,251.36,12.9.7,NVIDIA-Linux-x86_64-595.58.03,f86b4e1ad66e637e7770a727e181ffe150a2077b,159457,2026-08-24T12:18:13.270799,,ISAAC_LAB_SINGLE_GPU_GTL_PRESET_NEWTON_MJWARP_E8192,benchmark_rsl_rl_Isaac-Shadow-Handover-Direct_8192,2026-08-23,,dirty working tree reported,123384.29260118006,20240.29538069412,132571.10809657874,WARM entry preset,database
2026-08-24,measured,2026-08-24T19:55:25.929362Z,Isaac-Shadow-Handover-Direct,training,rsl_rl,ovphysx,none,8192,42,10,62669.3,7800.664758709849,66473.0,12.21,0.55,12.43,21.38,14.25,NVIDIA RTX PRO 6000 Blackwell Server Edition,94.97,INTEL(R) XEON(R) GOLD 5512U,56,251.36,12.9.7,NVIDIA-Linux-x86_64-595.58.03,f86b4e1ad66e637e7770a727e181ffe150a2077b,159527,2026-08-24T12:46:28.297676,,ISAAC_LAB_SINGLE_GPU_GTL_PRESET_OVPHYSX_E8192,benchmark_rsl_rl_Isaac-Shadow-Handover-Direct_8192,2026-08-23,,dirty working tree reported,66034.37657150644,8110.5132450175415,70047.12364999055,WARM entry preset,database
2026-08-24,measured,2026-08-24T09:39:27.412605Z,Isaac-Velocity-Flat-AnymalD,training,rsl_rl,isaacsim_physx,none,8192,42,10,158302.7,31765.390054970903,172815.0,10.01,0.41,10.18,29.5,12.0,NVIDIA RTX PRO 6000 Blackwell Server Edition,94.97,INTEL(R) XEON(R) GOLD 5512U,56,251.36,12.9.7,NVIDIA-Linux-x86_64-595.58.03,f86b4e1ad66e637e7770a727e181ffe150a2077b,158007,2026-08-24T02:37:12.961337,,ISAAC_LAB_SINGLE_GPU_GTL_PRESET_PHYSX_E8192,benchmark_rsl_rl_Isaac-Velocity-Flat-AnymalD_8192,2026-08-23,,dirty working tree reported,170659.35043216,34325.63759259872,186650.76544553408,database,database
2026-08-24,measured,2026-08-24T14:35:58.066492Z,Isaac-Velocity-Flat-AnymalD,training,rsl_rl,newton_mjwarp,none,8192,42,10,228578.1,47721.3801757428,249122.0,2.75,0.2,2.85,67.91,29.85,NVIDIA RTX PRO 6000 Blackwell Server Edition,94.97,INTEL(R) XEON(R) GOLD 5512U,56,251.36,12.9.7,NVIDIA-Linux-x86_64-595.58.03,f86b4e1ad66e637e7770a727e181ffe150a2077b,158742,2026-08-24T07:35:09.156999,,ISAAC_LAB_SINGLE_GPU_GTL_PRESET_NEWTON_MJWARP_E8192,benchmark_rsl_rl_Isaac-Velocity-Flat-AnymalD_8192,2026-08-23,,dirty working tree reported,247964.03993645846,51309.628261708494,270437.059982035,WARM entry preset,database
2026-08-24,measured,2026-08-24T19:47:34.707811Z,Isaac-Velocity-Flat-AnymalD,training,rsl_rl,ovphysx,none,8192,42,10,197046.1,40645.38346738915,216013.0,6.97,0.44,7.17,32.75,13.28,NVIDIA RTX PRO 6000 Blackwell Server Edition,94.97,INTEL(R) XEON(R) GOLD 5512U,56,251.36,12.9.7,NVIDIA-Linux-x86_64-595.58.03,f86b4e1ad66e637e7770a727e181ffe150a2077b,159511,2026-08-24T12:45:51.383494,,ISAAC_LAB_SINGLE_GPU_GTL_PRESET_OVPHYSX_E8192,benchmark_rsl_rl_Isaac-Velocity-Flat-AnymalD_8192,2026-08-23,,dirty working tree reported,211125.21386800546,43086.69389387163,231556.86019715504,WARM entry preset,database
2026-08-24,measured,2026-08-24T09:39:29.560403Z,Isaac-Velocity-Flat-Cassie,training,rsl_rl,isaacsim_physx,none,8192,42,10,231044.9,52789.70255109734,261277.0,9.13,0.42,9.31,29.9,15.34,NVIDIA RTX PRO 6000 Blackwell Server Edition,94.97,INTEL(R) XEON(R) GOLD 5512U,56,251.36,12.9.7,NVIDIA-Linux-x86_64-595.58.03,f86b4e1ad66e637e7770a727e181ffe150a2077b,158008,2026-08-24T02:37:55.747587,,ISAAC_LAB_SINGLE_GPU_GTL_PRESET_PHYSX_E8192,benchmark_rsl_rl_Isaac-Velocity-Flat-Cassie_8192,2026-08-23,,dirty working tree reported,257369.86527254395,58471.07198672224,292720.4892172443,database,database
2026-08-24,measured,2026-08-24T14:36:55.525524Z,Isaac-Velocity-Flat-Cassie,training,rsl_rl,newton_mjwarp,none,8192,42,10,429798.0,113757.11774946949,467371.0,1.82,0.24,1.96,49.14,33.83,NVIDIA RTX PRO 6000 Blackwell Server Edition,94.97,INTEL(R) XEON(R) GOLD 5512U,56,251.36,12.9.7,NVIDIA-Linux-x86_64-595.58.03,f86b4e1ad66e637e7770a727e181ffe150a2077b,158744,2026-08-24T07:36:12.440320,,ISAAC_LAB_SINGLE_GPU_GTL_PRESET_NEWTON_MJWARP_E8192,benchmark_rsl_rl_Isaac-Velocity-Flat-Cassie_8192,2026-08-23,,dirty working tree reported; Total FPS coefficient of variation >25%; Collection FPS coefficient of variation >25%,503745.3834582702,135083.0439010541,548275.4701186796,WARM entry preset,database
2026-08-24,measured,2026-08-24T19:47:45.660101Z,Isaac-Velocity-Flat-Cassie,training,rsl_rl,ovphysx,none,8192,42,10,313171.6,76362.10139009476,341678.0,6.04,0.42,6.22,33.56,19.1,NVIDIA RTX PRO 6000 Blackwell Server Edition,94.97,INTEL(R) XEON(R) GOLD 5512U,56,251.36,12.9.7,NVIDIA-Linux-x86_64-595.58.03,f86b4e1ad66e637e7770a727e181ffe150a2077b,159512,2026-08-24T12:46:25.584611,,ISAAC_LAB_SINGLE_GPU_GTL_PRESET_OVPHYSX_E8192,benchmark_rsl_rl_Isaac-Velocity-Flat-Cassie_8192,2026-08-23,,dirty working tree reported,350591.3120660416,85769.99396941658,383405.7652793457,WARM entry preset,database
2026-08-24,measured,2026-08-24T09:49:34.456509Z,Isaac-Velocity-Flat-G1,training,rsl_rl,isaacsim_physx,none,8192,42,10,138861.1,28733.575851451402,149692.0,11.33,0.35,11.51,49.8,24.41,NVIDIA RTX PRO 6000 Blackwell Server Edition,94.97,INTEL(R) XEON(R) GOLD 5512U,56,251.36,12.9.7,NVIDIA-Linux-x86_64-595.58.03,f86b4e1ad66e637e7770a727e181ffe150a2077b,158026,2026-08-24T02:45:19.898077,,ISAAC_LAB_SINGLE_GPU_GTL_PRESET_PHYSX_E8192,benchmark_rsl_rl_Isaac-Velocity-Flat-G1_8192,2026-08-23,,dirty working tree reported,148153.8868780712,30199.520952664257,159775.33182774266,database,database
2026-08-24,measured,2026-08-24T14:37:46.001083Z,Isaac-Velocity-Flat-G1,training,rsl_rl,newton_mjwarp,none,8192,42,10,246791.9,57609.73420149295,265562.0,4.17,0.47,4.45,64.1,34.03,NVIDIA RTX PRO 6000 Blackwell Server Edition,94.97,INTEL(R) XEON(R) GOLD 5512U,56,251.36,12.9.7,NVIDIA-Linux-x86_64-595.58.03,f86b4e1ad66e637e7770a727e181ffe150a2077b,158748,2026-08-24T07:36:54.276947,,ISAAC_LAB_SINGLE_GPU_GTL_PRESET_NEWTON_MJWARP_E8192,benchmark_rsl_rl_Isaac-Velocity-Flat-G1_8192,2026-08-23,,dirty working tree reported,270845.0161846689,63222.23960397966,291238.9335962829,WARM entry preset,database
2026-08-24,measured,2026-08-24T19:49:30.903703Z,Isaac-Velocity-Flat-G1,training,rsl_rl,ovphysx,none,8192,42,10,175934.9,36299.048657414336,188957.0,9.32,0.37,9.52,58.15,25.91,NVIDIA RTX PRO 6000 Blackwell Server Edition,94.97,INTEL(R) XEON(R) GOLD 5512U,56,251.36,12.9.7,NVIDIA-Linux-x86_64-595.58.03,f86b4e1ad66e637e7770a727e181ffe150a2077b,159517,2026-08-24T12:46:14.708311,,ISAAC_LAB_SINGLE_GPU_GTL_PRESET_OVPHYSX_E8192,benchmark_rsl_rl_Isaac-Velocity-Flat-G1_8192,2026-08-23,,dirty working tree reported,187419.3139415475,38161.18985694589,200907.6583306148,WARM entry preset,database
2026-08-24,measured,2026-08-24T09:48:37.914191Z,Isaac-Velocity-Flat-H1,training,rsl_rl,isaacsim_physx,none,8192,42,10,214286.9,49390.58647702459,238852.0,9.28,0.27,9.44,33.18,15.45,NVIDIA RTX PRO 6000 Blackwell Server Edition,94.97,INTEL(R) XEON(R) GOLD 5512U,56,251.36,12.9.7,NVIDIA-Linux-x86_64-595.58.03,f86b4e1ad66e637e7770a727e181ffe150a2077b,158024,2026-08-24T02:46:19.031474,,ISAAC_LAB_SINGLE_GPU_GTL_PRESET_PHYSX_E8192,benchmark_rsl_rl_Isaac-Velocity-Flat-H1_8192,2026-08-23,,dirty working tree reported,236504.3500847478,54819.71135772371,264800.39819008013,database,database
2026-08-24,measured,2026-08-24T14:37:12.590386Z,Isaac-Velocity-Flat-H1,training,rsl_rl,newton_mjwarp,none,8192,42,10,365208.7,95595.46030138321,398548.0,2.29,0.26,2.43,55.12,34.04,NVIDIA RTX PRO 6000 Blackwell Server Edition,94.97,INTEL(R) XEON(R) GOLD 5512U,56,251.36,12.9.7,NVIDIA-Linux-x86_64-595.58.03,f86b4e1ad66e637e7770a727e181ffe150a2077b,158746,2026-08-24T07:36:27.317488,,ISAAC_LAB_SINGLE_GPU_GTL_PRESET_NEWTON_MJWARP_E8192,benchmark_rsl_rl_Isaac-Velocity-Flat-H1_8192,2026-08-23,,dirty working tree reported; Total FPS coefficient of variation >25%; Collection FPS coefficient of variation >25%,416070.76727213996,109770.82092566676,455667.4685364146,WARM entry preset,database
2026-08-24,measured,2026-08-24T19:48:11.993729Z,Isaac-Velocity-Flat-H1,training,rsl_rl,ovphysx,none,8192,42,10,283962.7,69485.18167534396,307774.0,6.18,0.25,6.32,34.89,19.57,NVIDIA RTX PRO 6000 Blackwell Server Edition,94.97,INTEL(R) XEON(R) GOLD 5512U,56,251.36,12.9.7,NVIDIA-Linux-x86_64-595.58.03,f86b4e1ad66e637e7770a727e181ffe150a2077b,159513,2026-08-24T12:46:27.934479,,ISAAC_LAB_SINGLE_GPU_GTL_PRESET_OVPHYSX_E8192,benchmark_rsl_rl_Isaac-Velocity-Flat-H1_8192,2026-08-23,,dirty working tree reported,315025.69947177015,76839.89138078786,340985.15325179684,WARM entry preset,database
2026-08-24,measured,2026-08-24T09:44:30.198302Z,Isaac-Velocity-Flat-UnitreeGo2,training,rsl_rl,isaacsim_physx,none,8192,42,10,201063.5,44734.79151436087,228976.0,9.21,0.28,9.38,31.18,14.5,NVIDIA RTX PRO 6000 Blackwell Server Edition,94.97,INTEL(R) XEON(R) GOLD 5512U,56,251.36,12.9.7,NVIDIA-Linux-x86_64-595.58.03,f86b4e1ad66e637e7770a727e181ffe150a2077b,158016,2026-08-24T02:42:02.881258,,ISAAC_LAB_SINGLE_GPU_GTL_PRESET_PHYSX_E8192,benchmark_rsl_rl_Isaac-Velocity-Flat-UnitreeGo2_8192,2026-08-23,,dirty working tree reported,221909.36016715903,49561.541820052495,252848.17276127674,database,database
2026-08-24,measured,2026-08-24T14:37:53.445526Z,Isaac-Velocity-Flat-UnitreeGo2,training,rsl_rl,newton_mjwarp,none,8192,42,10,456009.7,122885.41282118612,495279.0,2.13,0.23,2.27,50.0,31.23,NVIDIA RTX PRO 6000 Blackwell Server Edition,94.97,INTEL(R) XEON(R) GOLD 5512U,56,251.36,12.9.7,NVIDIA-Linux-x86_64-595.58.03,f86b4e1ad66e637e7770a727e181ffe150a2077b,158749,2026-08-24T07:37:08.438167,,ISAAC_LAB_SINGLE_GPU_GTL_PRESET_NEWTON_MJWARP_E8192,benchmark_rsl_rl_Isaac-Velocity-Flat-UnitreeGo2_8192,2026-08-23,,dirty working tree reported; Total FPS coefficient of variation >25%; Collection FPS coefficient of variation >25%,541121.9222297781,148050.83806916606,589372.2369085167,WARM entry preset,database
2026-08-24,measured,2026-08-24T19:59:33.734925Z,Isaac-Velocity-Flat-UnitreeGo2,training,rsl_rl,ovphysx,none,8192,42,10,95943.1,13819.166371786365,100912.0,6.47,0.24,6.58,16.82,9.12,NVIDIA RTX PRO 6000 Blackwell Server Edition,94.97,INTEL(R) XEON(R) GOLD 5512U,56,251.36,12.9.7,NVIDIA-Linux-x86_64-595.58.03,f86b4e1ad66e637e7770a727e181ffe150a2077b,159534,2026-08-24T12:57:24.070323,,ISAAC_LAB_SINGLE_GPU_GTL_PRESET_OVPHYSX_E8192,benchmark_rsl_rl_Isaac-Velocity-Flat-UnitreeGo2_8192,2026-08-23,,dirty working tree reported,99362.2481888616,13746.843057895345,104332.08697038385,WARM entry preset,database
2026-08-24,measured,2026-08-24T09:45:09.605573Z,Isaac-Velocity-Rough-AnymalD,training,rsl_rl,isaacsim_physx,none,8192,42,10,62480.1,8719.540462534582,68621.0,12.79,0.67,13.08,64.74,20.44,NVIDIA RTX PRO 6000 Blackwell Server Edition,94.97,INTEL(R) XEON(R) GOLD 5512U,56,251.36,12.9.7,NVIDIA-Linux-x86_64-595.58.03,f86b4e1ad66e637e7770a727e181ffe150a2077b,158019,2026-08-24T02:42:35.600257,,ISAAC_LAB_SINGLE_GPU_GTL_PRESET_PHYSX_E8192,benchmark_rsl_rl_Isaac-Velocity-Rough-AnymalD_8192,2026-08-23,,dirty working tree reported,64726.08220494502,8891.976231818257,71176.8884673729,database,database
2026-08-24,measured,2026-08-24T02:19:38.063944Z,Isaac-Velocity-Rough-AnymalD,training,rsl_rl,newton_mjwarp,none,8192,42,10,126985.9,18547.44965067824,137968.0,6.37,0.48,6.58,77.59,28.87,NVIDIA RTX PRO 6000 Blackwell Server Edition,94.97,INTEL(R) XEON(R) GOLD 5512U,56,251.36,12.9.7,NVIDIA-Linux-x86_64-595.58.03,382b9244c47c3844d9915b6fc89390431f3e9844,156762,2026-08-23T19:18:33.203108,,ISAAC_LAB_SINGLE_GPU_GTL_PRESET_NEWTON_MJWARP_E8192,benchmark_rsl_rl_Isaac-Velocity-Rough-AnymalD_8192,2026-08-23,,dirty working tree reported,135918.03174857292,19327.184162709553,147924.2163946283,WARM entry preset,database
2026-08-24,measured,2026-08-24T19:58:54.673259Z,Isaac-Velocity-Rough-AnymalD,training,rsl_rl,ovphysx,none,8192,42,10,75517.6,6739.289448203473,82175.0,9.52,0.63,9.77,70.46,16.22,NVIDIA RTX PRO 6000 Blackwell Server Edition,94.97,INTEL(R) XEON(R) GOLD 5512U,56,251.36,12.9.7,NVIDIA-Linux-x86_64-595.58.03,f86b4e1ad66e637e7770a727e181ffe150a2077b,159532,2026-08-24T12:56:53.325724,,ISAAC_LAB_SINGLE_GPU_GTL_PRESET_OVPHYSX_E8192,benchmark_rsl_rl_Isaac-Velocity-Rough-AnymalD_8192,2026-08-23,,dirty working tree reported,78679.82924458642,6323.354198096621,85518.37935629673,WARM entry preset,database
2026-08-24,measured,2026-08-24T09:44:37.179043Z,Isaac-Velocity-Rough-Cassie,training,rsl_rl,isaacsim_physx,none,8192,42,10,125470.7,22870.084084041122,142359.0,11.34,0.52,11.58,56.5,21.86,NVIDIA RTX PRO 6000 Blackwell Server Edition,94.97,INTEL(R) XEON(R) GOLD 5512U,56,251.36,12.9.7,NVIDIA-Linux-x86_64-595.58.03,f86b4e1ad66e637e7770a727e181ffe150a2077b,158017,2026-08-24T02:42:51.914263,,ISAAC_LAB_SINGLE_GPU_GTL_PRESET_PHYSX_E8192,benchmark_rsl_rl_Isaac-Velocity-Rough-Cassie_8192,2026-08-23,,dirty working tree reported,135057.95918477158,24556.53309927448,153967.40580795228,database,database
2026-08-24,measured,2026-08-24T14:38:25.515076Z,Isaac-Velocity-Rough-Cassie,training,rsl_rl,newton_mjwarp,none,8192,42,10,202030.4,41588.74289249169,219273.0,5.86,0.65,6.21,71.67,33.66,NVIDIA RTX PRO 6000 Blackwell Server Edition,94.97,INTEL(R) XEON(R) GOLD 5512U,56,251.36,12.9.7,NVIDIA-Linux-x86_64-595.58.03,f86b4e1ad66e637e7770a727e181ffe150a2077b,158750,2026-08-24T07:37:31.476046,,ISAAC_LAB_SINGLE_GPU_GTL_PRESET_NEWTON_MJWARP_E8192,benchmark_rsl_rl_Isaac-Velocity-Rough-Cassie_8192,2026-08-23,,dirty working tree reported,225793.06197227098,46594.36855279205,245541.87345969418,WARM entry preset,database
2026-08-24,measured,2026-08-24T19:58:24.948252Z,Isaac-Velocity-Rough-Cassie,training,rsl_rl,ovphysx,none,8192,42,10,164924.9,31194.803781862276,176928.0,8.05,0.6,8.35,60.36,18.09,NVIDIA RTX PRO 6000 Blackwell Server Edition,94.97,INTEL(R) XEON(R) GOLD 5512U,56,251.36,12.9.7,NVIDIA-Linux-x86_64-595.58.03,f86b4e1ad66e637e7770a727e181ffe150a2077b,159531,2026-08-24T12:56:56.945531,,ISAAC_LAB_SINGLE_GPU_GTL_PRESET_OVPHYSX_E8192,benchmark_rsl_rl_Isaac-Velocity-Rough-Cassie_8192,2026-08-23,,dirty working tree reported,180384.29790183814,33893.098786850554,193628.48867051982,WARM entry preset,database
2026-08-24,measured,2026-08-24T09:25:52.202868Z,Isaac-Velocity-Rough-G1,training,rsl_rl,isaacsim_physx,none,8192,42,10,110208.5,21541.026140058108,126725.0,12.92,0.59,13.23,59.22,21.11,NVIDIA RTX PRO 6000 Blackwell Server Edition,94.97,INTEL(R) XEON(R) GOLD 5512U,56,251.36,12.9.7,NVIDIA-Linux-x86_64-595.58.03,f86b4e1ad66e637e7770a727e181ffe150a2077b,157975,2026-08-24T02:21:28.838215,,ISAAC_LAB_SINGLE_GPU_GTL_PRESET_PHYSX_E8192,benchmark_rsl_rl_Isaac-Velocity-Rough-G1_8192,2026-08-23,,dirty working tree reported,118983.30351426298,23789.222471970108,137960.53627280204,database,database
2026-08-24,measured,2026-08-24T14:19:47.231073Z,Isaac-Velocity-Rough-G1,training,rsl_rl,newton_mjwarp,none,8192,42,10,168392.5,33866.272203247354,181557.0,7.01,0.66,7.34,74.36,31.22,NVIDIA RTX PRO 6000 Blackwell Server Edition,94.97,INTEL(R) XEON(R) GOLD 5512U,56,251.36,12.9.7,NVIDIA-Linux-x86_64-595.58.03,f86b4e1ad66e637e7770a727e181ffe150a2077b,158714,2026-08-24T07:18:47.817435,,ISAAC_LAB_SINGLE_GPU_GTL_PRESET_NEWTON_MJWARP_E8192,benchmark_rsl_rl_Isaac-Velocity-Rough-G1_8192,2026-08-23,,dirty working tree reported,185383.12620303172,37304.95650073539,200050.1975025557,WARM entry preset,database
2026-08-24,measured,2026-08-24T09:44:52.484711Z,Isaac-Velocity-Rough-H1,training,rsl_rl,isaacsim_physx,none,8192,42,10,167058.8,35402.37189417304,187942.0,10.78,0.67,11.13,46.69,19.95,NVIDIA RTX PRO 6000 Blackwell Server Edition,94.97,INTEL(R) XEON(R) GOLD 5512U,56,251.36,12.9.7,NVIDIA-Linux-x86_64-595.58.03,f86b4e1ad66e637e7770a727e181ffe150a2077b,158018,2026-08-24T02:42:23.640227,,ISAAC_LAB_SINGLE_GPU_GTL_PRESET_PHYSX_E8192,benchmark_rsl_rl_Isaac-Velocity-Rough-H1_8192,2026-08-23,,dirty working tree reported,184051.98700541974,39370.74956847604,208296.06861213202,database,database
2026-08-24,measured,2026-08-24T14:38:39.280508Z,Isaac-Velocity-Rough-H1,training,rsl_rl,newton_mjwarp,none,8192,42,10,155298.9,29204.625122477508,168255.0,6.54,0.6,6.83,74.67,30.43,NVIDIA RTX PRO 6000 Blackwell Server Edition,94.97,INTEL(R) XEON(R) GOLD 5512U,56,251.36,12.9.7,NVIDIA-Linux-x86_64-595.58.03,f86b4e1ad66e637e7770a727e181ffe150a2077b,158752,2026-08-24T07:37:41.181749,,ISAAC_LAB_SINGLE_GPU_GTL_PRESET_NEWTON_MJWARP_E8192,benchmark_rsl_rl_Isaac-Velocity-Rough-H1_8192,2026-08-23,,dirty working tree reported,168825.97862072045,31480.371146273814,183247.37713905788,WARM entry preset,database
2026-08-24,measured,2026-08-24T23:38:40.739014Z,Isaac-Velocity-Rough-H1,training,rsl_rl,ovphysx,none,8192,42,10,223360.5,50122.66866232616,243328.0,7.66,0.7,8.06,49.0,24.52,NVIDIA RTX PRO 6000 Blackwell Server Edition,94.97,INTEL(R) XEON(R) GOLD 5512U,56,251.36,12.9.7,NVIDIA-Linux-x86_64-595.58.03,f86b4e1ad66e637e7770a727e181ffe150a2077b,159984,2026-08-24T16:36:46.811930,,ISAAC_LAB_SINGLE_GPU_GTL_PRESET_OVPHYSX_E8192,benchmark_rsl_rl_Isaac-Velocity-Rough-H1_8192,2026-08-23,,dirty working tree reported,252506.12506168205,57288.187298091616,275614.44060076546,WARM entry preset,database
2026-08-24,measured,2026-08-24T09:47:24.876816Z,Isaac-Velocity-Rough-UnitreeGo2,training,rsl_rl,isaacsim_physx,none,8192,42,10,77779.0,13979.388199933659,84315.0,12.38,0.59,12.67,62.12,23.33,NVIDIA RTX PRO 6000 Blackwell Server Edition,94.97,INTEL(R) XEON(R) GOLD 5512U,56,251.36,12.9.7,NVIDIA-Linux-x86_64-595.58.03,f86b4e1ad66e637e7770a727e181ffe150a2077b,158022,2026-08-24T02:44:39.851147,,ISAAC_LAB_SINGLE_GPU_GTL_PRESET_PHYSX_E8192,benchmark_rsl_rl_Isaac-Velocity-Rough-UnitreeGo2_8192,2026-08-23,,dirty working tree reported,81549.16289343509,14648.050134488967,88885.87425933263,database,database
2026-08-24,measured,2026-08-24T14:37:41.073169Z,Isaac-Velocity-Rough-UnitreeGo2,training,rsl_rl,newton_mjwarp,none,8192,42,10,138899.5,23323.74845636,148572.0,6.29,0.58,6.56,79.56,31.19,NVIDIA RTX PRO 6000 Blackwell Server Edition,94.97,INTEL(R) XEON(R) GOLD 5512U,56,251.36,12.9.7,NVIDIA-Linux-x86_64-595.58.03,f86b4e1ad66e637e7770a727e181ffe150a2077b,158747,2026-08-24T07:36:42.032638,,ISAAC_LAB_SINGLE_GPU_GTL_PRESET_NEWTON_MJWARP_E8192,benchmark_rsl_rl_Isaac-Velocity-Rough-UnitreeGo2_8192,2026-08-23,,dirty working tree reported,149670.6743610808,24640.50223819826,160293.679763974,WARM entry preset,database
2026-08-24,measured,2026-08-24T20:01:45.542569Z,Isaac-Velocity-Rough-UnitreeGo2,training,rsl_rl,ovphysx,none,8192,42,10,56145.6,4809.459295088286,59520.0,9.06,0.54,9.28,45.17,12.55,NVIDIA RTX PRO 6000 Blackwell Server Edition,94.97,INTEL(R) XEON(R) GOLD 5512U,56,251.36,12.9.7,NVIDIA-Linux-x86_64-595.58.03,f86b4e1ad66e637e7770a727e181ffe150a2077b,159540,2026-08-24T12:59:18.771103,,ISAAC_LAB_SINGLE_GPU_GTL_PRESET_OVPHYSX_E8192,benchmark_rsl_rl_Isaac-Velocity-Rough-UnitreeGo2_8192,2026-08-23,,dirty working tree reported,57891.71157885349,4611.811009441475,61308.13548826409,WARM entry preset,database
2026-08-31,measured,2026-08-31T07:06:46.831488Z,Isaac-Ant,training,rsl_rl,isaacsim_physx,none,8192,42,10,384403.4,89475.59516079107,420585.0,8.55,0.53,8.82,23.33,19.24,NVIDIA RTX PRO 6000 Blackwell Server Edition,94.97,INTEL(R) XEON(R) GOLD 5512U,56,251.36,12.9.7,NVIDIA-Linux-x86_64-595.58.03,e8ed805aa46563d1109c4d00b0e97117d731f10e,184499,2026-08-31T00:04:37.704519,,ISAAC_LAB_SINGLE_GPU_GTL_PRESET_PHYSX_E8192,benchmark_rsl_rl_Isaac-Ant_8192,2026-08-30,,dirty working tree reported,460324.4627879675,110009.17566611018,503962.9669175531,database,database
2026-08-31,measured,2026-08-31T07:30:49.128692Z,Isaac-Ant,training,rsl_rl,newton_mjwarp,none,8192,42,10,757254.9,209445.35715893377,825749.0,2.15,0.61,2.54,29.67,22.16,NVIDIA RTX PRO 6000 Blackwell Server Edition,94.97,INTEL(R) XEON(R) GOLD 5512U,56,251.36,12.9.7,NVIDIA-Linux-x86_64-595.58.03,e8ed805aa46563d1109c4d00b0e97117d731f10e,184583,2026-08-31T00:29:43.251674,,ISAAC_LAB_SINGLE_GPU_GTL_PRESET_NEWTON_MJWARP_E8192,benchmark_rsl_rl_Isaac-Ant_8192,2026-08-30,,dirty working tree reported; Total FPS coefficient of variation >25%; Collection FPS coefficient of variation >25%,1073599.0180873445,311034.9175311335,1176681.9608119286,database,database
2026-08-31,measured,2026-08-31T07:53:37.357533Z,Isaac-Ant,training,rsl_rl,ovphysx,none,8192,42,10,501977.6,125670.43491715411,549684.0,5.56,0.61,5.91,25.0,19.26,NVIDIA RTX PRO 6000 Blackwell Server Edition,94.97,INTEL(R) XEON(R) GOLD 5512U,56,251.36,12.9.7,NVIDIA-Linux-x86_64-595.58.03,e8ed805aa46563d1109c4d00b0e97117d731f10e,184712,2026-08-31T00:51:03.795227,,ISAAC_LAB_SINGLE_GPU_GTL_PRESET_OVPHYSX_E8192,benchmark_rsl_rl_Isaac-Ant_8192,2026-08-30,,dirty working tree reported; Total FPS coefficient of variation >25%; Collection FPS coefficient of variation >25%,616387.831654236,158751.37348961143,678988.7637817205,database,database
2026-08-31,measured,2026-08-31T07:06:46.831488Z,Isaac-Ant-Direct,training,rsl_rl,isaacsim_physx,none,8192,42,10,445298.2,80121.16659826333,492201.0,8.63,0.49,8.82,24.43,14.39,NVIDIA RTX PRO 6000 Blackwell Server Edition,94.97,INTEL(R) XEON(R) GOLD 5512U,56,251.36,12.9.7,NVIDIA-Linux-x86_64-595.58.03,e8ed805aa46563d1109c4d00b0e97117d731f10e,184499,2026-08-31T00:05:31.308491,,ISAAC_LAB_SINGLE_GPU_GTL_PRESET_PHYSX_E8192,benchmark_rsl_rl_Isaac-Ant-Direct_8192,2026-08-30,,dirty working tree reported,546386.8478128667,93878.05746726849,608254.3741994444,database,database
2026-08-31,measured,2026-08-31T07:30:49.128692Z,Isaac-Ant-Direct,training,rsl_rl,newton_mjwarp,none,8192,42,10,964306.1,229175.98758472348,1040522.0,2.29,0.56,2.54,55.6,31.13,NVIDIA RTX PRO 6000 Blackwell Server Edition,94.97,INTEL(R) XEON(R) GOLD 5512U,56,251.36,12.9.7,NVIDIA-Linux-x86_64-595.58.03,e8ed805aa46563d1109c4d00b0e97117d731f10e,184583,2026-08-31T00:30:04.602661,,ISAAC_LAB_SINGLE_GPU_GTL_PRESET_NEWTON_MJWARP_E8192,benchmark_rsl_rl_Isaac-Ant-Direct_8192,2026-08-30,,dirty working tree reported; Collection FPS coefficient of variation >25%,1537503.341485497,387563.9773529148,1666287.7377613634,database,database
2026-08-31,measured,2026-08-31T07:53:37.357533Z,Isaac-Ant-Direct,training,rsl_rl,ovphysx,none,8192,42,10,558697.3,106700.44755404418,596367.0,5.68,0.53,5.91,29.67,22.91,NVIDIA RTX PRO 6000 Blackwell Server Edition,94.97,INTEL(R) XEON(R) GOLD 5512U,56,251.36,12.9.7,NVIDIA-Linux-x86_64-595.58.03,e8ed805aa46563d1109c4d00b0e97117d731f10e,184712,2026-08-31T00:51:55.143044,,ISAAC_LAB_SINGLE_GPU_GTL_PRESET_OVPHYSX_E8192,benchmark_rsl_rl_Isaac-Ant-Direct_8192,2026-08-30,,dirty working tree reported,709232.0364648366,133054.37513055236,757202.3873322998,database,database
2026-08-31,measured,2026-08-31T07:03:42.861793Z,Isaac-Cartpole,training,rsl_rl,isaacsim_physx,none,8192,42,10,515824.2,112242.38018958001,568673.0,7.09,0.03,7.11,13.75,8.5,NVIDIA RTX PRO 6000 Blackwell Server Edition,94.97,INTEL(R) XEON(R) GOLD 5512U,56,251.36,12.9.7,NVIDIA-Linux-x86_64-595.58.03,e8ed805aa46563d1109c4d00b0e97117d731f10e,184484,2026-08-31T00:02:24.053664,,ISAAC_LAB_SINGLE_GPU_GTL_PRESET_PHYSX_E8192,benchmark_rsl_rl_Isaac-Cartpole_8192,2026-08-30,,dirty working tree reported,757093.2585385112,168359.07024348975,832936.8518395626,database,database
2026-08-31,measured,2026-08-31T07:28:07.431766Z,Isaac-Cartpole,training,rsl_rl,newton_mjwarp,none,8192,42,10,927947.3,239883.4554436105,1010710.0,0.93,0.06,0.96,16.0,13.89,NVIDIA RTX PRO 6000 Blackwell Server Edition,94.97,INTEL(R) XEON(R) GOLD 5512U,56,251.36,12.9.7,NVIDIA-Linux-x86_64-595.58.03,e8ed805aa46563d1109c4d00b0e97117d731f10e,184571,2026-08-31T00:27:14.544058,,ISAAC_LAB_SINGLE_GPU_GTL_PRESET_NEWTON_MJWARP_E8192,benchmark_rsl_rl_Isaac-Cartpole_8192,2026-08-30,,dirty working tree reported; Total FPS coefficient of variation >25%; Collection FPS coefficient of variation >25%,1670058.2261096558,458870.7108103745,1825260.9253468707,database,database
2026-08-31,measured,2026-08-31T07:55:24.507997Z,Isaac-Cartpole,training,rsl_rl,ovphysx,none,8192,42,10,629562.0,145383.72710634893,690495.0,3.99,0.03,4.0,15.25,10.18,NVIDIA RTX PRO 6000 Blackwell Server Edition,94.97,INTEL(R) XEON(R) GOLD 5512U,56,251.36,12.9.7,NVIDIA-Linux-x86_64-595.58.03,e8ed805aa46563d1109c4d00b0e97117d731f10e,184721,2026-08-31T00:54:06.922393,,ISAAC_LAB_SINGLE_GPU_GTL_PRESET_OVPHYSX_E8192,benchmark_rsl_rl_Isaac-Cartpole_8192,2026-08-30,,dirty working tree reported,896154.0157425306,209365.53723901653,994140.6698927298,database,database
2026-08-31,measured,2026-08-31T08:56:05.740386Z,Isaac-Cartpole-Camera,training,rsl_rl,isaacsim_physx,isaacsim_rtx,8192,42,10,68239.1,9697.420028600964,72182.0,65.16,2.34,66.08,52.76,33.22,NVIDIA RTX PRO 6000 Blackwell Server Edition,94.97,INTEL(R) XEON(R) GOLD 5512U,56,251.36,12.9.7,NVIDIA-Linux-x86_64-595.58.03,e8ed805aa46563d1109c4d00b0e97117d731f10e,184958,2026-08-31T01:53:47.811964,simple_shading_full_mdl,ISAAC_LAB_SINGLE_GPU_GTL_PRESET_PHYSX_ISAACSIMRTX_SSFM_E8192_R64,benchmark_rsl_rl_Isaac-Cartpole-Camera_r64_8192,2026-08-30,,dirty working tree reported; resolved camera dimensions not recorded; fixed profile selected by explicit preset,106208.11408755921,12319.112628905492,112225.44508998201,database,database
2026-08-31,measured,2026-08-31T08:42:02.855817Z,Isaac-Cartpole-Camera,training,rsl_rl,newton_mjwarp,newton_renderer,8192,42,10,140809.3,27347.346493459532,149734.0,58.3,2.28,59.36,83.95,25.79,NVIDIA RTX PRO 6000 Blackwell Server Edition,94.97,INTEL(R) XEON(R) GOLD 5512U,56,251.36,12.9.7,NVIDIA-Linux-x86_64-595.58.03,e8ed805aa46563d1109c4d00b0e97117d731f10e,184904,2026-08-31T01:40:47.215574,rgb,ISAAC_LAB_SINGLE_GPU_GTL_PRESET_NEWTON_WARP_RGB_E8192_R64,benchmark_rsl_rl_Isaac-Cartpole-Camera_r64_8192,2026-08-30,,dirty working tree reported; resolved camera dimensions not recorded; fixed profile selected by explicit preset,475271.04228771344,103974.23819880266,508664.49699349847,database,database
2026-08-31,measured,2026-08-31T09:07:19.488816Z,Isaac-Cartpole-Camera,training,rsl_rl,newton_mjwarp,ovrtx,8192,42,10,89997.6,13551.841426331865,95600.0,62.62,2.34,66.11,60.66,32.65,NVIDIA RTX PRO 6000 Blackwell Server Edition,94.97,INTEL(R) XEON(R) GOLD 5512U,56,251.36,12.9.7,NVIDIA-Linux-x86_64-595.58.03,e8ed805aa46563d1109c4d00b0e97117d731f10e,185008,2026-08-31T02:05:32.151886,simple_shading_full_mdl,ISAAC_LAB_SINGLE_GPU_GTL_PRESET_NEWTON_OVRTX_SSFM_E8192_R64,benchmark_rsl_rl_Isaac-Cartpole-Camera_r64_8192,2026-08-30,,dirty working tree reported; resolved camera dimensions not recorded; fixed profile selected by explicit preset,165399.07480610727,19839.086896558896,175701.34822408485,database,database
2026-08-31,measured,2026-08-31T04:28:11.681225Z,Isaac-Cartpole-Camera,training,rsl_rl,ovphysx,ovrtx,8192,42,10,86566.0,12900.184822104078,91870.0,65.57,2.27,66.37,57.75,32.89,NVIDIA RTX PRO 6000 Blackwell Server Edition,94.97,INTEL(R) XEON(R) GOLD 5512U,56,251.36,12.9.7,NVIDIA-Linux-x86_64-595.58.03,e8ed805aa46563d1109c4d00b0e97117d731f10e,183902,2026-08-30T21:26:13.245701,simple_shading_full_mdl,ISAAC_LAB_SINGLE_GPU_GTL_PRESET_OVPHYSX_OVRTX_SSFM_E8192_R64,benchmark_rsl_rl_Isaac-Cartpole-Camera_r64_8192,2026-08-30,,dirty working tree reported; resolved camera dimensions not recorded; fixed profile selected by explicit preset,154361.07773314568,18009.022740508386,163913.12588506748,database,database
2026-08-31,measured,2026-08-31T08:56:05.740386Z,Isaac-Cartpole-Camera-Direct,training,rsl_rl,isaacsim_physx,isaacsim_rtx,8192,42,10,69803.7,9944.40265844728,73338.0,63.26,1.91,67.96,49.72,33.01,NVIDIA RTX PRO 6000 Blackwell Server Edition,94.97,INTEL(R) XEON(R) GOLD 5512U,56,251.36,12.9.7,NVIDIA-Linux-x86_64-595.58.03,e8ed805aa46563d1109c4d00b0e97117d731f10e,184958,2026-08-31T01:51:42.901825,simple_shading_full_mdl,ISAAC_LAB_SINGLE_GPU_GTL_PRESET_PHYSX_ISAACSIMRTX_SSFM_E8192_R64,benchmark_rsl_rl_Isaac-Cartpole-Camera-Direct_r64_8192,2026-08-30,,dirty working tree reported; resolved camera dimensions not recorded; fixed profile selected by explicit preset,110214.7104127289,12769.734086892497,115354.53048170578,database,database
2026-08-31,measured,2026-08-31T08:42:02.855817Z,Isaac-Cartpole-Camera-Direct,training,rsl_rl,newton_mjwarp,newton_renderer,8192,42,10,149450.8,29902.446517523167,158948.0,56.47,1.85,59.14,81.82,30.02,NVIDIA RTX PRO 6000 Blackwell Server Edition,94.97,INTEL(R) XEON(R) GOLD 5512U,56,251.36,12.9.7,NVIDIA-Linux-x86_64-595.58.03,e8ed805aa46563d1109c4d00b0e97117d731f10e,184904,2026-08-31T01:39:42.796085,rgb,ISAAC_LAB_SINGLE_GPU_GTL_PRESET_NEWTON_WARP_RGB_E8192_R64,benchmark_rsl_rl_Isaac-Cartpole-Camera-Direct_r64_8192,2026-08-30,,dirty working tree reported; resolved camera dimensions not recorded; fixed profile selected by explicit preset,591555.6599341747,140538.16326983395,636562.9483037615,database,database
2026-08-31,measured,2026-08-31T09:07:19.488816Z,Isaac-Cartpole-Camera-Direct,training,rsl_rl,newton_mjwarp,ovrtx,8192,42,10,96381.2,15662.691132468619,103271.0,61.02,3.05,78.04,59.56,32.4,NVIDIA RTX PRO 6000 Blackwell Server Edition,94.97,INTEL(R) XEON(R) GOLD 5512U,56,251.36,12.9.7,NVIDIA-Linux-x86_64-595.58.03,e8ed805aa46563d1109c4d00b0e97117d731f10e,185008,2026-08-31T02:04:03.527676,simple_shading_full_mdl,ISAAC_LAB_SINGLE_GPU_GTL_PRESET_NEWTON_OVRTX_SSFM_E8192_R64,benchmark_rsl_rl_Isaac-Cartpole-Camera-Direct_r64_8192,2026-08-30,,dirty working tree reported; resolved camera dimensions not recorded; fixed profile selected by explicit preset,188180.58457171998,26998.372371722606,204511.48642584478,database,database
2026-08-31,measured,2026-08-31T04:28:11.681225Z,Isaac-Cartpole-Camera-Direct,training,rsl_rl,ovphysx,ovrtx,8192,42,10,89684.1,14021.068032310044,96984.0,63.63,1.82,64.97,59.47,34.06,NVIDIA RTX PRO 6000 Blackwell Server Edition,94.97,INTEL(R) XEON(R) GOLD 5512U,56,251.36,12.9.7,NVIDIA-Linux-x86_64-595.58.03,e8ed805aa46563d1109c4d00b0e97117d731f10e,183902,2026-08-30T21:24:19.615456,simple_shading_full_mdl,ISAAC_LAB_SINGLE_GPU_GTL_PRESET_OVPHYSX_OVRTX_SSFM_E8192_R64,benchmark_rsl_rl_Isaac-Cartpole-Camera-Direct_r64_8192,2026-08-30,,dirty working tree reported; resolved camera dimensions not recorded; fixed profile selected by explicit preset,164348.42232643688,21788.186904738715,180831.9394634685,database,database
2026-08-31,measured,2026-08-31T07:03:42.861793Z,Isaac-Cartpole-Direct,training,rsl_rl,isaacsim_physx,none,8192,42,10,552014.7,125923.08214413185,611228.0,7.09,0.03,7.11,15.5,6.35,NVIDIA RTX PRO 6000 Blackwell Server Edition,94.97,INTEL(R) XEON(R) GOLD 5512U,56,251.36,12.9.7,NVIDIA-Linux-x86_64-595.58.03,e8ed805aa46563d1109c4d00b0e97117d731f10e,184484,2026-08-31T00:02:53.452903,,ISAAC_LAB_SINGLE_GPU_GTL_PRESET_PHYSX_E8192,benchmark_rsl_rl_Isaac-Cartpole-Direct_8192,2026-08-30,,dirty working tree reported,854640.9791023863,196005.15740599873,944091.5074530492,database,database
2026-08-31,measured,2026-08-31T07:29:06.440433Z,Isaac-Cartpole-Direct,training,rsl_rl,newton_mjwarp,none,8192,42,10,1073392.1,292151.7396032601,1171819.0,0.93,0.06,0.96,16.33,14.15,NVIDIA RTX PRO 6000 Blackwell Server Edition,94.97,INTEL(R) XEON(R) GOLD 5512U,56,251.36,12.9.7,NVIDIA-Linux-x86_64-595.58.03,e8ed805aa46563d1109c4d00b0e97117d731f10e,184576,2026-08-31T00:28:27.737832,,ISAAC_LAB_SINGLE_GPU_GTL_PRESET_NEWTON_MJWARP_E8192,benchmark_rsl_rl_Isaac-Cartpole-Direct_8192,2026-08-30,,dirty working tree reported; Total FPS coefficient of variation >25%; Collection FPS coefficient of variation >25%,2222616.074842923,647760.7238946413,2442100.1345439684,database,database
2026-08-31,measured,2026-08-31T07:55:24.507997Z,Isaac-Cartpole-Direct,training,rsl_rl,ovphysx,none,8192,42,10,666417.0,160947.58929953977,736824.0,3.99,0.03,4.0,14.5,9.75,NVIDIA RTX PRO 6000 Blackwell Server Edition,94.97,INTEL(R) XEON(R) GOLD 5512U,56,251.36,12.9.7,NVIDIA-Linux-x86_64-595.58.03,e8ed805aa46563d1109c4d00b0e97117d731f10e,184721,2026-08-31T00:54:30.724909,,ISAAC_LAB_SINGLE_GPU_GTL_PRESET_OVPHYSX_E8192,benchmark_rsl_rl_Isaac-Cartpole-Direct_8192,2026-08-30,,dirty working tree reported,970567.8807717415,233704.64977342903,1085302.8429560198,database,database
2026-08-31,measured,2026-08-31T07:05:55.745205Z,Isaac-Humanoid,training,rsl_rl,isaacsim_physx,none,8192,42,10,255588.3,52312.64740863341,280623.0,9.67,0.58,9.94,22.92,10.71,NVIDIA RTX PRO 6000 Blackwell Server Edition,94.97,INTEL(R) XEON(R) GOLD 5512U,56,251.36,12.9.7,NVIDIA-Linux-x86_64-595.58.03,e8ed805aa46563d1109c4d00b0e97117d731f10e,184495,2026-08-31T00:03:04.033013,,ISAAC_LAB_SINGLE_GPU_GTL_PRESET_PHYSX_E8192,benchmark_rsl_rl_Isaac-Humanoid_8192,2026-08-30,,dirty working tree reported,288888.17407096445,59074.52690920148,316687.73415447574,database,database
2026-08-31,measured,2026-08-31T07:27:56.02395Z,Isaac-Humanoid,training,rsl_rl,newton_mjwarp,none,8192,42,10,513723.3,128848.74430470791,556090.0,2.91,0.64,3.28,45.57,30.82,NVIDIA RTX PRO 6000 Blackwell Server Edition,94.97,INTEL(R) XEON(R) GOLD 5512U,56,251.36,12.9.7,NVIDIA-Linux-x86_64-595.58.03,e8ed805aa46563d1109c4d00b0e97117d731f10e,184570,2026-08-31T00:26:42.589820,,ISAAC_LAB_SINGLE_GPU_GTL_PRESET_NEWTON_MJWARP_E8192,benchmark_rsl_rl_Isaac-Humanoid_8192,2026-08-30,,dirty working tree reported; Total FPS coefficient of variation >25%; Collection FPS coefficient of variation >25%,644741.3236680762,167289.8332136823,700043.6306737475,database,database
2026-08-31,measured,2026-08-31T07:57:15.164518Z,Isaac-Humanoid,training,rsl_rl,ovphysx,none,8192,42,10,320444.6,69347.83603160712,351526.0,7.07,0.65,7.37,26.9,18.68,NVIDIA RTX PRO 6000 Blackwell Server Edition,94.97,INTEL(R) XEON(R) GOLD 5512U,56,251.36,12.9.7,NVIDIA-Linux-x86_64-595.58.03,e8ed805aa46563d1109c4d00b0e97117d731f10e,184733,2026-08-31T00:53:17.401578,,ISAAC_LAB_SINGLE_GPU_GTL_PRESET_OVPHYSX_E8192,benchmark_rsl_rl_Isaac-Humanoid_8192,2026-08-30,,dirty working tree reported,366518.25230978074,80453.67532428856,403969.78425265645,database,database
2026-08-31,measured,2026-08-31T07:05:55.745205Z,Isaac-Humanoid-Direct,training,rsl_rl,isaacsim_physx,none,8192,42,10,290310.5,44087.65651958481,317428.0,9.64,0.64,9.93,31.6,15.74,NVIDIA RTX PRO 6000 Blackwell Server Edition,94.97,INTEL(R) XEON(R) GOLD 5512U,56,251.36,12.9.7,NVIDIA-Linux-x86_64-595.58.03,e8ed805aa46563d1109c4d00b0e97117d731f10e,184495,2026-08-31T00:04:19.172532,,ISAAC_LAB_SINGLE_GPU_GTL_PRESET_PHYSX_E8192,benchmark_rsl_rl_Isaac-Humanoid-Direct_8192,2026-08-30,,dirty working tree reported,333825.20542455686,48599.509499251006,364473.6362800414,database,database
2026-08-31,measured,2026-08-31T07:31:26.559541Z,Isaac-Humanoid-Direct,training,rsl_rl,newton_mjwarp,none,8192,42,10,606589.0,121436.8501759934,646860.0,3.02,0.58,3.26,52.67,32.27,NVIDIA RTX PRO 6000 Blackwell Server Edition,94.97,INTEL(R) XEON(R) GOLD 5512U,56,251.36,12.9.7,NVIDIA-Linux-x86_64-595.58.03,e8ed805aa46563d1109c4d00b0e97117d731f10e,184586,2026-08-31T00:30:36.276083,,ISAAC_LAB_SINGLE_GPU_GTL_PRESET_NEWTON_MJWARP_E8192,benchmark_rsl_rl_Isaac-Humanoid-Direct_8192,2026-08-30,,dirty working tree reported,797479.3960620918,160567.34097484022,851455.4179529354,database,database
2026-08-31,measured,2026-08-31T07:57:15.164518Z,Isaac-Humanoid-Direct,training,rsl_rl,ovphysx,none,8192,42,10,351402.5,54085.03581347103,377835.0,6.99,0.68,7.32,29.0,10.58,NVIDIA RTX PRO 6000 Blackwell Server Edition,94.97,INTEL(R) XEON(R) GOLD 5512U,56,251.36,12.9.7,NVIDIA-Linux-x86_64-595.58.03,e8ed805aa46563d1109c4d00b0e97117d731f10e,184733,2026-08-31T00:54:33.522376,,ISAAC_LAB_SINGLE_GPU_GTL_PRESET_OVPHYSX_E8192,benchmark_rsl_rl_Isaac-Humanoid-Direct_8192,2026-08-30,,dirty working tree reported,407851.49495981366,58758.82866327164,438819.93916690943,database,database
2026-08-31,measured,2026-08-31T07:04:26.694905Z,Isaac-Lift-Franka,training,rsl_rl,isaacsim_physx,none,8192,42,10,152687.6,19783.70679905844,164241.0,13.97,0.73,14.33,50.35,22.3,NVIDIA RTX PRO 6000 Blackwell Server Edition,94.97,INTEL(R) XEON(R) GOLD 5512U,56,251.36,12.9.7,NVIDIA-Linux-x86_64-595.58.03,e8ed805aa46563d1109c4d00b0e97117d731f10e,184488,2026-08-31T00:00:29.527317,,ISAAC_LAB_SINGLE_GPU_GTL_PRESET_PHYSX_E8192,benchmark_rsl_rl_Isaac-Lift-Franka_8192,2026-08-30,,dirty working tree reported,180633.79270658942,23591.969484640413,192400.48481539637,database,database
2026-08-31,measured,2026-08-31T07:32:19.946675Z,Isaac-Lift-Franka,training,rsl_rl,newton_mjwarp,none,8192,42,10,304607.6,51300.00436690473,322508.0,6.17,0.99,6.64,64.1,15.77,NVIDIA RTX PRO 6000 Blackwell Server Edition,94.97,INTEL(R) XEON(R) GOLD 5512U,56,251.36,12.9.7,NVIDIA-Linux-x86_64-595.58.03,e8ed805aa46563d1109c4d00b0e97117d731f10e,184592,2026-08-31T00:31:15.360134,,ISAAC_LAB_SINGLE_GPU_GTL_PRESET_NEWTON_MJWARP_E8192,benchmark_rsl_rl_Isaac-Lift-Franka_8192,2026-08-30,,dirty working tree reported,413277.6609916789,77835.53126959012,441034.78533365263,database,database
2026-08-31,measured,2026-08-31T09:36:52.533088Z,Isaac-Lift-Franka,training,rsl_rl,ovphysx,none,8192,42,10,59085.3,3254.3582760490413,61102.0,10.68,0.69,10.93,19.81,18.86,NVIDIA RTX PRO 6000 Blackwell Server Edition,94.97,INTEL(R) XEON(R) GOLD 5512U,56,251.36,12.9.7,NVIDIA-Linux-x86_64-595.58.03,e8ed805aa46563d1109c4d00b0e97117d731f10e,185109,2026-08-31T02:33:41.591403,,ISAAC_LAB_SINGLE_GPU_GTL_PRESET_OVPHYSX_E8192,benchmark_rsl_rl_Isaac-Lift-Franka_8192,2026-08-30,,dirty working tree reported,62269.95188785234,3359.4582499834896,64428.5211221355,database,database
2026-08-31,measured,2026-08-31T07:05:37.168409Z,Isaac-Lift-KukaAllegro,training,rsl_rl,isaacsim_physx,none,8192,42,10,55642.3,3225.634822962933,62719.0,16.26,1.01,16.71,76.9,14.38,NVIDIA RTX PRO 6000 Blackwell Server Edition,94.97,INTEL(R) XEON(R) GOLD 5512U,56,251.36,12.9.7,NVIDIA-Linux-x86_64-595.58.03,e8ed805aa46563d1109c4d00b0e97117d731f10e,184494,2026-08-31T00:00:57.043125,,ISAAC_LAB_SINGLE_GPU_GTL_PRESET_PHYSX_E8192,benchmark_rsl_rl_Isaac-Lift-KukaAllegro_8192,2026-08-30,,dirty working tree reported,59184.30792810302,3618.313494531237,67656.62498578579,database,database
2026-08-31,measured,2026-08-31T07:31:03.920223Z,Isaac-Lift-KukaAllegro,training,rsl_rl,newton_mjwarp,none,8192,42,10,201893.5,27131.120791240617,214970.0,8.27,1.09,8.7,68.07,21.54,NVIDIA RTX PRO 6000 Blackwell Server Edition,94.97,INTEL(R) XEON(R) GOLD 5512U,56,251.36,12.9.7,NVIDIA-Linux-x86_64-595.58.03,e8ed805aa46563d1109c4d00b0e97117d731f10e,184585,2026-08-31T00:29:55.130763,,ISAAC_LAB_SINGLE_GPU_GTL_PRESET_NEWTON_MJWARP_E8192,benchmark_rsl_rl_Isaac-Lift-KukaAllegro_8192,2026-08-30,,dirty working tree reported,251500.98158990615,36865.58442505888,270254.0626230663,database,database
2026-08-31,measured,2026-08-31T07:56:37.8225Z,Isaac-Lift-KukaAllegro,training,rsl_rl,ovphysx,none,8192,42,10,32038.1,607.5602302104157,32755.0,13.99,0.95,14.52,48.59,26.81,NVIDIA RTX PRO 6000 Blackwell Server Edition,94.97,INTEL(R) XEON(R) GOLD 5512U,56,251.36,12.9.7,NVIDIA-Linux-x86_64-595.58.03,e8ed805aa46563d1109c4d00b0e97117d731f10e,184728,2026-08-31T00:52:48.021466,,ISAAC_LAB_SINGLE_GPU_GTL_PRESET_OVPHYSX_E8192,benchmark_rsl_rl_Isaac-Lift-KukaAllegro_8192,2026-08-30,,dirty working tree reported,33074.194454062446,589.3075445859521,33810.2416419937,database,database
2026-08-31,measured,2026-08-31T08:59:55.71916Z,Isaac-Lift-KukaAllegro-Camera,training,rsl_rl,isaacsim_physx,isaacsim_rtx,8192,42,10,12810.7,2330.750000893847,13841.0,32.09,1.87,32.98,18.4,28.08,NVIDIA RTX PRO 6000 Blackwell Server Edition,94.97,INTEL(R) XEON(R) GOLD 5512U,56,251.36,12.9.7,NVIDIA-Linux-x86_64-595.58.03,e8ed805aa46563d1109c4d00b0e97117d731f10e,184975,2026-08-31T01:51:08.831007,"cube,simple_shading_full_mdl64,single_camera",ISAAC_LAB_SINGLE_GPU_GTL_PRESET_PHYSX_ISAACSIMRTX_SSFM_E8192_R64,benchmark_rsl_rl_Isaac-Lift-KukaAllegro-Camera_cube_single_camera_simple_shading_full_mdl64_r64_8192,2026-08-30,,dirty working tree reported; resolved camera dimensions not recorded; fixed profile selected by explicit preset,13500.036304703717,2389.3253493484017,14550.276008684074,database,database
2026-08-31,measured,2026-08-31T08:38:55.168799Z,Isaac-Lift-KukaAllegro-Camera,training,rsl_rl,newton_mjwarp,newton_renderer,8192,42,10,103677.7,23304.257894451628,111772.0,22.84,1.8,23.69,73.97,30.28,NVIDIA RTX PRO 6000 Blackwell Server Edition,94.97,INTEL(R) XEON(R) GOLD 5512U,56,251.36,12.9.7,NVIDIA-Linux-x86_64-595.58.03,e8ed805aa46563d1109c4d00b0e97117d731f10e,184889,2026-08-31T01:37:36.851815,"cube,rgb64,single_camera",ISAAC_LAB_SINGLE_GPU_GTL_PRESET_NEWTON_WARP_RGB_E8192_R64,benchmark_rsl_rl_Isaac-Lift-KukaAllegro-Camera_cube_single_camera_rgb64_r64_8192,2026-08-30,,dirty working tree reported; resolved camera dimensions not recorded; fixed profile selected by explicit preset,167461.70942363195,35171.73473177549,180239.7413650176,database,database
2026-08-31,measured,2026-08-31T09:02:06.647237Z,Isaac-Lift-KukaAllegro-Camera,training,rsl_rl,newton_mjwarp,ovrtx,8192,42,10,69877.7,13480.212527586087,75195.0,28.16,1.7,28.91,55.62,27.37,NVIDIA RTX PRO 6000 Blackwell Server Edition,94.97,INTEL(R) XEON(R) GOLD 5512U,56,251.36,12.9.7,NVIDIA-Linux-x86_64-595.58.03,e8ed805aa46563d1109c4d00b0e97117d731f10e,184988,2026-08-31T01:59:52.002253,"cube,simple_shading_full_mdl64,single_camera",ISAAC_LAB_SINGLE_GPU_GTL_PRESET_NEWTON_OVRTX_SSFM_E8192_R64,benchmark_rsl_rl_Isaac-Lift-KukaAllegro-Camera_cube_single_camera_simple_shading_full_mdl64_r64_8192,2026-08-30,,dirty working tree reported; resolved camera dimensions not recorded; fixed profile selected by explicit preset,94490.70682300428,15448.863872809776,101119.63662576124,database,database
2026-08-31,measured,2026-08-31T04:27:15.909717Z,Isaac-Lift-KukaAllegro-Camera,training,rsl_rl,ovphysx,ovrtx,8192,42,10,23733.7,2466.9525982925215,24946.0,34.01,1.69,41.86,49.06,32.61,NVIDIA RTX PRO 6000 Blackwell Server Edition,94.97,INTEL(R) XEON(R) GOLD 5512U,56,251.36,12.9.7,NVIDIA-Linux-x86_64-595.58.03,e8ed805aa46563d1109c4d00b0e97117d731f10e,183898,2026-08-30T21:22:06.010333,"cube,simple_shading_full_mdl64,single_camera",ISAAC_LAB_SINGLE_GPU_GTL_PRESET_OVPHYSX_OVRTX_SSFM_E8192_R64,benchmark_rsl_rl_Isaac-Lift-KukaAllegro-Camera_cube_single_camera_simple_shading_full_mdl64_r64_8192,2026-08-30,,dirty working tree reported; resolved camera dimensions not recorded; fixed profile selected by explicit preset,26234.914256399043,1846.678899063469,27355.55394662203,database,database
2026-08-31,measured,2026-08-31T07:06:11.527902Z,Isaac-Open-Drawer-Franka,training,rsl_rl,isaacsim_physx,none,8192,42,10,248467.2,16535.41838196623,260975.0,11.54,0.72,11.81,60.17,13.27,NVIDIA RTX PRO 6000 Blackwell Server Edition,94.97,INTEL(R) XEON(R) GOLD 5512U,56,251.36,12.9.7,NVIDIA-Linux-x86_64-595.58.03,e8ed805aa46563d1109c4d00b0e97117d731f10e,184498,2026-08-31T00:01:28.863699,,ISAAC_LAB_SINGLE_GPU_GTL_PRESET_PHYSX_E8192,benchmark_rsl_rl_Isaac-Open-Drawer-Franka_8192,2026-08-30,,dirty working tree reported,263891.86774742755,16170.952537273617,276126.41251820105,database,database
2026-08-31,measured,2026-08-31T07:33:22.460046Z,Isaac-Open-Drawer-Franka,training,rsl_rl,newton_mjwarp,none,8192,42,10,361351.2,23188.443931311034,375804.0,7.43,1.34,7.86,72.65,15.97,NVIDIA RTX PRO 6000 Blackwell Server Edition,94.97,INTEL(R) XEON(R) GOLD 5512U,56,251.36,12.9.7,NVIDIA-Linux-x86_64-595.58.03,e8ed805aa46563d1109c4d00b0e97117d731f10e,184596,2026-08-31T00:31:40.051196,,ISAAC_LAB_SINGLE_GPU_GTL_PRESET_NEWTON_MJWARP_E8192,benchmark_rsl_rl_Isaac-Open-Drawer-Franka_8192,2026-08-30,,dirty working tree reported,390936.3370747968,21045.398721207293,405692.5102621839,database,database
2026-08-31,measured,2026-08-31T07:58:28.757411Z,Isaac-Open-Drawer-Franka,training,rsl_rl,ovphysx,none,8192,42,10,266266.8,16069.110027212666,284602.0,8.85,0.66,9.2,59.37,11.99,NVIDIA RTX PRO 6000 Blackwell Server Edition,94.97,INTEL(R) XEON(R) GOLD 5512U,56,251.36,12.9.7,NVIDIA-Linux-x86_64-595.58.03,e8ed805aa46563d1109c4d00b0e97117d731f10e,184738,2026-08-31T00:54:05.800408,,ISAAC_LAB_SINGLE_GPU_GTL_PRESET_OVPHYSX_E8192,benchmark_rsl_rl_Isaac-Open-Drawer-Franka_8192,2026-08-30,,dirty working tree reported,282384.7730337761,15113.034130931524,301505.04896359134,database,database
2026-08-31,measured,2026-08-31T07:06:11.527902Z,Isaac-Open-Drawer-Franka-Direct,training,rsl_rl,isaacsim_physx,none,8192,42,10,252016.0,21523.600018997236,267071.0,11.53,0.72,11.81,60.8,12.77,NVIDIA RTX PRO 6000 Blackwell Server Edition,94.97,INTEL(R) XEON(R) GOLD 5512U,56,251.36,12.9.7,NVIDIA-Linux-x86_64-595.58.03,e8ed805aa46563d1109c4d00b0e97117d731f10e,184498,2026-08-31T00:03:42.776612,,ISAAC_LAB_SINGLE_GPU_GTL_PRESET_PHYSX_E8192,benchmark_rsl_rl_Isaac-Open-Drawer-Franka-Direct_8192,2026-08-30,,dirty working tree reported,268258.7177936497,22495.540881535595,283828.36342759844,database,database
2026-08-31,measured,2026-08-31T07:33:22.460046Z,Isaac-Open-Drawer-Franka-Direct,training,rsl_rl,newton_mjwarp,none,8192,42,10,373955.5,27164.453002857328,385130.0,7.34,1.36,7.79,73.68,16.59,NVIDIA RTX PRO 6000 Blackwell Server Edition,94.97,INTEL(R) XEON(R) GOLD 5512U,56,251.36,12.9.7,NVIDIA-Linux-x86_64-595.58.03,e8ed805aa46563d1109c4d00b0e97117d731f10e,184596,2026-08-31T00:32:21.532392,,ISAAC_LAB_SINGLE_GPU_GTL_PRESET_NEWTON_MJWARP_E8192,benchmark_rsl_rl_Isaac-Open-Drawer-Franka-Direct_8192,2026-08-30,,dirty working tree reported,405645.76418891,25437.295229712334,416641.49497345067,database,database
2026-08-31,measured,2026-08-31T07:58:28.757411Z,Isaac-Open-Drawer-Franka-Direct,training,rsl_rl,ovphysx,none,8192,42,10,279992.3,18354.324280367524,292374.0,8.88,0.71,9.16,60.79,12.48,NVIDIA RTX PRO 6000 Blackwell Server Edition,94.97,INTEL(R) XEON(R) GOLD 5512U,56,251.36,12.9.7,NVIDIA-Linux-x86_64-595.58.03,e8ed805aa46563d1109c4d00b0e97117d731f10e,184738,2026-08-31T00:56:08.295120,,ISAAC_LAB_SINGLE_GPU_GTL_PRESET_OVPHYSX_E8192,benchmark_rsl_rl_Isaac-Open-Drawer-Franka-Direct_8192,2026-08-30,,dirty working tree reported,297671.9771648513,16442.85001144149,310272.50106320233,database,database
2026-08-31,measured,2026-08-31T07:10:12.228411Z,Isaac-Reach-Franka,training,rsl_rl,isaacsim_physx,none,8192,42,10,235931.2,59258.74503452353,266835.0,8.38,0.11,8.45,29.1,15.44,NVIDIA RTX PRO 6000 Blackwell Server Edition,94.97,INTEL(R) XEON(R) GOLD 5512U,56,251.36,12.9.7,NVIDIA-Linux-x86_64-595.58.03,e8ed805aa46563d1109c4d00b0e97117d731f10e,184506,2026-08-31T00:04:13.852614,,ISAAC_LAB_SINGLE_GPU_GTL_PRESET_PHYSX_E8192,benchmark_rsl_rl_Isaac-Reach-Franka_8192,2026-08-30,,dirty working tree reported; Total FPS coefficient of variation >25%; Collection FPS coefficient of variation >25%,280803.3939494377,73153.62940594045,321449.3869798442,database,database
2026-08-31,measured,2026-08-31T07:35:02.936214Z,Isaac-Reach-Franka,training,rsl_rl,newton_mjwarp,none,8192,42,10,470114.0,134206.31332392676,515950.0,2.43,0.43,2.62,37.29,29.18,NVIDIA RTX PRO 6000 Blackwell Server Edition,94.97,INTEL(R) XEON(R) GOLD 5512U,56,251.36,12.9.7,NVIDIA-Linux-x86_64-595.58.03,e8ed805aa46563d1109c4d00b0e97117d731f10e,184608,2026-08-31T00:33:40.190607,,ISAAC_LAB_SINGLE_GPU_GTL_PRESET_NEWTON_MJWARP_E8192,benchmark_rsl_rl_Isaac-Reach-Franka_8192,2026-08-30,,dirty working tree reported; Total FPS coefficient of variation >25%; Collection FPS coefficient of variation >25%,624499.9745256956,184339.74604073397,688858.9357389226,database,database
2026-08-31,measured,2026-08-31T07:58:22.700616Z,Isaac-Reach-Franka,training,rsl_rl,ovphysx,none,8192,42,10,268729.7,67240.37775036003,292317.0,5.24,0.1,5.31,30.6,14.11,NVIDIA RTX PRO 6000 Blackwell Server Edition,94.97,INTEL(R) XEON(R) GOLD 5512U,56,251.36,12.9.7,NVIDIA-Linux-x86_64-595.58.03,e8ed805aa46563d1109c4d00b0e97117d731f10e,184737,2026-08-31T00:54:20.815337,,ISAAC_LAB_SINGLE_GPU_GTL_PRESET_OVPHYSX_E8192,benchmark_rsl_rl_Isaac-Reach-Franka_8192,2026-08-30,,dirty working tree reported; Total FPS coefficient of variation >25%; Collection FPS coefficient of variation >25%,311953.6477520724,79639.79164201692,340209.7451427411,database,database
2026-08-31,measured,2026-08-31T07:10:12.228411Z,Isaac-Reach-Franka-OSC,training,rsl_rl,isaacsim_physx,none,8192,42,10,156170.9,34257.88946100186,169247.0,8.72,0.12,8.78,25.86,14.35,NVIDIA RTX PRO 6000 Blackwell Server Edition,94.97,INTEL(R) XEON(R) GOLD 5512U,56,251.36,12.9.7,NVIDIA-Linux-x86_64-595.58.03,e8ed805aa46563d1109c4d00b0e97117d731f10e,184506,2026-08-31T00:07:06.254530,,ISAAC_LAB_SINGLE_GPU_GTL_PRESET_PHYSX_E8192,benchmark_rsl_rl_Isaac-Reach-Franka-OSC_8192,2026-08-30,,dirty working tree reported,174805.19832273113,39260.93945956414,197628.63030266427,database,database
2026-08-31,measured,2026-08-31T07:35:02.936214Z,Isaac-Reach-Franka-OSC,training,rsl_rl,newton_mjwarp,none,8192,42,10,226226.9,54713.04258776979,244542.0,2.5,0.35,2.64,36.36,24.09,NVIDIA RTX PRO 6000 Blackwell Server Edition,94.97,INTEL(R) XEON(R) GOLD 5512U,56,251.36,12.9.7,NVIDIA-Linux-x86_64-595.58.03,e8ed805aa46563d1109c4d00b0e97117d731f10e,184608,2026-08-31T00:34:09.019508,,ISAAC_LAB_SINGLE_GPU_GTL_PRESET_NEWTON_MJWARP_E8192,benchmark_rsl_rl_Isaac-Reach-Franka-OSC_8192,2026-08-30,,dirty working tree reported,256130.89343819168,62988.74479124608,277175.041294569,database,database
2026-08-31,measured,2026-08-31T07:58:22.700616Z,Isaac-Reach-Franka-OSC,training,rsl_rl,ovphysx,none,8192,42,10,188312.2,43238.0290043126,205764.0,5.3,0.11,5.36,27.0,13.27,NVIDIA RTX PRO 6000 Blackwell Server Edition,94.97,INTEL(R) XEON(R) GOLD 5512U,56,251.36,12.9.7,NVIDIA-Linux-x86_64-595.58.03,e8ed805aa46563d1109c4d00b0e97117d731f10e,184737,2026-08-31T00:56:09.760430,,ISAAC_LAB_SINGLE_GPU_GTL_PRESET_OVPHYSX_E8192,benchmark_rsl_rl_Isaac-Reach-Franka-OSC_8192,2026-08-30,,dirty working tree reported,208199.74025896436,48356.25690755414,228067.31799321136,database,database
2026-08-31,measured,2026-08-31T07:05:16.131645Z,Isaac-Reach-UR10,training,rsl_rl,isaacsim_physx,none,8192,42,10,247631.1,61864.288820054426,276564.0,8.32,0.38,8.52,36.6,21.72,NVIDIA RTX PRO 6000 Blackwell Server Edition,94.97,INTEL(R) XEON(R) GOLD 5512U,56,251.36,12.9.7,NVIDIA-Linux-x86_64-595.58.03,e8ed805aa46563d1109c4d00b0e97117d731f10e,184492,2026-08-31T00:03:58.890377,,ISAAC_LAB_SINGLE_GPU_GTL_PRESET_PHYSX_E8192,benchmark_rsl_rl_Isaac-Reach-UR10_8192,2026-08-30,,dirty working tree reported; Collection FPS coefficient of variation >25%,293154.26700141514,75353.84516661623,330024.7051498317,database,database
2026-08-31,measured,2026-08-31T07:33:56.901225Z,Isaac-Reach-UR10,training,rsl_rl,newton_mjwarp,none,8192,42,10,530976.2,154361.94601347402,590513.0,2.64,0.66,2.92,46.43,31.75,NVIDIA RTX PRO 6000 Blackwell Server Edition,94.97,INTEL(R) XEON(R) GOLD 5512U,56,251.36,12.9.7,NVIDIA-Linux-x86_64-595.58.03,e8ed805aa46563d1109c4d00b0e97117d731f10e,184601,2026-08-31T00:33:14.494188,,ISAAC_LAB_SINGLE_GPU_GTL_PRESET_NEWTON_MJWARP_E8192,benchmark_rsl_rl_Isaac-Reach-UR10_8192,2026-08-30,,dirty working tree reported; Total FPS coefficient of variation >25%; Collection FPS coefficient of variation >25%,732518.7465491073,221277.32143329995,823128.2193188658,database,database
2026-08-31,measured,2026-08-31T07:55:58.225395Z,Isaac-Reach-UR10,training,rsl_rl,ovphysx,none,8192,42,10,285715.6,72921.13374690038,310917.0,5.45,0.09,5.51,46.56,23.05,NVIDIA RTX PRO 6000 Blackwell Server Edition,94.97,INTEL(R) XEON(R) GOLD 5512U,56,251.36,12.9.7,NVIDIA-Linux-x86_64-595.58.03,e8ed805aa46563d1109c4d00b0e97117d731f10e,184722,2026-08-31T00:54:49.591092,,ISAAC_LAB_SINGLE_GPU_GTL_PRESET_OVPHYSX_E8192,benchmark_rsl_rl_Isaac-Reach-UR10_8192,2026-08-30,,dirty working tree reported; Total FPS coefficient of variation >25%; Collection FPS coefficient of variation >25%,335569.83428523317,87576.9255199309,366313.88112565613,database,database
2026-08-31,measured,2026-08-31T07:13:23.546054Z,Isaac-Reorient-Cube-Allegro,training,rsl_rl,isaacsim_physx,none,8192,42,10,110509.2,17204.26990152283,118564.0,10.03,0.61,10.29,49.61,18.83,NVIDIA RTX PRO 6000 Blackwell Server Edition,94.97,INTEL(R) XEON(R) GOLD 5512U,56,251.36,12.9.7,NVIDIA-Linux-x86_64-595.58.03,e8ed805aa46563d1109c4d00b0e97117d731f10e,184514,2026-08-31T00:08:43.273425,,ISAAC_LAB_SINGLE_GPU_GTL_PRESET_PHYSX_E8192,benchmark_rsl_rl_Isaac-Reorient-Cube-Allegro_8192,2026-08-30,,dirty working tree reported,117358.17360458703,17847.086268797102,126042.35113204972,database,database
2026-08-31,measured,2026-08-31T07:38:21.025069Z,Isaac-Reorient-Cube-Allegro,training,rsl_rl,newton_mjwarp,none,8192,42,10,160322.9,25768.43198545245,171079.0,8.09,1.82,8.69,78.14,27.19,NVIDIA RTX PRO 6000 Blackwell Server Edition,94.97,INTEL(R) XEON(R) GOLD 5512U,56,251.36,12.9.7,NVIDIA-Linux-x86_64-595.58.03,e8ed805aa46563d1109c4d00b0e97117d731f10e,184633,2026-08-31T00:36:38.731723,,ISAAC_LAB_SINGLE_GPU_GTL_PRESET_NEWTON_MJWARP_E8192,benchmark_rsl_rl_Isaac-Reorient-Cube-Allegro_8192,2026-08-30,,dirty working tree reported,174030.45976359016,26922.852820427575,185600.9447642575,database,database
2026-08-31,measured,2026-08-31T07:59:51.240117Z,Isaac-Reorient-Cube-Allegro,training,rsl_rl,ovphysx,none,8192,42,10,94748.5,11094.455724970618,101230.0,7.52,0.54,7.72,36.86,12.07,NVIDIA RTX PRO 6000 Blackwell Server Edition,94.97,INTEL(R) XEON(R) GOLD 5512U,56,251.36,12.9.7,NVIDIA-Linux-x86_64-595.58.03,e8ed805aa46563d1109c4d00b0e97117d731f10e,184746,2026-08-31T00:54:35.109982,,ISAAC_LAB_SINGLE_GPU_GTL_PRESET_OVPHYSX_E8192,benchmark_rsl_rl_Isaac-Reorient-Cube-Allegro_8192,2026-08-30,,dirty working tree reported,99440.96641826739,10947.255464629243,106148.21201536783,database,database
2026-08-31,measured,2026-08-31T07:13:23.546054Z,Isaac-Reorient-Cube-Allegro-Direct,training,rsl_rl,isaacsim_physx,none,8192,42,10,101721.5,19957.927242911108,109460.0,10.43,0.81,10.83,45.43,19.86,NVIDIA RTX PRO 6000 Blackwell Server Edition,94.97,INTEL(R) XEON(R) GOLD 5512U,56,251.36,12.9.7,NVIDIA-Linux-x86_64-595.58.03,e8ed805aa46563d1109c4d00b0e97117d731f10e,184514,2026-08-31T00:10:47.975251,,ISAAC_LAB_SINGLE_GPU_GTL_PRESET_PHYSX_E8192,benchmark_rsl_rl_Isaac-Reorient-Cube-Allegro-Direct_8192,2026-08-30,,dirty working tree reported,114725.80157646633,23331.335803141083,127547.87115933583,database,database
2026-08-31,measured,2026-08-31T07:38:21.025069Z,Isaac-Reorient-Cube-Allegro-Direct,training,rsl_rl,newton_mjwarp,none,8192,42,10,141791.1,30560.464468728947,153369.0,8.11,2.17,9.05,70.36,34.83,NVIDIA RTX PRO 6000 Blackwell Server Edition,94.97,INTEL(R) XEON(R) GOLD 5512U,56,251.36,12.9.7,NVIDIA-Linux-x86_64-595.58.03,e8ed805aa46563d1109c4d00b0e97117d731f10e,184633,2026-08-31T00:37:10.638059,,ISAAC_LAB_SINGLE_GPU_GTL_PRESET_NEWTON_MJWARP_E8192,benchmark_rsl_rl_Isaac-Reorient-Cube-Allegro-Direct_8192,2026-08-30,,dirty working tree reported,164348.4542905527,36662.0943809032,178382.51162126655,database,database
2026-08-31,measured,2026-08-31T07:59:51.240117Z,Isaac-Reorient-Cube-Allegro-Direct,training,rsl_rl,ovphysx,none,8192,42,10,87783.6,15187.41420606769,93693.0,7.67,0.75,8.01,39.88,18.76,NVIDIA RTX PRO 6000 Blackwell Server Edition,94.97,INTEL(R) XEON(R) GOLD 5512U,56,251.36,12.9.7,NVIDIA-Linux-x86_64-595.58.03,e8ed805aa46563d1109c4d00b0e97117d731f10e,184746,2026-08-31T00:56:13.514182,,ISAAC_LAB_SINGLE_GPU_GTL_PRESET_OVPHYSX_E8192,benchmark_rsl_rl_Isaac-Reorient-Cube-Allegro-Direct_8192,2026-08-30,,dirty working tree reported,95939.10121656847,16860.229570822663,102601.20251406214,database,database
2026-08-31,measured,2026-08-31T07:12:09.231853Z,Isaac-Reorient-Cube-Shadow,training,rsl_rl,isaacsim_physx,none,8192,42,10,152803.2,33270.02573154667,170821.0,11.0,0.56,11.26,36.9,23.52,NVIDIA RTX PRO 6000 Blackwell Server Edition,94.97,INTEL(R) XEON(R) GOLD 5512U,56,251.36,12.9.7,NVIDIA-Linux-x86_64-595.58.03,e8ed805aa46563d1109c4d00b0e97117d731f10e,184510,2026-08-31T00:08:06.213487,,ISAAC_LAB_SINGLE_GPU_GTL_PRESET_PHYSX_E8192,benchmark_rsl_rl_Isaac-Reorient-Cube-Shadow_8192,2026-08-30,,dirty working tree reported,175753.4072250326,38887.68292736948,197770.9636400265,database,database
2026-08-31,measured,2026-08-31T07:41:04.477123Z,Isaac-Reorient-Cube-Shadow,training,rsl_rl,newton_mjwarp,none,8192,42,10,260776.1,60913.298340893234,283427.0,8.64,2.67,9.82,56.71,36.42,NVIDIA RTX PRO 6000 Blackwell Server Edition,94.97,INTEL(R) XEON(R) GOLD 5512U,56,251.36,12.9.7,NVIDIA-Linux-x86_64-595.58.03,e8ed805aa46563d1109c4d00b0e97117d731f10e,184642,2026-08-31T00:39:28.561082,,ISAAC_LAB_SINGLE_GPU_GTL_PRESET_NEWTON_MJWARP_E8192,benchmark_rsl_rl_Isaac-Reorient-Cube-Shadow_8192,2026-08-30,,dirty working tree reported,325520.06475330296,78013.87076138382,355792.8507510887,database,database
2026-08-31,measured,2026-08-31T08:00:54.558284Z,Isaac-Reorient-Cube-Shadow,training,rsl_rl,ovphysx,none,8192,42,10,102135.5,16820.183439678785,108664.0,7.98,0.56,8.26,23.64,8.4,NVIDIA RTX PRO 6000 Blackwell Server Edition,94.97,INTEL(R) XEON(R) GOLD 5512U,56,251.36,12.9.7,NVIDIA-Linux-x86_64-595.58.03,e8ed805aa46563d1109c4d00b0e97117d731f10e,184753,2026-08-31T00:56:20.437318,,ISAAC_LAB_SINGLE_GPU_GTL_PRESET_OVPHYSX_E8192,benchmark_rsl_rl_Isaac-Reorient-Cube-Shadow_8192,2026-08-30,,dirty working tree reported,111012.84101789698,17880.05387647723,118109.30304496421,database,database
2026-08-31,measured,2026-08-31T04:35:20.796595Z,Isaac-Reorient-Cube-Shadow-Camera,training,rsl_rl,isaacsim_physx,isaacsim_rtx,8192,42,10,43440.6,5516.186810953136,45533.0,19.05,1.6,19.75,43.07,18.91,NVIDIA RTX PRO 6000 Blackwell Server Edition,94.97,INTEL(R) XEON(R) GOLD 5512U,56,251.36,12.9.7,NVIDIA-Linux-x86_64-595.58.03,e8ed805aa46563d1109c4d00b0e97117d731f10e,183932,2026-08-30T21:30:22.497965,simple_shading_full_mdl,ISAAC_LAB_SINGLE_GPU_GTL_PRESET_PHYSX_ISAACSIMRTX_SSFM_E8192_R64,benchmark_rsl_rl_Isaac-Reorient-Cube-Shadow-Camera_r64_8192,2026-08-30,,dirty working tree reported; resolved camera dimensions not recorded; fixed profile selected by explicit preset,45675.4285846651,5945.5545173256905,48051.99523916617,database,database
2026-08-31,measured,2026-08-31T08:46:12.334262Z,Isaac-Reorient-Cube-Shadow-Camera,training,rsl_rl,newton_mjwarp,newton_renderer,8192,42,10,119528.3,6237.324017557529,122309.0,16.1,2.05,16.68,89.89,9.44,NVIDIA RTX PRO 6000 Blackwell Server Edition,94.97,INTEL(R) XEON(R) GOLD 5512U,56,251.36,12.9.7,NVIDIA-Linux-x86_64-595.58.03,e8ed805aa46563d1109c4d00b0e97117d731f10e,184914,2026-08-31T01:44:31.436749,rgb,ISAAC_LAB_SINGLE_GPU_GTL_PRESET_NEWTON_WARP_RGB_E8192_R64,benchmark_rsl_rl_Isaac-Reorient-Cube-Shadow-Camera_r64_8192,2026-08-30,,dirty working tree reported; resolved camera dimensions not recorded; fixed profile selected by explicit preset,136232.17855548052,7278.0991632734895,139580.7502949001,database,database
2026-08-31,measured,2026-08-31T04:27:46.79927Z,Isaac-Reorient-Cube-Shadow-Camera,training,rsl_rl,newton_mjwarp,ovrtx,8192,42,10,72703.6,5236.445639298983,75052.0,20.85,1.9,21.42,55.65,14.68,NVIDIA RTX PRO 6000 Blackwell Server Edition,94.97,INTEL(R) XEON(R) GOLD 5512U,56,251.36,12.9.7,NVIDIA-Linux-x86_64-595.58.03,e8ed805aa46563d1109c4d00b0e97117d731f10e,183901,2026-08-30T21:25:00.972405,simple_shading_full_mdl,ISAAC_LAB_SINGLE_GPU_GTL_PRESET_NEWTON_OVRTX_SSFM_E8192_R64,benchmark_rsl_rl_Isaac-Reorient-Cube-Shadow-Camera_r64_8192,2026-08-30,,dirty working tree reported; resolved camera dimensions not recorded; fixed profile selected by explicit preset,78662.04191310762,5843.272401430519,81332.05539249866,database,database
2026-08-31,measured,2026-08-31T04:34:18.894948Z,Isaac-Reorient-Cube-Shadow-Camera,training,rsl_rl,ovphysx,ovrtx,8192,42,10,54204.9,3247.895436535275,56403.0,19.47,1.39,19.96,39.58,18.68,NVIDIA RTX PRO 6000 Blackwell Server Edition,94.97,INTEL(R) XEON(R) GOLD 5512U,56,251.36,12.9.7,NVIDIA-Linux-x86_64-595.58.03,e8ed805aa46563d1109c4d00b0e97117d731f10e,183927,2026-08-30T21:29:44.884655,simple_shading_full_mdl,ISAAC_LAB_SINGLE_GPU_GTL_PRESET_OVPHYSX_OVRTX_SSFM_E8192_R64,benchmark_rsl_rl_Isaac-Reorient-Cube-Shadow-Camera_r64_8192,2026-08-30,,dirty working tree reported; resolved camera dimensions not recorded; fixed profile selected by explicit preset,57453.9656055389,3507.048320210466,59872.80568220951,database,database
2026-08-31,measured,2026-08-31T04:35:20.796595Z,Isaac-Reorient-Cube-Shadow-Camera-Direct,training,rsl_rl,isaacsim_physx,isaacsim_rtx,8192,42,10,39912.0,5283.89408170401,42000.0,19.06,1.58,19.67,40.44,20.23,NVIDIA RTX PRO 6000 Blackwell Server Edition,94.97,INTEL(R) XEON(R) GOLD 5512U,56,251.36,12.9.7,NVIDIA-Linux-x86_64-595.58.03,e8ed805aa46563d1109c4d00b0e97117d731f10e,183932,2026-08-30T21:25:25.168886,simple_shading_full_mdl,ISAAC_LAB_SINGLE_GPU_GTL_PRESET_PHYSX_ISAACSIMRTX_SSFM_E8192_R64,benchmark_rsl_rl_Isaac-Reorient-Cube-Shadow-Camera-Direct_r64_8192,2026-08-30,,dirty working tree reported; resolved camera dimensions not recorded; fixed profile selected by explicit preset,41785.943756895686,5695.559971645936,44141.890237964624,database,database
2026-08-31,measured,2026-08-31T08:46:12.334262Z,Isaac-Reorient-Cube-Shadow-Camera-Direct,training,rsl_rl,newton_mjwarp,newton_renderer,8192,42,10,118293.5,8469.961973547068,121856.0,16.1,2.05,16.68,88.3,13.93,NVIDIA RTX PRO 6000 Blackwell Server Edition,94.97,INTEL(R) XEON(R) GOLD 5512U,56,251.36,12.9.7,NVIDIA-Linux-x86_64-595.58.03,e8ed805aa46563d1109c4d00b0e97117d731f10e,184914,2026-08-31T01:43:12.439002,rgb,ISAAC_LAB_SINGLE_GPU_GTL_PRESET_NEWTON_WARP_RGB_E8192_R64,benchmark_rsl_rl_Isaac-Reorient-Cube-Shadow-Camera-Direct_r64_8192,2026-08-30,,dirty working tree reported; resolved camera dimensions not recorded; fixed profile selected by explicit preset,134548.3771749628,10495.374218346511,138992.77103347966,database,database
2026-08-31,measured,2026-08-31T04:27:46.79927Z,Isaac-Reorient-Cube-Shadow-Camera-Direct,training,rsl_rl,newton_mjwarp,ovrtx,8192,42,10,72265.6,6090.02724314286,75083.0,20.82,1.91,21.42,55.53,15.01,NVIDIA RTX PRO 6000 Blackwell Server Edition,94.97,INTEL(R) XEON(R) GOLD 5512U,56,251.36,12.9.7,NVIDIA-Linux-x86_64-595.58.03,e8ed805aa46563d1109c4d00b0e97117d731f10e,183901,2026-08-30T21:22:33.215657,simple_shading_full_mdl,ISAAC_LAB_SINGLE_GPU_GTL_PRESET_NEWTON_OVRTX_SSFM_E8192_R64,benchmark_rsl_rl_Isaac-Reorient-Cube-Shadow-Camera-Direct_r64_8192,2026-08-30,,dirty working tree reported; resolved camera dimensions not recorded; fixed profile selected by explicit preset,78117.45889584535,6931.322866942021,81351.44427259333,database,database
2026-08-31,measured,2026-08-31T04:34:18.894948Z,Isaac-Reorient-Cube-Shadow-Camera-Direct,training,rsl_rl,ovphysx,ovrtx,8192,42,10,54919.1,3701.4367015465164,57331.0,19.45,1.4,19.94,42.54,17.95,NVIDIA RTX PRO 6000 Blackwell Server Edition,94.97,INTEL(R) XEON(R) GOLD 5512U,56,251.36,12.9.7,NVIDIA-Linux-x86_64-595.58.03,e8ed805aa46563d1109c4d00b0e97117d731f10e,183927,2026-08-30T21:25:34.671392,simple_shading_full_mdl,ISAAC_LAB_SINGLE_GPU_GTL_PRESET_OVPHYSX_OVRTX_SSFM_E8192_R64,benchmark_rsl_rl_Isaac-Reorient-Cube-Shadow-Camera-Direct_r64_8192,2026-08-30,,dirty working tree reported; resolved camera dimensions not recorded; fixed profile selected by explicit preset,58228.32158916857,4081.3885315852604,60912.031424181914,database,database
2026-08-31,measured,2026-08-31T07:12:09.231853Z,Isaac-Reorient-Cube-Shadow-Direct,training,rsl_rl,isaacsim_physx,none,8192,42,10,153243.2,36685.45323512668,172755.0,10.89,0.64,11.29,38.0,21.0,NVIDIA RTX PRO 6000 Blackwell Server Edition,94.97,INTEL(R) XEON(R) GOLD 5512U,56,251.36,12.9.7,NVIDIA-Linux-x86_64-595.58.03,e8ed805aa46563d1109c4d00b0e97117d731f10e,184510,2026-08-31T00:09:57.744203,,ISAAC_LAB_SINGLE_GPU_GTL_PRESET_PHYSX_E8192,benchmark_rsl_rl_Isaac-Reorient-Cube-Shadow-Direct_8192,2026-08-30,,dirty working tree reported,178505.57733210374,44320.19106751071,200483.05562776153,database,database
2026-08-31,measured,2026-08-31T07:41:11.882003Z,Isaac-Reorient-Cube-Shadow-Direct,training,rsl_rl,newton_mjwarp,none,8192,42,10,257184.6,65825.71591913502,279129.0,8.63,2.67,9.82,55.0,37.87,NVIDIA RTX PRO 6000 Blackwell Server Edition,94.97,INTEL(R) XEON(R) GOLD 5512U,56,251.36,12.9.7,NVIDIA-Linux-x86_64-595.58.03,e8ed805aa46563d1109c4d00b0e97117d731f10e,184645,2026-08-31T00:40:09.098827,,ISAAC_LAB_SINGLE_GPU_GTL_PRESET_NEWTON_MJWARP_E8192,benchmark_rsl_rl_Isaac-Reorient-Cube-Shadow-Direct_8192,2026-08-30,,dirty working tree reported; Total FPS coefficient of variation >25%; Collection FPS coefficient of variation >25%,319523.0356286671,85112.99261500099,348124.9664467439,database,database
2026-08-31,measured,2026-08-31T08:00:54.558284Z,Isaac-Reorient-Cube-Shadow-Direct,training,rsl_rl,ovphysx,none,8192,42,10,102754.4,19536.09560787416,113396.0,7.97,0.56,8.25,24.86,13.5,NVIDIA RTX PRO 6000 Blackwell Server Edition,94.97,INTEL(R) XEON(R) GOLD 5512U,56,251.36,12.9.7,NVIDIA-Linux-x86_64-595.58.03,e8ed805aa46563d1109c4d00b0e97117d731f10e,184753,2026-08-31T00:58:24.716616,,ISAAC_LAB_SINGLE_GPU_GTL_PRESET_OVPHYSX_E8192,benchmark_rsl_rl_Isaac-Reorient-Cube-Shadow-Direct_8192,2026-08-30,,dirty working tree reported,111597.76655532724,21495.951010559977,123696.29508775088,database,database
2026-08-31,measured,2026-08-31T07:13:13.572708Z,Isaac-Reorient-KukaAllegro,training,rsl_rl,isaacsim_physx,none,8192,42,10,54589.8,3028.815052495319,60442.0,16.23,1.0,16.68,75.37,14.07,NVIDIA RTX PRO 6000 Blackwell Server Edition,94.97,INTEL(R) XEON(R) GOLD 5512U,56,251.36,12.9.7,NVIDIA-Linux-x86_64-595.58.03,e8ed805aa46563d1109c4d00b0e97117d731f10e,184513,2026-08-31T00:08:28.929772,,ISAAC_LAB_SINGLE_GPU_GTL_PRESET_PHYSX_E8192,benchmark_rsl_rl_Isaac-Reorient-KukaAllegro_8192,2026-08-30,,dirty working tree reported,58068.183402743256,3577.792353048142,65360.41699540716,database,database
2026-08-31,measured,2026-08-31T07:38:50.522583Z,Isaac-Reorient-KukaAllegro,training,rsl_rl,newton_mjwarp,none,8192,42,10,192850.5,28112.243031778482,208279.0,8.3,1.06,8.7,68.87,26.3,NVIDIA RTX PRO 6000 Blackwell Server Edition,94.97,INTEL(R) XEON(R) GOLD 5512U,56,251.36,12.9.7,NVIDIA-Linux-x86_64-595.58.03,e8ed805aa46563d1109c4d00b0e97117d731f10e,184636,2026-08-31T00:37:42.047795,,ISAAC_LAB_SINGLE_GPU_GTL_PRESET_NEWTON_MJWARP_E8192,benchmark_rsl_rl_Isaac-Reorient-KukaAllegro_8192,2026-08-30,,dirty working tree reported,238000.70070565178,37678.72397051456,260308.4433686563,database,database
2026-08-31,measured,2026-08-31T08:01:05.716963Z,Isaac-Reorient-KukaAllegro,training,rsl_rl,ovphysx,none,8192,42,10,31425.6,611.7616093435961,32303.0,14.04,0.95,14.52,57.12,27.44,NVIDIA RTX PRO 6000 Blackwell Server Edition,94.97,INTEL(R) XEON(R) GOLD 5512U,56,251.36,12.9.7,NVIDIA-Linux-x86_64-595.58.03,e8ed805aa46563d1109c4d00b0e97117d731f10e,184755,2026-08-31T00:57:14.912365,,ISAAC_LAB_SINGLE_GPU_GTL_PRESET_OVPHYSX_E8192,benchmark_rsl_rl_Isaac-Reorient-KukaAllegro_8192,2026-08-30,,dirty working tree reported,32420.353734894736,595.183064729243,33332.68743613197,database,database
2026-08-31,measured,2026-08-31T09:02:50.493226Z,Isaac-Reorient-KukaAllegro-Camera,training,rsl_rl,isaacsim_physx,isaacsim_rtx,8192,42,10,12696.6,2321.456257515001,13823.0,32.35,1.87,33.24,14.99,26.1,NVIDIA RTX PRO 6000 Blackwell Server Edition,94.97,INTEL(R) XEON(R) GOLD 5512U,56,251.36,12.9.7,NVIDIA-Linux-x86_64-595.58.03,e8ed805aa46563d1109c4d00b0e97117d731f10e,184991,2026-08-31T01:54:00.684853,"cube,simple_shading_full_mdl64,single_camera",ISAAC_LAB_SINGLE_GPU_GTL_PRESET_PHYSX_ISAACSIMRTX_SSFM_E8192_R64,benchmark_rsl_rl_Isaac-Reorient-KukaAllegro-Camera_cube_single_camera_simple_shading_full_mdl64_r64_8192,2026-08-30,,dirty working tree reported; resolved camera dimensions not recorded; fixed profile selected by explicit preset,13380.363276924916,2383.212637281904,14526.417477662451,database,database
2026-08-31,measured,2026-08-31T08:40:43.160833Z,Isaac-Reorient-KukaAllegro-Camera,training,rsl_rl,newton_mjwarp,newton_renderer,8192,42,10,102640.0,23270.15565053229,110586.0,22.87,1.84,24.93,74.17,29.99,NVIDIA RTX PRO 6000 Blackwell Server Edition,94.97,INTEL(R) XEON(R) GOLD 5512U,56,251.36,12.9.7,NVIDIA-Linux-x86_64-595.58.03,e8ed805aa46563d1109c4d00b0e97117d731f10e,184897,2026-08-31T01:39:24.330413,"cube,rgb64,single_camera",ISAAC_LAB_SINGLE_GPU_GTL_PRESET_NEWTON_WARP_RGB_E8192_R64,benchmark_rsl_rl_Isaac-Reorient-KukaAllegro-Camera_cube_single_camera_rgb64_r64_8192,2026-08-30,,dirty working tree reported; resolved camera dimensions not recorded; fixed profile selected by explicit preset,164844.33568701337,35416.38229570337,177459.3684120823,database,database
2026-08-31,measured,2026-08-31T09:04:37.842147Z,Isaac-Reorient-KukaAllegro-Camera,training,rsl_rl,newton_mjwarp,ovrtx,8192,42,10,68551.6,13193.137342320564,73035.0,28.24,1.71,30.18,57.6,29.26,NVIDIA RTX PRO 6000 Blackwell Server Edition,94.97,INTEL(R) XEON(R) GOLD 5512U,56,251.36,12.9.7,NVIDIA-Linux-x86_64-595.58.03,e8ed805aa46563d1109c4d00b0e97117d731f10e,185000,2026-08-31T02:02:23.335854,"cube,simple_shading_full_mdl64,single_camera",ISAAC_LAB_SINGLE_GPU_GTL_PRESET_NEWTON_OVRTX_SSFM_E8192_R64,benchmark_rsl_rl_Isaac-Reorient-KukaAllegro-Camera_cube_single_camera_simple_shading_full_mdl64_r64_8192,2026-08-30,,dirty working tree reported; resolved camera dimensions not recorded; fixed profile selected by explicit preset,92202.24931153035,15009.51693626331,97673.7223844573,database,database
2026-08-31,measured,2026-08-31T04:28:40.582767Z,Isaac-Reorient-KukaAllegro-Camera,training,rsl_rl,ovphysx,ovrtx,8192,42,10,23262.2,2322.4229588944386,24562.0,34.65,1.63,41.31,40.29,32.6,NVIDIA RTX PRO 6000 Blackwell Server Edition,94.97,INTEL(R) XEON(R) GOLD 5512U,56,251.36,12.9.7,NVIDIA-Linux-x86_64-595.58.03,e8ed805aa46563d1109c4d00b0e97117d731f10e,183905,2026-08-30T21:23:31.027115,"cube,simple_shading_full_mdl64,single_camera",ISAAC_LAB_SINGLE_GPU_GTL_PRESET_OVPHYSX_OVRTX_SSFM_E8192_R64,benchmark_rsl_rl_Isaac-Reorient-KukaAllegro-Camera_cube_single_camera_simple_shading_full_mdl64_r64_8192,2026-08-30,,dirty working tree reported; resolved camera dimensions not recorded; fixed profile selected by explicit preset,25661.213910509097,1703.695301364734,26901.45465908694,database,database
2026-08-31,measured,2026-08-31T07:14:20.399845Z,Isaac-Shadow-Handover-Direct,training,rsl_rl,isaacsim_physx,none,8192,42,10,111123.8,22886.08457750886,122048.0,14.05,0.69,14.4,35.23,15.99,NVIDIA RTX PRO 6000 Blackwell Server Edition,94.97,INTEL(R) XEON(R) GOLD 5512U,56,251.36,12.9.7,NVIDIA-Linux-x86_64-595.58.03,e8ed805aa46563d1109c4d00b0e97117d731f10e,184520,2026-08-31T00:10:04.500602,,ISAAC_LAB_SINGLE_GPU_GTL_PRESET_PHYSX_E8192,benchmark_rsl_rl_Isaac-Shadow-Handover-Direct_8192,2026-08-30,,dirty working tree reported,126765.8571198641,27285.164714089013,140801.50460420534,database,database
2026-08-31,measured,2026-08-31T07:44:52.482527Z,Isaac-Shadow-Handover-Direct,training,rsl_rl,newton_mjwarp,none,8192,42,10,107759.9,16972.046262081134,116482.0,13.28,2.56,14.05,74.21,33.12,NVIDIA RTX PRO 6000 Blackwell Server Edition,94.97,INTEL(R) XEON(R) GOLD 5512U,56,251.36,12.9.7,NVIDIA-Linux-x86_64-595.58.03,e8ed805aa46563d1109c4d00b0e97117d731f10e,184666,2026-08-31T00:41:47.167269,,ISAAC_LAB_SINGLE_GPU_GTL_PRESET_NEWTON_MJWARP_E8192,benchmark_rsl_rl_Isaac-Shadow-Handover-Direct_8192,2026-08-30,,dirty working tree reported,118363.83613887226,18631.216561566824,128317.174267001,database,database
2026-08-31,measured,2026-08-31T08:06:09.731667Z,Isaac-Shadow-Handover-Direct,training,rsl_rl,ovphysx,none,8192,42,10,63961.4,8190.348319821325,67661.0,12.24,0.57,12.46,20.62,7.02,NVIDIA RTX PRO 6000 Blackwell Server Edition,94.97,INTEL(R) XEON(R) GOLD 5512U,56,251.36,12.9.7,NVIDIA-Linux-x86_64-595.58.03,e8ed805aa46563d1109c4d00b0e97117d731f10e,184773,2026-08-31T00:57:04.728254,,ISAAC_LAB_SINGLE_GPU_GTL_PRESET_OVPHYSX_E8192,benchmark_rsl_rl_Isaac-Shadow-Handover-Direct_8192,2026-08-30,,dirty working tree reported,67513.80445440246,8543.353707728811,71474.5155435113,database,database
2026-08-31,measured,2026-08-31T07:11:39.54129Z,Isaac-Velocity-Flat-AnymalD,training,rsl_rl,isaacsim_physx,none,8192,42,10,159559.5,32626.458432280593,178624.0,10.01,0.41,10.18,29.71,12.28,NVIDIA RTX PRO 6000 Blackwell Server Edition,94.97,INTEL(R) XEON(R) GOLD 5512U,56,251.36,12.9.7,NVIDIA-Linux-x86_64-595.58.03,e8ed805aa46563d1109c4d00b0e97117d731f10e,184509,2026-08-31T00:09:25.947201,,ISAAC_LAB_SINGLE_GPU_GTL_PRESET_PHYSX_E8192,benchmark_rsl_rl_Isaac-Velocity-Flat-AnymalD_8192,2026-08-30,,dirty working tree reported,171998.96729623704,35212.992013891984,192365.71244298198,database,database
2026-08-31,measured,2026-08-31T07:38:37.145323Z,Isaac-Velocity-Flat-AnymalD,training,rsl_rl,newton_mjwarp,none,8192,42,10,229675.4,48075.53257161531,248290.0,2.75,0.2,2.86,64.09,33.49,NVIDIA RTX PRO 6000 Blackwell Server Edition,94.97,INTEL(R) XEON(R) GOLD 5512U,56,251.36,12.9.7,NVIDIA-Linux-x86_64-595.58.03,e8ed805aa46563d1109c4d00b0e97117d731f10e,184635,2026-08-31T00:37:49.525895,,ISAAC_LAB_SINGLE_GPU_GTL_PRESET_NEWTON_MJWARP_E8192,benchmark_rsl_rl_Isaac-Velocity-Flat-AnymalD_8192,2026-08-30,,dirty working tree reported,248563.43436508393,51543.079579720805,268833.1049677648,database,database
2026-08-31,measured,2026-08-31T08:00:34.530917Z,Isaac-Velocity-Flat-AnymalD,training,rsl_rl,ovphysx,none,8192,42,10,201130.4,41539.50074915308,219149.0,6.97,0.44,7.17,32.08,14.76,NVIDIA RTX PRO 6000 Blackwell Server Edition,94.97,INTEL(R) XEON(R) GOLD 5512U,56,251.36,12.9.7,NVIDIA-Linux-x86_64-595.58.03,e8ed805aa46563d1109c4d00b0e97117d731f10e,184752,2026-08-31T00:58:51.405316,,ISAAC_LAB_SINGLE_GPU_GTL_PRESET_OVPHYSX_E8192,benchmark_rsl_rl_Isaac-Velocity-Flat-AnymalD_8192,2026-08-30,,dirty working tree reported,216023.50624805223,44284.60891032162,235581.63396350606,database,database
2026-08-31,measured,2026-08-31T07:12:31.938628Z,Isaac-Velocity-Flat-Cassie,training,rsl_rl,isaacsim_physx,none,8192,42,10,234130.5,53304.83486149367,262378.0,9.13,0.42,9.31,29.8,15.02,NVIDIA RTX PRO 6000 Blackwell Server Edition,94.97,INTEL(R) XEON(R) GOLD 5512U,56,251.36,12.9.7,NVIDIA-Linux-x86_64-595.58.03,e8ed805aa46563d1109c4d00b0e97117d731f10e,184511,2026-08-31T00:10:57.298651,,ISAAC_LAB_SINGLE_GPU_GTL_PRESET_PHYSX_E8192,benchmark_rsl_rl_Isaac-Velocity-Flat-Cassie_8192,2026-08-30,,dirty working tree reported,262282.6967854268,59347.64574605119,293791.9381287936,database,database
2026-08-31,measured,2026-08-31T07:38:31.221935Z,Isaac-Velocity-Flat-Cassie,training,rsl_rl,newton_mjwarp,none,8192,42,10,421764.5,111428.04204433161,458344.0,1.82,0.24,1.95,45.0,31.37,NVIDIA RTX PRO 6000 Blackwell Server Edition,94.97,INTEL(R) XEON(R) GOLD 5512U,56,251.36,12.9.7,NVIDIA-Linux-x86_64-595.58.03,e8ed805aa46563d1109c4d00b0e97117d731f10e,184634,2026-08-31T00:37:46.149617,,ISAAC_LAB_SINGLE_GPU_GTL_PRESET_NEWTON_MJWARP_E8192,benchmark_rsl_rl_Isaac-Velocity-Flat-Cassie_8192,2026-08-30,,dirty working tree reported; Total FPS coefficient of variation >25%; Collection FPS coefficient of variation >25%,495946.88752956025,132836.99970624296,539571.5801694941,database,database
2026-08-31,measured,2026-08-31T08:00:06.810214Z,Isaac-Velocity-Flat-Cassie,training,rsl_rl,ovphysx,none,8192,42,10,295957.7,70932.43003505362,323271.0,6.04,0.42,6.22,30.67,17.88,NVIDIA RTX PRO 6000 Blackwell Server Edition,94.97,INTEL(R) XEON(R) GOLD 5512U,56,251.36,12.9.7,NVIDIA-Linux-x86_64-595.58.03,e8ed805aa46563d1109c4d00b0e97117d731f10e,184749,2026-08-31T00:58:47.449050,,ISAAC_LAB_SINGLE_GPU_GTL_PRESET_OVPHYSX_E8192,benchmark_rsl_rl_Isaac-Velocity-Flat-Cassie_8192,2026-08-30,,dirty working tree reported,329555.35639986745,79152.44354182536,360489.9423799232,database,database
2026-08-31,measured,2026-08-31T07:14:55.956243Z,Isaac-Velocity-Flat-G1,training,rsl_rl,isaacsim_physx,none,8192,42,10,137404.3,28332.123158665287,148768.0,11.58,0.35,11.76,48.53,25.09,NVIDIA RTX PRO 6000 Blackwell Server Edition,94.97,INTEL(R) XEON(R) GOLD 5512U,56,251.36,12.9.7,NVIDIA-Linux-x86_64-595.58.03,e8ed805aa46563d1109c4d00b0e97117d731f10e,184523,2026-08-31T00:10:40.723607,,ISAAC_LAB_SINGLE_GPU_GTL_PRESET_PHYSX_E8192,benchmark_rsl_rl_Isaac-Velocity-Flat-G1_8192,2026-08-30,,dirty working tree reported,146384.12337270824,29693.16725863492,158352.12239661496,database,database
2026-08-31,measured,2026-08-31T07:39:42.605775Z,Isaac-Velocity-Flat-G1,training,rsl_rl,newton_mjwarp,none,8192,42,10,249080.4,58181.68710590033,268930.0,4.17,0.47,4.45,63.4,33.52,NVIDIA RTX PRO 6000 Blackwell Server Edition,94.97,INTEL(R) XEON(R) GOLD 5512U,56,251.36,12.9.7,NVIDIA-Linux-x86_64-595.58.03,e8ed805aa46563d1109c4d00b0e97117d731f10e,184638,2026-08-31T00:38:51.757581,,ISAAC_LAB_SINGLE_GPU_GTL_PRESET_NEWTON_MJWARP_E8192,benchmark_rsl_rl_Isaac-Velocity-Flat-G1_8192,2026-08-30,,dirty working tree reported,273081.1545784855,63758.22627069493,295007.7615536106,database,database
2026-08-31,measured,2026-08-31T08:02:47.57793Z,Isaac-Velocity-Flat-G1,training,rsl_rl,ovphysx,none,8192,42,10,181141.5,37699.27592363899,196133.0,9.32,0.37,9.52,60.38,26.87,NVIDIA RTX PRO 6000 Blackwell Server Edition,94.97,INTEL(R) XEON(R) GOLD 5512U,56,251.36,12.9.7,NVIDIA-Linux-x86_64-595.58.03,e8ed805aa46563d1109c4d00b0e97117d731f10e,184766,2026-08-31T00:59:30.740747,,ISAAC_LAB_SINGLE_GPU_GTL_PRESET_OVPHYSX_E8192,benchmark_rsl_rl_Isaac-Velocity-Flat-G1_8192,2026-08-30,,dirty working tree reported,193824.7323635227,39927.269041272426,210011.72534462315,database,database
2026-08-31,measured,2026-08-31T07:13:42.616787Z,Isaac-Velocity-Flat-H1,training,rsl_rl,isaacsim_physx,none,8192,42,10,218389.4,51003.76314482426,246442.0,9.28,0.27,9.44,34.27,16.03,NVIDIA RTX PRO 6000 Blackwell Server Edition,94.97,INTEL(R) XEON(R) GOLD 5512U,56,251.36,12.9.7,NVIDIA-Linux-x86_64-595.58.03,e8ed805aa46563d1109c4d00b0e97117d731f10e,184517,2026-08-31T00:11:23.037135,,ISAAC_LAB_SINGLE_GPU_GTL_PRESET_PHYSX_E8192,benchmark_rsl_rl_Isaac-Velocity-Flat-H1_8192,2026-08-30,,dirty working tree reported,242704.8562814035,57311.36025908005,272985.2998600701,database,database
2026-08-31,measured,2026-08-31T07:41:57.97731Z,Isaac-Velocity-Flat-H1,training,rsl_rl,newton_mjwarp,none,8192,42,10,361662.1,94315.04124469696,394508.0,2.29,0.26,2.43,45.0,36.84,NVIDIA RTX PRO 6000 Blackwell Server Edition,94.97,INTEL(R) XEON(R) GOLD 5512U,56,251.36,12.9.7,NVIDIA-Linux-x86_64-595.58.03,e8ed805aa46563d1109c4d00b0e97117d731f10e,184650,2026-08-31T00:41:11.339886,,ISAAC_LAB_SINGLE_GPU_GTL_PRESET_NEWTON_MJWARP_E8192,benchmark_rsl_rl_Isaac-Velocity-Flat-H1_8192,2026-08-30,,dirty working tree reported; Total FPS coefficient of variation >25%; Collection FPS coefficient of variation >25%,415055.85280424304,109365.40532652443,454139.72284180933,database,database
2026-08-31,measured,2026-08-31T08:00:25.38383Z,Isaac-Velocity-Flat-H1,training,rsl_rl,ovphysx,none,8192,42,10,286464.0,70374.07726018311,312368.0,6.18,0.25,6.32,34.56,19.6,NVIDIA RTX PRO 6000 Blackwell Server Edition,94.97,INTEL(R) XEON(R) GOLD 5512U,56,251.36,12.9.7,NVIDIA-Linux-x86_64-595.58.03,e8ed805aa46563d1109c4d00b0e97117d731f10e,184751,2026-08-31T00:58:41.492677,,ISAAC_LAB_SINGLE_GPU_GTL_PRESET_OVPHYSX_E8192,benchmark_rsl_rl_Isaac-Velocity-Flat-H1_8192,2026-08-30,,dirty working tree reported,316699.1692658517,77453.04445162922,344017.8021023192,database,database
2026-08-31,measured,2026-08-31T07:12:35.296225Z,Isaac-Velocity-Flat-UnitreeGo2,training,rsl_rl,isaacsim_physx,none,8192,42,10,201624.4,44678.26801377949,226757.0,9.28,0.28,9.44,30.45,14.39,NVIDIA RTX PRO 6000 Blackwell Server Edition,94.97,INTEL(R) XEON(R) GOLD 5512U,56,251.36,12.9.7,NVIDIA-Linux-x86_64-595.58.03,e8ed805aa46563d1109c4d00b0e97117d731f10e,184512,2026-08-31T00:10:03.120669,,ISAAC_LAB_SINGLE_GPU_GTL_PRESET_PHYSX_E8192,benchmark_rsl_rl_Isaac-Velocity-Flat-UnitreeGo2_8192,2026-08-30,,dirty working tree reported,222081.85959767585,49872.213655602754,249892.7925671601,database,database
2026-08-31,measured,2026-08-31T07:41:30.3966Z,Isaac-Velocity-Flat-UnitreeGo2,training,rsl_rl,newton_mjwarp,none,8192,42,10,457095.3,123198.82072492054,497593.0,2.13,0.23,2.27,49.71,31.35,NVIDIA RTX PRO 6000 Blackwell Server Edition,94.97,INTEL(R) XEON(R) GOLD 5512U,56,251.36,12.9.7,NVIDIA-Linux-x86_64-595.58.03,e8ed805aa46563d1109c4d00b0e97117d731f10e,184648,2026-08-31T00:40:44.384623,,ISAAC_LAB_SINGLE_GPU_GTL_PRESET_NEWTON_MJWARP_E8192,benchmark_rsl_rl_Isaac-Velocity-Flat-UnitreeGo2_8192,2026-08-30,,dirty working tree reported; Total FPS coefficient of variation >25%; Collection FPS coefficient of variation >25%,543471.4550361832,148748.73973416685,591596.2623434891,database,database
2026-08-31,measured,2026-08-31T08:02:44.098851Z,Isaac-Velocity-Flat-UnitreeGo2,training,rsl_rl,ovphysx,none,8192,42,10,106882.9,18104.625728433788,116016.0,6.45,0.25,6.58,16.75,7.91,NVIDIA RTX PRO 6000 Blackwell Server Edition,94.97,INTEL(R) XEON(R) GOLD 5512U,56,251.36,12.9.7,NVIDIA-Linux-x86_64-595.58.03,e8ed805aa46563d1109c4d00b0e97117d731f10e,184765,2026-08-31T01:00:35.403690,,ISAAC_LAB_SINGLE_GPU_GTL_PRESET_OVPHYSX_E8192,benchmark_rsl_rl_Isaac-Velocity-Flat-UnitreeGo2_8192,2026-08-30,,dirty working tree reported,111084.69495433113,18377.470335764276,120535.40920244224,database,database
2026-08-31,measured,2026-08-31T07:13:52.612085Z,Isaac-Velocity-Rough-AnymalD,training,rsl_rl,isaacsim_physx,none,8192,42,10,62156.6,8615.848268033611,69115.0,12.79,0.67,13.08,65.61,22.07,NVIDIA RTX PRO 6000 Blackwell Server Edition,94.97,INTEL(R) XEON(R) GOLD 5512U,56,251.36,12.9.7,NVIDIA-Linux-x86_64-595.58.03,e8ed805aa46563d1109c4d00b0e97117d731f10e,184518,2026-08-31T00:11:16.284215,,ISAAC_LAB_SINGLE_GPU_GTL_PRESET_PHYSX_E8192,benchmark_rsl_rl_Isaac-Velocity-Rough-AnymalD_8192,2026-08-30,,dirty working tree reported,64587.51570558423,8904.08188410553,72748.83462667638,database,database
2026-08-31,measured,2026-08-31T07:41:52.799691Z,Isaac-Velocity-Rough-AnymalD,training,rsl_rl,newton_mjwarp,none,8192,42,10,120805.5,17252.42130671647,134121.0,6.53,0.49,6.74,80.44,28.98,NVIDIA RTX PRO 6000 Blackwell Server Edition,94.97,INTEL(R) XEON(R) GOLD 5512U,56,251.36,12.9.7,NVIDIA-Linux-x86_64-595.58.03,e8ed805aa46563d1109c4d00b0e97117d731f10e,184649,2026-08-31T00:40:52.279566,,ISAAC_LAB_SINGLE_GPU_GTL_PRESET_NEWTON_MJWARP_E8192,benchmark_rsl_rl_Isaac-Velocity-Rough-AnymalD_8192,2026-08-30,,dirty working tree reported,128950.8695093822,17986.335980577813,143602.96723771153,database,database
2026-08-31,measured,2026-08-31T08:02:56.054577Z,Isaac-Velocity-Rough-AnymalD,training,rsl_rl,ovphysx,none,8192,42,10,75938.1,6811.901194070403,82189.0,9.52,0.63,9.77,70.85,16.39,NVIDIA RTX PRO 6000 Blackwell Server Edition,94.97,INTEL(R) XEON(R) GOLD 5512U,56,251.36,12.9.7,NVIDIA-Linux-x86_64-595.58.03,e8ed805aa46563d1109c4d00b0e97117d731f10e,184768,2026-08-31T01:00:54.058771,,ISAAC_LAB_SINGLE_GPU_GTL_PRESET_OVPHYSX_E8192,benchmark_rsl_rl_Isaac-Velocity-Rough-AnymalD_8192,2026-08-30,,dirty working tree reported,79132.49421512608,6422.278186821613,85553.29176660531,database,database
2026-08-31,measured,2026-08-31T07:13:39.760798Z,Isaac-Velocity-Rough-Cassie,training,rsl_rl,isaacsim_physx,none,8192,42,10,124590.7,23185.864089282215,141175.0,11.35,0.51,11.58,57.18,21.48,NVIDIA RTX PRO 6000 Blackwell Server Edition,94.97,INTEL(R) XEON(R) GOLD 5512U,56,251.36,12.9.7,NVIDIA-Linux-x86_64-595.58.03,e8ed805aa46563d1109c4d00b0e97117d731f10e,184516,2026-08-31T00:11:55.376363,,ISAAC_LAB_SINGLE_GPU_GTL_PRESET_PHYSX_E8192,benchmark_rsl_rl_Isaac-Velocity-Rough-Cassie_8192,2026-08-30,,dirty working tree reported,134560.57053695119,25136.511140881685,152548.89621753033,database,database
2026-08-31,measured,2026-08-31T07:41:27.08256Z,Isaac-Velocity-Rough-Cassie,training,rsl_rl,newton_mjwarp,none,8192,42,10,201435.1,41687.071868732746,216654.0,5.86,0.65,6.21,71.0,33.27,NVIDIA RTX PRO 6000 Blackwell Server Edition,94.97,INTEL(R) XEON(R) GOLD 5512U,56,251.36,12.9.7,NVIDIA-Linux-x86_64-595.58.03,e8ed805aa46563d1109c4d00b0e97117d731f10e,184646,2026-08-31T00:40:33.407249,,ISAAC_LAB_SINGLE_GPU_GTL_PRESET_NEWTON_MJWARP_E8192,benchmark_rsl_rl_Isaac-Velocity-Rough-Cassie_8192,2026-08-30,,dirty working tree reported,224082.5618697052,46355.91216435325,242011.31790464217,database,database
2026-08-31,measured,2026-08-31T08:02:19.673156Z,Isaac-Velocity-Rough-Cassie,training,rsl_rl,ovphysx,none,8192,42,10,165521.1,31405.922648973923,178820.0,8.05,0.6,8.35,56.5,23.9,NVIDIA RTX PRO 6000 Blackwell Server Edition,94.97,INTEL(R) XEON(R) GOLD 5512U,56,251.36,12.9.7,NVIDIA-Linux-x86_64-595.58.03,e8ed805aa46563d1109c4d00b0e97117d731f10e,184760,2026-08-31T01:00:52.280006,,ISAAC_LAB_SINGLE_GPU_GTL_PRESET_OVPHYSX_E8192,benchmark_rsl_rl_Isaac-Velocity-Rough-Cassie_8192,2026-08-30,,dirty working tree reported,181142.33210037297,34173.57865151659,196008.42778765783,database,database
2026-08-31,measured,2026-08-31T07:04:45.587188Z,Isaac-Velocity-Rough-G1,training,rsl_rl,isaacsim_physx,none,8192,42,10,111168.4,21936.415868494914,127366.0,12.92,0.59,13.23,59.39,22.73,NVIDIA RTX PRO 6000 Blackwell Server Edition,94.97,INTEL(R) XEON(R) GOLD 5512U,56,251.36,12.9.7,NVIDIA-Linux-x86_64-595.58.03,e8ed805aa46563d1109c4d00b0e97117d731f10e,184489,2026-08-31T00:00:21.616416,,ISAAC_LAB_SINGLE_GPU_GTL_PRESET_PHYSX_E8192,benchmark_rsl_rl_Isaac-Velocity-Rough-G1_8192,2026-08-30,,dirty working tree reported,119688.55968970628,23650.58170069169,137573.1331345172,database,database
2026-08-31,measured,2026-08-31T07:27:48.361551Z,Isaac-Velocity-Rough-G1,training,rsl_rl,newton_mjwarp,none,8192,42,10,175460.6,36050.654970779964,187845.0,6.99,0.68,7.34,72.31,31.84,NVIDIA RTX PRO 6000 Blackwell Server Edition,94.97,INTEL(R) XEON(R) GOLD 5512U,56,251.36,12.9.7,NVIDIA-Linux-x86_64-595.58.03,e8ed805aa46563d1109c4d00b0e97117d731f10e,184566,2026-08-31T00:26:51.535960,,ISAAC_LAB_SINGLE_GPU_GTL_PRESET_NEWTON_MJWARP_E8192,benchmark_rsl_rl_Isaac-Velocity-Rough-G1_8192,2026-08-30,,dirty working tree reported,193583.86421036196,39871.522418653214,207376.03861875,database,database
2026-08-31,measured,2026-08-31T07:53:59.721336Z,Isaac-Velocity-Rough-G1,training,rsl_rl,ovphysx,none,8192,42,10,152139.9,29136.365888887227,162432.0,10.7,0.59,10.99,63.87,26.01,NVIDIA RTX PRO 6000 Blackwell Server Edition,94.97,INTEL(R) XEON(R) GOLD 5512U,56,251.36,12.9.7,NVIDIA-Linux-x86_64-595.58.03,e8ed805aa46563d1109c4d00b0e97117d731f10e,184716,2026-08-31T00:50:39.413790,,ISAAC_LAB_SINGLE_GPU_GTL_PRESET_OVPHYSX_E8192,benchmark_rsl_rl_Isaac-Velocity-Rough-G1_8192,2026-08-30,,dirty working tree reported,165657.18186290856,31618.148888346997,176890.2567682532,database,database
2026-08-31,measured,2026-08-31T07:14:57.664969Z,Isaac-Velocity-Rough-H1,training,rsl_rl,isaacsim_physx,none,8192,42,10,163339.7,34846.07622435177,184472.0,11.07,0.67,11.42,47.69,20.66,NVIDIA RTX PRO 6000 Blackwell Server Edition,94.97,INTEL(R) XEON(R) GOLD 5512U,56,251.36,12.9.7,NVIDIA-Linux-x86_64-595.58.03,e8ed805aa46563d1109c4d00b0e97117d731f10e,184524,2026-08-31T00:12:36.830191,,ISAAC_LAB_SINGLE_GPU_GTL_PRESET_PHYSX_E8192,benchmark_rsl_rl_Isaac-Velocity-Rough-H1_8192,2026-08-30,,dirty working tree reported,179918.87703591943,38763.28381656576,204302.29280231774,database,database
2026-08-31,measured,2026-08-31T07:43:27.771802Z,Isaac-Velocity-Rough-H1,training,rsl_rl,newton_mjwarp,none,8192,42,10,161752.3,30896.16468484937,173784.0,6.53,0.62,6.83,74.93,31.49,NVIDIA RTX PRO 6000 Blackwell Server Edition,94.97,INTEL(R) XEON(R) GOLD 5512U,56,251.36,12.9.7,NVIDIA-Linux-x86_64-595.58.03,e8ed805aa46563d1109c4d00b0e97117d731f10e,184657,2026-08-31T00:42:31.595853,,ISAAC_LAB_SINGLE_GPU_GTL_PRESET_NEWTON_MJWARP_E8192,benchmark_rsl_rl_Isaac-Velocity-Rough-H1_8192,2026-08-30,,dirty working tree reported,176005.9612064113,33338.61228680316,189744.8813043127,database,database
2026-08-31,measured,2026-08-31T08:02:24.927869Z,Isaac-Velocity-Rough-H1,training,rsl_rl,ovphysx,none,8192,42,10,216605.9,47772.76822963289,235302.0,7.66,0.7,8.06,47.36,23.85,NVIDIA RTX PRO 6000 Blackwell Server Edition,94.97,INTEL(R) XEON(R) GOLD 5512U,56,251.36,12.9.7,NVIDIA-Linux-x86_64-595.58.03,e8ed805aa46563d1109c4d00b0e97117d731f10e,184761,2026-08-31T01:00:34.392065,,ISAAC_LAB_SINGLE_GPU_GTL_PRESET_OVPHYSX_E8192,benchmark_rsl_rl_Isaac-Velocity-Rough-H1_8192,2026-08-30,,dirty working tree reported,243876.99861172464,54265.693237908206,265320.78687980265,database,database
2026-08-31,measured,2026-08-31T07:15:47.183286Z,Isaac-Velocity-Rough-UnitreeGo2,training,rsl_rl,isaacsim_physx,none,8192,42,10,79097.7,14442.938644118716,86564.0,12.37,0.6,12.67,62.29,24.27,NVIDIA RTX PRO 6000 Blackwell Server Edition,94.97,INTEL(R) XEON(R) GOLD 5512U,56,251.36,12.9.7,NVIDIA-Linux-x86_64-595.58.03,e8ed805aa46563d1109c4d00b0e97117d731f10e,184525,2026-08-31T00:13:01.361325,,ISAAC_LAB_SINGLE_GPU_GTL_PRESET_PHYSX_E8192,benchmark_rsl_rl_Isaac-Velocity-Rough-UnitreeGo2_8192,2026-08-30,,dirty working tree reported,82692.91092922146,14968.084809737598,90538.17295289825,database,database
2026-08-31,measured,2026-08-31T07:41:28.008642Z,Isaac-Velocity-Rough-UnitreeGo2,training,rsl_rl,newton_mjwarp,none,8192,42,10,133690.6,21988.359199055,146111.0,6.27,0.58,6.54,79.19,31.09,NVIDIA RTX PRO 6000 Blackwell Server Edition,94.97,INTEL(R) XEON(R) GOLD 5512U,56,251.36,12.9.7,NVIDIA-Linux-x86_64-595.58.03,e8ed805aa46563d1109c4d00b0e97117d731f10e,184647,2026-08-31T00:40:26.842356,,ISAAC_LAB_SINGLE_GPU_GTL_PRESET_NEWTON_MJWARP_E8192,benchmark_rsl_rl_Isaac-Velocity-Rough-UnitreeGo2_8192,2026-08-30,,dirty working tree reported,143712.38468152034,23125.457955240938,157379.9656266896,database,database
2026-08-31,measured,2026-08-31T08:06:25.537302Z,Isaac-Velocity-Rough-UnitreeGo2,training,rsl_rl,ovphysx,none,8192,42,10,57699.4,5378.770681526072,61274.0,9.07,0.53,9.28,45.82,12.06,NVIDIA RTX PRO 6000 Blackwell Server Edition,94.97,INTEL(R) XEON(R) GOLD 5512U,56,251.36,12.9.7,NVIDIA-Linux-x86_64-595.58.03,e8ed805aa46563d1109c4d00b0e97117d731f10e,184776,2026-08-31T01:04:00.741070,,ISAAC_LAB_SINGLE_GPU_GTL_PRESET_OVPHYSX_E8192,benchmark_rsl_rl_Isaac-Velocity-Rough-UnitreeGo2_8192,2026-08-30,,dirty working tree reported,59539.80642302987,5217.733689146125,63158.30870650624,database,database
2026-09-07,measured,2026-09-07T04:53:09.31082Z,Isaac-Ant,training,rsl_rl,isaacsim_physx,none,8192,42,10,376828.3,88128.25522819947,425106.0,8.55,0.53,8.82,20.22,12.38,NVIDIA RTX PRO 6000 Blackwell Server Edition,94.97,INTEL(R) XEON(R) GOLD 5512U,56,251.36,12.9.7,NVIDIA-Linux-x86_64-595.58.03,ad83008f236ccdbce68aebcdb034bdd65a582acd,201267,2026-09-06T21:51:05.553505,,ISAAC_LAB_SINGLE_GPU_GTL_PRESET_PHYSX_E8192,benchmark_rsl_rl_Isaac-Ant_8192,2026-09-06,,dirty working tree reported,448137.14161371486,107524.47966213257,509549.55173367827,database,database
2026-09-07,measured,2026-09-07T05:18:18.540783Z,Isaac-Ant,training,rsl_rl,newton_mjwarp,none,8192,42,10,766455.2,212739.53383776866,836507.0,2.15,0.61,2.54,27.0,19.78,NVIDIA RTX PRO 6000 Blackwell Server Edition,94.97,INTEL(R) XEON(R) GOLD 5512U,56,251.36,12.9.7,NVIDIA-Linux-x86_64-595.58.03,ad83008f236ccdbce68aebcdb034bdd65a582acd,201353,2026-09-06T22:17:18.390855,,ISAAC_LAB_SINGLE_GPU_GTL_PRESET_NEWTON_MJWARP_E8192,benchmark_rsl_rl_Isaac-Ant_8192,2026-09-06,,dirty working tree reported; Total FPS coefficient of variation >25%; Collection FPS coefficient of variation >25%,1088747.7135059077,316471.9073411494,1193275.6484003547,database,database
2026-09-07,measured,2026-09-07T05:47:39.261107Z,Isaac-Ant,training,rsl_rl,ovphysx,none,8192,42,10,501102.0,125913.53163183058,546080.0,5.56,0.61,5.91,25.71,21.67,NVIDIA RTX PRO 6000 Blackwell Server Edition,94.97,INTEL(R) XEON(R) GOLD 5512U,56,251.36,12.9.7,NVIDIA-Linux-x86_64-595.58.03,ad83008f236ccdbce68aebcdb034bdd65a582acd,201476,2026-09-06T22:45:37.819698,,ISAAC_LAB_SINGLE_GPU_GTL_PRESET_OVPHYSX_E8192,benchmark_rsl_rl_Isaac-Ant_8192,2026-09-06,,dirty working tree reported; Total FPS coefficient of variation >25%; Collection FPS coefficient of variation >25%,620181.0993031629,160553.70925868978,678713.8140572213,database,database
2026-09-07,measured,2026-09-07T04:53:09.31082Z,Isaac-Ant-Direct,training,rsl_rl,isaacsim_physx,none,8192,42,10,441368.8,80254.9013467575,484854.0,8.63,0.49,8.82,21.0,7.96,NVIDIA RTX PRO 6000 Blackwell Server Edition,94.97,INTEL(R) XEON(R) GOLD 5512U,56,251.36,12.9.7,NVIDIA-Linux-x86_64-595.58.03,ad83008f236ccdbce68aebcdb034bdd65a582acd,201267,2026-09-06T21:51:58.947924,,ISAAC_LAB_SINGLE_GPU_GTL_PRESET_PHYSX_E8192,benchmark_rsl_rl_Isaac-Ant-Direct_8192,2026-09-06,,dirty working tree reported,541541.2560596972,96003.62680095619,600146.5159535215,database,database
2026-09-07,measured,2026-09-07T05:18:18.540783Z,Isaac-Ant-Direct,training,rsl_rl,newton_mjwarp,none,8192,42,10,983953.6,234616.904094597,1062511.0,2.23,0.62,2.54,34.25,31.19,NVIDIA RTX PRO 6000 Blackwell Server Edition,94.97,INTEL(R) XEON(R) GOLD 5512U,56,251.36,12.9.7,NVIDIA-Linux-x86_64-595.58.03,ad83008f236ccdbce68aebcdb034bdd65a582acd,201353,2026-09-06T22:17:39.443635,,ISAAC_LAB_SINGLE_GPU_GTL_PRESET_NEWTON_MJWARP_E8192,benchmark_rsl_rl_Isaac-Ant-Direct_8192,2026-09-06,,dirty working tree reported; Collection FPS coefficient of variation >25%,1571058.6200837472,396634.5031435151,1706730.4974162593,database,database
2026-09-07,measured,2026-09-07T05:47:39.261107Z,Isaac-Ant-Direct,training,rsl_rl,ovphysx,none,8192,42,10,574129.8,111821.61910908722,621244.0,5.68,0.53,5.91,28.83,19.94,NVIDIA RTX PRO 6000 Blackwell Server Edition,94.97,INTEL(R) XEON(R) GOLD 5512U,56,251.36,12.9.7,NVIDIA-Linux-x86_64-595.58.03,ad83008f236ccdbce68aebcdb034bdd65a582acd,201476,2026-09-06T22:46:29.100692,,ISAAC_LAB_SINGLE_GPU_GTL_PRESET_OVPHYSX_E8192,benchmark_rsl_rl_Isaac-Ant-Direct_8192,2026-09-06,,dirty working tree reported,734777.9108333688,141749.02143239544,799672.1544489157,database,database
2026-09-07,measured,2026-09-07T04:49:47.434751Z,Isaac-Cartpole,training,rsl_rl,isaacsim_physx,none,8192,42,10,524762.5,116377.64393392362,581688.0,7.09,0.03,7.11,15.25,6.18,NVIDIA RTX PRO 6000 Blackwell Server Edition,94.97,INTEL(R) XEON(R) GOLD 5512U,56,251.36,12.9.7,NVIDIA-Linux-x86_64-595.58.03,ad83008f236ccdbce68aebcdb034bdd65a582acd,201253,2026-09-06T21:48:33.129455,,ISAAC_LAB_SINGLE_GPU_GTL_PRESET_PHYSX_E8192,benchmark_rsl_rl_Isaac-Cartpole_8192,2026-09-06,,dirty working tree reported,770576.2262033505,177624.4224860537,861359.5060933001,database,database
2026-09-07,measured,2026-09-07T05:19:36.00286Z,Isaac-Cartpole,training,rsl_rl,newton_mjwarp,none,8192,42,10,933745.4,241172.81552041566,1016394.0,0.93,0.06,0.96,16.33,14.15,NVIDIA RTX PRO 6000 Blackwell Server Edition,94.97,INTEL(R) XEON(R) GOLD 5512U,56,251.36,12.9.7,NVIDIA-Linux-x86_64-595.58.03,ad83008f236ccdbce68aebcdb034bdd65a582acd,201360,2026-09-06T22:18:43.069135,,ISAAC_LAB_SINGLE_GPU_GTL_PRESET_NEWTON_MJWARP_E8192,benchmark_rsl_rl_Isaac-Cartpole_8192,2026-09-06,,dirty working tree reported; Total FPS coefficient of variation >25%; Collection FPS coefficient of variation >25%,1675969.0410267299,459419.2139881636,1830195.031936108,database,database
2026-09-07,measured,2026-09-07T05:47:51.942902Z,Isaac-Cartpole,training,rsl_rl,ovphysx,none,8192,42,10,641657.4,150058.67648223476,697239.0,3.98,0.03,4.0,15.25,10.18,NVIDIA RTX PRO 6000 Blackwell Server Edition,94.97,INTEL(R) XEON(R) GOLD 5512U,56,251.36,12.9.7,NVIDIA-Linux-x86_64-595.58.03,ad83008f236ccdbce68aebcdb034bdd65a582acd,201477,2026-09-06T22:46:39.436151,,ISAAC_LAB_SINGLE_GPU_GTL_PRESET_OVPHYSX_E8192,benchmark_rsl_rl_Isaac-Cartpole_8192,2026-09-06,,dirty working tree reported,914723.3966770724,216821.95995439438,1001754.4208617822,database,database
2026-09-07,measured,2026-09-07T07:15:11.823309Z,Isaac-Cartpole-Camera,training,rsl_rl,isaacsim_physx,isaacsim_rtx,8192,42,10,66419.8,9085.845546171742,69688.0,65.46,2.33,66.49,50.21,32.39,NVIDIA RTX PRO 6000 Blackwell Server Edition,94.97,INTEL(R) XEON(R) GOLD 5512U,56,251.36,12.9.7,NVIDIA-Linux-x86_64-595.58.03,ad83008f236ccdbce68aebcdb034bdd65a582acd,201723,2026-09-07T00:12:51.476224,simple_shading_full_mdl,ISAAC_LAB_SINGLE_GPU_GTL_PRESET_PHYSX_ISAACSIMRTX_SSFM_E8192_R64,benchmark_rsl_rl_Isaac-Cartpole-Camera_r64_8192,2026-09-06,,dirty working tree reported; resolved camera dimensions not recorded; fixed profile selected by explicit preset,102914.75185626054,11068.491121019673,107329.09160389844,database,database
2026-09-07,measured,2026-09-07T06:49:24.131778Z,Isaac-Cartpole-Camera,training,rsl_rl,newton_mjwarp,newton_renderer,8192,42,10,140303.4,27236.408521601294,149104.0,58.33,2.28,59.39,79.45,29.58,NVIDIA RTX PRO 6000 Blackwell Server Edition,94.97,INTEL(R) XEON(R) GOLD 5512U,56,251.36,12.9.7,NVIDIA-Linux-x86_64-595.58.03,ad83008f236ccdbce68aebcdb034bdd65a582acd,201666,2026-09-06T23:48:07.669110,rgb,ISAAC_LAB_SINGLE_GPU_GTL_PRESET_NEWTON_WARP_RGB_E8192_R64,benchmark_rsl_rl_Isaac-Cartpole-Camera_r64_8192,2026-09-06,,dirty working tree reported; resolved camera dimensions not recorded; fixed profile selected by explicit preset,471821.5438910695,103495.55335898758,505373.18290546746,database,database
2026-09-07,measured,2026-09-07T07:43:25.296633Z,Isaac-Cartpole-Camera,training,rsl_rl,newton_mjwarp,ovrtx,8192,42,10,91167.7,13727.953517873262,96846.0,62.93,3.13,78.54,59.91,33.25,NVIDIA RTX PRO 6000 Blackwell Server Edition,94.97,INTEL(R) XEON(R) GOLD 5512U,56,251.36,12.9.7,NVIDIA-Linux-x86_64-595.58.03,ad83008f236ccdbce68aebcdb034bdd65a582acd,201791,2026-09-07T00:41:40.829630,simple_shading_full_mdl,ISAAC_LAB_SINGLE_GPU_GTL_PRESET_NEWTON_OVRTX_SSFM_E8192_R64,benchmark_rsl_rl_Isaac-Cartpole-Camera_r64_8192,2026-09-06,,dirty working tree reported; resolved camera dimensions not recorded; fixed profile selected by explicit preset,169369.27499352462,20181.949275219966,179928.71458060117,database,database
2026-09-07,measured,2026-09-07T02:19:00.137409Z,Isaac-Cartpole-Camera,training,rsl_rl,ovphysx,ovrtx,8192,42,10,87040.9,12940.430590895257,92002.0,65.57,2.27,66.37,56.73,33.13,NVIDIA RTX PRO 6000 Blackwell Server Edition,94.97,INTEL(R) XEON(R) GOLD 5512U,56,251.36,12.9.7,NVIDIA-Linux-x86_64-595.58.03,ad83008f236ccdbce68aebcdb034bdd65a582acd,200611,2026-09-06T19:17:01.337988,simple_shading_full_mdl,ISAAC_LAB_SINGLE_GPU_GTL_PRESET_OVPHYSX_OVRTX_SSFM_E8192_R64,benchmark_rsl_rl_Isaac-Cartpole-Camera_r64_8192,2026-09-06,,dirty working tree reported; resolved camera dimensions not recorded; fixed profile selected by explicit preset,155597.80708393213,18065.286026580063,163855.72172332072,database,database
2026-09-07,measured,2026-09-07T07:15:11.823309Z,Isaac-Cartpole-Camera-Direct,training,rsl_rl,isaacsim_physx,isaacsim_rtx,8192,42,10,67663.0,9633.317381763032,71506.0,63.53,1.84,65.67,50.39,33.19,NVIDIA RTX PRO 6000 Blackwell Server Edition,94.97,INTEL(R) XEON(R) GOLD 5512U,56,251.36,12.9.7,NVIDIA-Linux-x86_64-595.58.03,ad83008f236ccdbce68aebcdb034bdd65a582acd,201723,2026-09-07T00:10:48.029985,simple_shading_full_mdl,ISAAC_LAB_SINGLE_GPU_GTL_PRESET_PHYSX_ISAACSIMRTX_SSFM_E8192_R64,benchmark_rsl_rl_Isaac-Cartpole-Camera-Direct_r64_8192,2026-09-06,,dirty working tree reported; resolved camera dimensions not recorded; fixed profile selected by explicit preset,104673.93754357965,11978.196494060468,110330.94395287459,database,database
2026-09-07,measured,2026-09-07T06:49:24.131778Z,Isaac-Cartpole-Camera-Direct,training,rsl_rl,newton_mjwarp,newton_renderer,8192,42,10,149119.6,29762.03618034223,158886.0,56.5,1.85,59.17,80.89,31.8,NVIDIA RTX PRO 6000 Blackwell Server Edition,94.97,INTEL(R) XEON(R) GOLD 5512U,56,251.36,12.9.7,NVIDIA-Linux-x86_64-595.58.03,ad83008f236ccdbce68aebcdb034bdd65a582acd,201666,2026-09-06T23:47:14.145561,rgb,ISAAC_LAB_SINGLE_GPU_GTL_PRESET_NEWTON_WARP_RGB_E8192_R64,benchmark_rsl_rl_Isaac-Cartpole-Camera-Direct_r64_8192,2026-09-06,,dirty working tree reported; resolved camera dimensions not recorded; fixed profile selected by explicit preset,588716.450078424,139538.86509130755,633720.2633159098,database,database
2026-09-07,measured,2026-09-07T07:43:25.296633Z,Isaac-Cartpole-Camera-Direct,training,rsl_rl,newton_mjwarp,ovrtx,8192,42,10,100072.1,16593.991110907853,107545.0,60.85,3.08,78.01,62.43,32.0,NVIDIA RTX PRO 6000 Blackwell Server Edition,94.97,INTEL(R) XEON(R) GOLD 5512U,56,251.36,12.9.7,NVIDIA-Linux-x86_64-595.58.03,ad83008f236ccdbce68aebcdb034bdd65a582acd,201791,2026-09-07T00:40:21.501350,simple_shading_full_mdl,ISAAC_LAB_SINGLE_GPU_GTL_PRESET_NEWTON_OVRTX_SSFM_E8192_R64,benchmark_rsl_rl_Isaac-Cartpole-Camera-Direct_r64_8192,2026-09-06,,dirty working tree reported; resolved camera dimensions not recorded; fixed profile selected by explicit preset,202454.0779794098,30137.765554753907,221097.33453864793,database,database
2026-09-07,measured,2026-09-07T02:19:00.137409Z,Isaac-Cartpole-Camera-Direct,training,rsl_rl,ovphysx,ovrtx,8192,42,10,90693.5,14402.38043017735,97400.0,63.62,1.83,64.97,58.16,33.85,NVIDIA RTX PRO 6000 Blackwell Server Edition,94.97,INTEL(R) XEON(R) GOLD 5512U,56,251.36,12.9.7,NVIDIA-Linux-x86_64-595.58.03,ad83008f236ccdbce68aebcdb034bdd65a582acd,200611,2026-09-06T19:15:28.628422,simple_shading_full_mdl,ISAAC_LAB_SINGLE_GPU_GTL_PRESET_OVPHYSX_OVRTX_SSFM_E8192_R64,benchmark_rsl_rl_Isaac-Cartpole-Camera-Direct_r64_8192,2026-09-06,,dirty working tree reported; resolved camera dimensions not recorded; fixed profile selected by explicit preset,167304.44011184096,22798.739527711485,181057.833867403,database,database
2026-09-07,measured,2026-09-07T04:51:17.165494Z,Isaac-Cartpole-Direct,training,rsl_rl,isaacsim_physx,none,8192,42,10,562529.7,129295.59469254936,620685.0,7.09,0.03,7.11,15.5,6.35,NVIDIA RTX PRO 6000 Blackwell Server Edition,94.97,INTEL(R) XEON(R) GOLD 5512U,56,251.36,12.9.7,NVIDIA-Linux-x86_64-595.58.03,ad83008f236ccdbce68aebcdb034bdd65a582acd,201258,2026-09-06T21:50:29.872036,,ISAAC_LAB_SINGLE_GPU_GTL_PRESET_PHYSX_E8192,benchmark_rsl_rl_Isaac-Cartpole-Direct_8192,2026-09-06,,dirty working tree reported,865657.2394048452,199959.34689279975,943286.4178281393,database,database
2026-09-07,measured,2026-09-07T05:20:13.277108Z,Isaac-Cartpole-Direct,training,rsl_rl,newton_mjwarp,none,8192,42,10,1079741.0,293017.0104929443,1184453.0,0.93,0.06,0.96,16.67,14.43,NVIDIA RTX PRO 6000 Blackwell Server Edition,94.97,INTEL(R) XEON(R) GOLD 5512U,56,251.36,12.9.7,NVIDIA-Linux-x86_64-595.58.03,ad83008f236ccdbce68aebcdb034bdd65a582acd,201364,2026-09-06T22:19:37.657607,,ISAAC_LAB_SINGLE_GPU_GTL_PRESET_NEWTON_MJWARP_E8192,benchmark_rsl_rl_Isaac-Cartpole-Direct_8192,2026-09-06,,dirty working tree reported; Total FPS coefficient of variation >25%; Collection FPS coefficient of variation >25%,2217418.2282953956,640831.685400768,2441904.882816456,database,database
2026-09-07,measured,2026-09-07T05:49:08.208574Z,Isaac-Cartpole-Direct,training,rsl_rl,ovphysx,none,8192,42,10,672403.4,164747.98703757607,758049.0,3.98,0.03,4.0,14.5,9.68,NVIDIA RTX PRO 6000 Blackwell Server Edition,94.97,INTEL(R) XEON(R) GOLD 5512U,56,251.36,12.9.7,NVIDIA-Linux-x86_64-595.58.03,ad83008f236ccdbce68aebcdb034bdd65a582acd,201481,2026-09-06T22:48:25.583422,,ISAAC_LAB_SINGLE_GPU_GTL_PRESET_OVPHYSX_E8192,benchmark_rsl_rl_Isaac-Cartpole-Direct_8192,2026-09-06,,dirty working tree reported,988036.2079592749,243546.9472227175,1131736.6985299415,database,database
2026-09-07,measured,2026-09-07T09:26:12.671819Z,Isaac-Humanoid,training,rsl_rl,isaacsim_physx,none,8192,42,10,258915.2,53913.30660895426,280692.0,9.6,0.64,9.94,29.67,19.31,NVIDIA RTX PRO 6000 Blackwell Server Edition,94.97,INTEL(R) XEON(R) GOLD 5512U,56,251.36,12.9.7,NVIDIA-Linux-x86_64-595.58.03,ad83008f236ccdbce68aebcdb034bdd65a582acd,202019,2026-09-07T02:23:27.792149,,ISAAC_LAB_SINGLE_GPU_GTL_PRESET_PHYSX_E8192,benchmark_rsl_rl_Isaac-Humanoid_8192,2026-09-06,,dirty working tree reported,292844.22919240006,61517.43857689508,316915.7513896443,database,database
2026-09-07,measured,2026-09-07T05:21:39.791533Z,Isaac-Humanoid,training,rsl_rl,newton_mjwarp,none,8192,42,10,520585.1,130689.5113877417,566574.0,2.94,0.64,3.31,45.0,30.42,NVIDIA RTX PRO 6000 Blackwell Server Edition,94.97,INTEL(R) XEON(R) GOLD 5512U,56,251.36,12.9.7,NVIDIA-Linux-x86_64-595.58.03,ad83008f236ccdbce68aebcdb034bdd65a582acd,201367,2026-09-06T22:20:33.898424,,ISAAC_LAB_SINGLE_GPU_GTL_PRESET_NEWTON_MJWARP_E8192,benchmark_rsl_rl_Isaac-Humanoid_8192,2026-09-06,,dirty working tree reported; Total FPS coefficient of variation >25%; Collection FPS coefficient of variation >25%,656774.8476775602,170831.17975183704,718472.5727227699,database,database
2026-09-07,measured,2026-09-07T05:50:21.697719Z,Isaac-Humanoid,training,rsl_rl,ovphysx,none,8192,42,10,326998.3,71597.34565851199,363396.0,7.07,0.65,7.37,26.0,12.68,NVIDIA RTX PRO 6000 Blackwell Server Edition,94.97,INTEL(R) XEON(R) GOLD 5512U,56,251.36,12.9.7,NVIDIA-Linux-x86_64-595.58.03,ad83008f236ccdbce68aebcdb034bdd65a582acd,201483,2026-09-06T22:47:31.967581,,ISAAC_LAB_SINGLE_GPU_GTL_PRESET_OVPHYSX_E8192,benchmark_rsl_rl_Isaac-Humanoid_8192,2026-09-06,,dirty working tree reported,375023.7064495395,83398.99561335561,419876.15322510735,database,database
2026-09-07,measured,2026-09-07T09:26:12.671819Z,Isaac-Humanoid-Direct,training,rsl_rl,isaacsim_physx,none,8192,42,10,286630.0,42921.386383842626,314175.0,9.63,0.64,9.93,25.7,8.79,NVIDIA RTX PRO 6000 Blackwell Server Edition,94.97,INTEL(R) XEON(R) GOLD 5512U,56,251.36,12.9.7,NVIDIA-Linux-x86_64-595.58.03,ad83008f236ccdbce68aebcdb034bdd65a582acd,202019,2026-09-07T02:24:42.113524,,ISAAC_LAB_SINGLE_GPU_GTL_PRESET_PHYSX_E8192,benchmark_rsl_rl_Isaac-Humanoid-Direct_8192,2026-09-06,,dirty working tree reported,328222.7936578587,47115.41544281819,360057.9976323858,database,database
2026-09-07,measured,2026-09-07T05:27:05.264581Z,Isaac-Humanoid-Direct,training,rsl_rl,newton_mjwarp,none,8192,42,10,626754.4,124262.23278767276,668600.0,3.05,0.58,3.29,51.67,33.22,NVIDIA RTX PRO 6000 Blackwell Server Edition,94.97,INTEL(R) XEON(R) GOLD 5512U,56,251.36,12.9.7,NVIDIA-Linux-x86_64-595.58.03,ad83008f236ccdbce68aebcdb034bdd65a582acd,201392,2026-09-06T22:26:23.350941,,ISAAC_LAB_SINGLE_GPU_GTL_PRESET_NEWTON_MJWARP_E8192,benchmark_rsl_rl_Isaac-Humanoid-Direct_8192,2026-09-06,,dirty working tree reported,830315.2766645354,165256.8394828099,886633.5679999226,database,database
2026-09-07,measured,2026-09-07T05:50:21.697719Z,Isaac-Humanoid-Direct,training,rsl_rl,ovphysx,none,8192,42,10,354219.4,55992.85648723415,381251.0,6.99,0.68,7.32,38.78,20.89,NVIDIA RTX PRO 6000 Blackwell Server Edition,94.97,INTEL(R) XEON(R) GOLD 5512U,56,251.36,12.9.7,NVIDIA-Linux-x86_64-595.58.03,ad83008f236ccdbce68aebcdb034bdd65a582acd,201483,2026-09-06T22:48:47.357888,,ISAAC_LAB_SINGLE_GPU_GTL_PRESET_OVPHYSX_E8192,benchmark_rsl_rl_Isaac-Humanoid-Direct_8192,2026-09-06,,dirty working tree reported,411949.3763957841,62349.77309586017,444180.8989997047,database,database
2026-09-07,measured,2026-09-07T04:56:31.905783Z,Isaac-Lift-Franka,training,rsl_rl,isaacsim_physx,none,8192,42,10,152895.8,19613.99759128952,162673.0,13.93,0.84,14.36,49.71,13.27,NVIDIA RTX PRO 6000 Blackwell Server Edition,94.97,INTEL(R) XEON(R) GOLD 5512U,56,251.36,12.9.7,NVIDIA-Linux-x86_64-595.58.03,ad83008f236ccdbce68aebcdb034bdd65a582acd,201284,2026-09-06T21:52:34.179775,,ISAAC_LAB_SINGLE_GPU_GTL_PRESET_PHYSX_E8192,benchmark_rsl_rl_Isaac-Lift-Franka_8192,2026-09-06,,dirty working tree reported,179977.2253849505,24897.714815311454,190890.88201870312,database,database
2026-09-07,measured,2026-09-07T05:27:52.948879Z,Isaac-Lift-Franka,training,rsl_rl,newton_mjwarp,none,8192,42,10,247252.4,39469.81895406498,261643.0,6.31,0.92,6.7,62.92,24.89,NVIDIA RTX PRO 6000 Blackwell Server Edition,94.97,INTEL(R) XEON(R) GOLD 5512U,56,251.36,12.9.7,NVIDIA-Linux-x86_64-595.58.03,ad83008f236ccdbce68aebcdb034bdd65a582acd,201399,2026-09-06T22:26:36.099552,,ISAAC_LAB_SINGLE_GPU_GTL_PRESET_NEWTON_MJWARP_E8192,benchmark_rsl_rl_Isaac-Lift-Franka_8192,2026-09-06,,dirty working tree reported,315038.66294393234,55042.428636007484,335696.96540968644,database,database
2026-09-07,measured,2026-09-07T05:51:15.763799Z,Isaac-Lift-Franka,training,rsl_rl,ovphysx,none,8192,42,10,60418.6,3636.2363387314513,62447.0,10.67,0.69,10.93,26.71,25.92,NVIDIA RTX PRO 6000 Blackwell Server Edition,94.97,INTEL(R) XEON(R) GOLD 5512U,56,251.36,12.9.7,NVIDIA-Linux-x86_64-595.58.03,ad83008f236ccdbce68aebcdb034bdd65a582acd,201486,2026-09-06T22:48:08.752958,,ISAAC_LAB_SINGLE_GPU_GTL_PRESET_OVPHYSX_E8192,benchmark_rsl_rl_Isaac-Lift-Franka_8192,2026-09-06,,dirty working tree reported,63742.5820883627,3783.6944480315474,65899.90798540208,database,database
2026-09-07,measured,2026-09-07T04:58:15.37337Z,Isaac-Lift-KukaAllegro,training,rsl_rl,isaacsim_physx,none,8192,42,10,54622.3,3177.697071430469,61528.0,16.27,1.0,16.71,77.67,12.23,NVIDIA RTX PRO 6000 Blackwell Server Edition,94.97,INTEL(R) XEON(R) GOLD 5512U,56,251.36,12.9.7,NVIDIA-Linux-x86_64-595.58.03,ad83008f236ccdbce68aebcdb034bdd65a582acd,201292,2026-09-06T21:53:31.935392,,ISAAC_LAB_SINGLE_GPU_GTL_PRESET_PHYSX_E8192,benchmark_rsl_rl_Isaac-Lift-KukaAllegro_8192,2026-09-06,,dirty working tree reported,58030.66867955316,3741.8375610066005,66613.23695989247,database,database
2026-09-07,measured,2026-09-07T05:28:43.10696Z,Isaac-Lift-KukaAllegro,training,rsl_rl,newton_mjwarp,none,8192,42,10,115178.6,11477.860516857854,121295.0,28.03,1.29,28.48,79.71,18.82,NVIDIA RTX PRO 6000 Blackwell Server Edition,94.97,INTEL(R) XEON(R) GOLD 5512U,56,251.36,12.9.7,NVIDIA-Linux-x86_64-595.58.03,ad83008f236ccdbce68aebcdb034bdd65a582acd,201403,2026-09-06T22:27:06.704227,,ISAAC_LAB_SINGLE_GPU_GTL_PRESET_NEWTON_MJWARP_E8192,benchmark_rsl_rl_Isaac-Lift-KukaAllegro_8192,2026-09-06,,dirty working tree reported,129826.36104542628,13393.6253371508,137370.37131412144,database,database
2026-09-07,measured,2026-09-07T05:52:12.652909Z,Isaac-Lift-KukaAllegro,training,rsl_rl,ovphysx,none,8192,42,10,32723.4,818.3665573703646,33922.0,13.99,0.96,14.52,50.88,28.64,NVIDIA RTX PRO 6000 Blackwell Server Edition,94.97,INTEL(R) XEON(R) GOLD 5512U,56,251.36,12.9.7,NVIDIA-Linux-x86_64-595.58.03,ad83008f236ccdbce68aebcdb034bdd65a582acd,201490,2026-09-06T22:48:24.185283,,ISAAC_LAB_SINGLE_GPU_GTL_PRESET_OVPHYSX_E8192,benchmark_rsl_rl_Isaac-Lift-KukaAllegro_8192,2026-09-06,,dirty working tree reported,33803.33114537782,806.8315800279877,35053.320902027976,database,database
2026-09-07,measured,2026-09-07T07:17:00.487027Z,Isaac-Lift-KukaAllegro-Camera,training,rsl_rl,isaacsim_physx,isaacsim_rtx,8192,42,10,12763.2,2316.5973514810225,13802.0,32.33,1.87,34.44,17.95,27.85,NVIDIA RTX PRO 6000 Blackwell Server Edition,94.97,INTEL(R) XEON(R) GOLD 5512U,56,251.36,12.9.7,NVIDIA-Linux-x86_64-595.58.03,ad83008f236ccdbce68aebcdb034bdd65a582acd,201728,2026-09-07T00:08:11.515061,"cube,simple_shading_full_mdl64,single_camera",ISAAC_LAB_SINGLE_GPU_GTL_PRESET_PHYSX_ISAACSIMRTX_SSFM_E8192_R64,benchmark_rsl_rl_Isaac-Lift-KukaAllegro-Camera_cube_single_camera_simple_shading_full_mdl64_r64_8192,2026-09-06,,dirty working tree reported; resolved camera dimensions not recorded; fixed profile selected by explicit preset,13452.433065394203,2378.5881940266604,14521.49221217769,database,database
2026-09-07,measured,2026-09-07T06:42:58.486173Z,Isaac-Lift-KukaAllegro-Camera,training,rsl_rl,newton_mjwarp,newton_renderer,8192,42,10,75856.6,15028.289650596378,81264.0,42.48,2.06,43.38,75.73,28.39,NVIDIA RTX PRO 6000 Blackwell Server Edition,94.97,INTEL(R) XEON(R) GOLD 5512U,56,251.36,12.9.7,NVIDIA-Linux-x86_64-595.58.03,ad83008f236ccdbce68aebcdb034bdd65a582acd,201659,2026-09-06T23:41:16.184923,"cube,rgb64,single_camera",ISAAC_LAB_SINGLE_GPU_GTL_PRESET_NEWTON_WARP_RGB_E8192_R64,benchmark_rsl_rl_Isaac-Lift-KukaAllegro-Camera_cube_single_camera_rgb64_r64_8192,2026-09-06,,dirty working tree reported; resolved camera dimensions not recorded; fixed profile selected by explicit preset,105481.18700784522,17947.51213038615,112370.29291758842,database,database
2026-09-07,measured,2026-09-07T07:40:34.553238Z,Isaac-Lift-KukaAllegro-Camera,training,rsl_rl,newton_mjwarp,ovrtx,8192,42,10,55974.7,9650.946379040302,59843.0,47.41,1.93,48.21,57.19,24.36,NVIDIA RTX PRO 6000 Blackwell Server Edition,94.97,INTEL(R) XEON(R) GOLD 5512U,56,251.36,12.9.7,NVIDIA-Linux-x86_64-595.58.03,ad83008f236ccdbce68aebcdb034bdd65a582acd,201784,2026-09-07T00:38:04.522601,"cube,simple_shading_full_mdl64,single_camera",ISAAC_LAB_SINGLE_GPU_GTL_PRESET_NEWTON_OVRTX_SSFM_E8192_R64,benchmark_rsl_rl_Isaac-Lift-KukaAllegro-Camera_cube_single_camera_simple_shading_full_mdl64_r64_8192,2026-09-06,,dirty working tree reported; resolved camera dimensions not recorded; fixed profile selected by explicit preset,70911.49916983607,9738.523390667722,75327.06830054682,database,database
2026-09-07,measured,2026-09-07T02:22:05.214408Z,Isaac-Lift-KukaAllegro-Camera,training,rsl_rl,ovphysx,ovrtx,8192,42,10,23893.9,2412.5415575004436,25253.0,33.92,1.53,35.59,46.08,34.41,NVIDIA RTX PRO 6000 Blackwell Server Edition,94.97,INTEL(R) XEON(R) GOLD 5512U,56,251.36,12.9.7,NVIDIA-Linux-x86_64-595.58.03,ad83008f236ccdbce68aebcdb034bdd65a582acd,200625,2026-09-06T19:16:55.926750,"cube,simple_shading_full_mdl64,single_camera",ISAAC_LAB_SINGLE_GPU_GTL_PRESET_OVPHYSX_OVRTX_SSFM_E8192_R64,benchmark_rsl_rl_Isaac-Lift-KukaAllegro-Camera_cube_single_camera_simple_shading_full_mdl64_r64_8192,2026-09-06,,dirty working tree reported; resolved camera dimensions not recorded; fixed profile selected by explicit preset,26429.443516205465,1795.8040045183411,27730.955120565704,database,database
2026-09-07,measured,2026-09-07T04:58:45.193294Z,Isaac-Open-Drawer-Franka,training,rsl_rl,isaacsim_physx,none,8192,42,10,249043.2,17454.22547885373,260350.0,11.54,0.72,11.81,60.53,11.98,NVIDIA RTX PRO 6000 Blackwell Server Edition,94.97,INTEL(R) XEON(R) GOLD 5512U,56,251.36,12.9.7,NVIDIA-Linux-x86_64-595.58.03,ad83008f236ccdbce68aebcdb034bdd65a582acd,201294,2026-09-06T21:54:03.279340,,ISAAC_LAB_SINGLE_GPU_GTL_PRESET_PHYSX_E8192,benchmark_rsl_rl_Isaac-Open-Drawer-Franka_8192,2026-09-06,,dirty working tree reported,264133.11699917127,17132.52245611951,277777.32349856774,database,database
2026-09-07,measured,2026-09-07T05:30:13.469309Z,Isaac-Open-Drawer-Franka,training,rsl_rl,newton_mjwarp,none,8192,42,10,339759.2,20853.203893460166,348179.0,7.45,1.31,7.86,74.79,16.13,NVIDIA RTX PRO 6000 Blackwell Server Edition,94.97,INTEL(R) XEON(R) GOLD 5512U,56,251.36,12.9.7,NVIDIA-Linux-x86_64-595.58.03,ad83008f236ccdbce68aebcdb034bdd65a582acd,201411,2026-09-06T22:28:26.319359,,ISAAC_LAB_SINGLE_GPU_GTL_PRESET_NEWTON_MJWARP_E8192,benchmark_rsl_rl_Isaac-Open-Drawer-Franka_8192,2026-09-06,,dirty working tree reported,365681.0115249809,18696.65372670591,373689.764002767,database,database
2026-09-07,measured,2026-09-07T05:54:48.709589Z,Isaac-Open-Drawer-Franka,training,rsl_rl,ovphysx,none,8192,42,10,267066.9,16120.507921760889,280978.0,8.85,0.66,9.2,60.33,13.3,NVIDIA RTX PRO 6000 Blackwell Server Edition,94.97,INTEL(R) XEON(R) GOLD 5512U,56,251.36,12.9.7,NVIDIA-Linux-x86_64-595.58.03,ad83008f236ccdbce68aebcdb034bdd65a582acd,201497,2026-09-06T22:50:24.972052,,ISAAC_LAB_SINGLE_GPU_GTL_PRESET_OVPHYSX_E8192,benchmark_rsl_rl_Isaac-Open-Drawer-Franka_8192,2026-09-06,,dirty working tree reported,283233.1859582668,14888.021094003978,297437.9562642332,database,database
2026-09-07,measured,2026-09-07T04:58:45.193294Z,Isaac-Open-Drawer-Franka-Direct,training,rsl_rl,isaacsim_physx,none,8192,42,10,252230.5,22077.354175464254,267890.0,11.53,0.72,11.81,61.8,12.91,NVIDIA RTX PRO 6000 Blackwell Server Edition,94.97,INTEL(R) XEON(R) GOLD 5512U,56,251.36,12.9.7,NVIDIA-Linux-x86_64-595.58.03,ad83008f236ccdbce68aebcdb034bdd65a582acd,201294,2026-09-06T21:56:17.574948,,ISAAC_LAB_SINGLE_GPU_GTL_PRESET_PHYSX_E8192,benchmark_rsl_rl_Isaac-Open-Drawer-Franka-Direct_8192,2026-09-06,,dirty working tree reported,267760.1957106006,22854.418253064192,283620.38720441476,database,database
2026-09-07,measured,2026-09-07T05:30:13.469309Z,Isaac-Open-Drawer-Franka-Direct,training,rsl_rl,newton_mjwarp,none,8192,42,10,351476.4,22733.69110275662,362588.0,7.39,1.34,7.83,75.91,16.45,NVIDIA RTX PRO 6000 Blackwell Server Edition,94.97,INTEL(R) XEON(R) GOLD 5512U,56,251.36,12.9.7,NVIDIA-Linux-x86_64-595.58.03,ad83008f236ccdbce68aebcdb034bdd65a582acd,201411,2026-09-06T22:29:09.729093,,ISAAC_LAB_SINGLE_GPU_GTL_PRESET_NEWTON_MJWARP_E8192,benchmark_rsl_rl_Isaac-Open-Drawer-Franka-Direct_8192,2026-09-06,,dirty working tree reported,379079.6852795675,20668.16998950261,390103.0286065433,database,database
2026-09-07,measured,2026-09-07T05:54:48.709589Z,Isaac-Open-Drawer-Franka-Direct,training,rsl_rl,ovphysx,none,8192,42,10,279829.6,19044.402485886618,294248.0,8.88,0.71,9.16,60.43,13.22,NVIDIA RTX PRO 6000 Blackwell Server Edition,94.97,INTEL(R) XEON(R) GOLD 5512U,56,251.36,12.9.7,NVIDIA-Linux-x86_64-595.58.03,ad83008f236ccdbce68aebcdb034bdd65a582acd,201497,2026-09-06T22:52:27.753652,,ISAAC_LAB_SINGLE_GPU_GTL_PRESET_OVPHYSX_E8192,benchmark_rsl_rl_Isaac-Open-Drawer-Franka-Direct_8192,2026-09-06,,dirty working tree reported,297436.0668279473,17433.322081330596,312379.1546133088,database,database
2026-09-07,measured,2026-09-07T05:00:14.393317Z,Isaac-Reach-Franka,training,rsl_rl,isaacsim_physx,none,8192,42,10,221579.9,54455.11600585487,252743.0,8.39,0.11,8.45,26.73,12.47,NVIDIA RTX PRO 6000 Blackwell Server Edition,94.97,INTEL(R) XEON(R) GOLD 5512U,56,251.36,12.9.7,NVIDIA-Linux-x86_64-595.58.03,ad83008f236ccdbce68aebcdb034bdd65a582acd,201299,2026-09-06T21:54:17.908485,,ISAAC_LAB_SINGLE_GPU_GTL_PRESET_PHYSX_E8192,benchmark_rsl_rl_Isaac-Reach-Franka_8192,2026-09-06,,dirty working tree reported; Collection FPS coefficient of variation >25%,258356.0050781427,65289.33537952286,298419.0951576371,database,database
2026-09-07,measured,2026-09-07T05:29:08.775885Z,Isaac-Reach-Franka,training,rsl_rl,newton_mjwarp,none,8192,42,10,471526.9,134663.054117758,517694.0,2.46,0.43,2.65,38.29,30.03,NVIDIA RTX PRO 6000 Blackwell Server Edition,94.97,INTEL(R) XEON(R) GOLD 5512U,56,251.36,12.9.7,NVIDIA-Linux-x86_64-595.58.03,ad83008f236ccdbce68aebcdb034bdd65a582acd,201406,2026-09-06T22:27:47.387377,,ISAAC_LAB_SINGLE_GPU_GTL_PRESET_NEWTON_MJWARP_E8192,benchmark_rsl_rl_Isaac-Reach-Franka_8192,2026-09-06,,dirty working tree reported; Total FPS coefficient of variation >25%; Collection FPS coefficient of variation >25%,626628.4832353079,185125.07756509495,690642.801546722,database,database
2026-09-07,measured,2026-09-07T05:53:55.348546Z,Isaac-Reach-Franka,training,rsl_rl,ovphysx,none,8192,42,10,268289.8,67333.61625485115,294330.0,5.24,0.1,5.3,30.4,14.16,NVIDIA RTX PRO 6000 Blackwell Server Edition,94.97,INTEL(R) XEON(R) GOLD 5512U,56,251.36,12.9.7,NVIDIA-Linux-x86_64-595.58.03,ad83008f236ccdbce68aebcdb034bdd65a582acd,201494,2026-09-06T22:49:53.989833,,ISAAC_LAB_SINGLE_GPU_GTL_PRESET_OVPHYSX_E8192,benchmark_rsl_rl_Isaac-Reach-Franka_8192,2026-09-06,,dirty working tree reported; Total FPS coefficient of variation >25%; Collection FPS coefficient of variation >25%,312055.12119417597,79941.67521270191,343659.0991265515,database,database
2026-09-07,measured,2026-09-07T05:00:14.393317Z,Isaac-Reach-Franka-OSC,training,rsl_rl,isaacsim_physx,none,8192,42,10,155563.4,34566.36989007926,169153.0,8.47,0.12,8.53,23.86,14.3,NVIDIA RTX PRO 6000 Blackwell Server Edition,94.97,INTEL(R) XEON(R) GOLD 5512U,56,251.36,12.9.7,NVIDIA-Linux-x86_64-595.58.03,ad83008f236ccdbce68aebcdb034bdd65a582acd,201299,2026-09-06T21:57:05.556229,,ISAAC_LAB_SINGLE_GPU_GTL_PRESET_PHYSX_E8192,benchmark_rsl_rl_Isaac-Reach-Franka-OSC_8192,2026-09-06,,dirty working tree reported,174535.91665064855,39319.06346103561,197805.07254323122,database,database
2026-09-07,measured,2026-09-07T05:29:08.775885Z,Isaac-Reach-Franka-OSC,training,rsl_rl,newton_mjwarp,none,8192,42,10,224828.7,54369.46950888686,242776.0,2.56,0.35,2.7,37.18,24.62,NVIDIA RTX PRO 6000 Blackwell Server Edition,94.97,INTEL(R) XEON(R) GOLD 5512U,56,251.36,12.9.7,NVIDIA-Linux-x86_64-595.58.03,ad83008f236ccdbce68aebcdb034bdd65a582acd,201406,2026-09-06T22:28:15.079401,,ISAAC_LAB_SINGLE_GPU_GTL_PRESET_NEWTON_MJWARP_E8192,benchmark_rsl_rl_Isaac-Reach-Franka-OSC_8192,2026-09-06,,dirty working tree reported,254624.7662386998,62606.023875709136,276041.975956609,database,database
2026-09-07,measured,2026-09-07T05:53:55.348546Z,Isaac-Reach-Franka-OSC,training,rsl_rl,ovphysx,none,8192,42,10,190176.8,43637.13739923828,205733.0,5.3,0.11,5.35,27.0,15.41,NVIDIA RTX PRO 6000 Blackwell Server Edition,94.97,INTEL(R) XEON(R) GOLD 5512U,56,251.36,12.9.7,NVIDIA-Linux-x86_64-595.58.03,ad83008f236ccdbce68aebcdb034bdd65a582acd,201494,2026-09-06T22:51:42.838273,,ISAAC_LAB_SINGLE_GPU_GTL_PRESET_OVPHYSX_E8192,benchmark_rsl_rl_Isaac-Reach-Franka-OSC_8192,2026-09-06,,dirty working tree reported,210281.35634200662,48812.90813673135,227949.04854154235,database,database
2026-09-07,measured,2026-09-07T04:54:49.018036Z,Isaac-Reach-UR10,training,rsl_rl,isaacsim_physx,none,8192,42,10,246461.6,61694.97146841782,278133.0,8.32,0.38,8.52,38.1,22.36,NVIDIA RTX PRO 6000 Blackwell Server Edition,94.97,INTEL(R) XEON(R) GOLD 5512U,56,251.36,12.9.7,NVIDIA-Linux-x86_64-595.58.03,ad83008f236ccdbce68aebcdb034bdd65a582acd,201276,2026-09-06T21:53:31.866462,,ISAAC_LAB_SINGLE_GPU_GTL_PRESET_PHYSX_E8192,benchmark_rsl_rl_Isaac-Reach-UR10_8192,2026-09-06,,dirty working tree reported; Total FPS coefficient of variation >25%; Collection FPS coefficient of variation >25%,293451.46434163745,75863.08454468918,335035.2779557752,database,database
2026-09-07,measured,2026-09-07T05:28:37.050643Z,Isaac-Reach-UR10,training,rsl_rl,newton_mjwarp,none,8192,42,10,536927.7,156389.6770094568,595784.0,2.67,0.66,2.95,37.0,28.74,NVIDIA RTX PRO 6000 Blackwell Server Edition,94.97,INTEL(R) XEON(R) GOLD 5512U,56,251.36,12.9.7,NVIDIA-Linux-x86_64-595.58.03,ad83008f236ccdbce68aebcdb034bdd65a582acd,201401,2026-09-06T22:27:55.041922,,ISAAC_LAB_SINGLE_GPU_GTL_PRESET_NEWTON_MJWARP_E8192,benchmark_rsl_rl_Isaac-Reach-UR10_8192,2026-09-06,,dirty working tree reported; Total FPS coefficient of variation >25%; Collection FPS coefficient of variation >25%,745520.7913769305,225734.00610490312,835158.3868227402,database,database
2026-09-07,measured,2026-09-07T05:51:36.610343Z,Isaac-Reach-UR10,training,rsl_rl,ovphysx,none,8192,42,10,279452.8,70986.894834031,307077.0,5.45,0.09,5.51,43.8,23.53,NVIDIA RTX PRO 6000 Blackwell Server Edition,94.97,INTEL(R) XEON(R) GOLD 5512U,56,251.36,12.9.7,NVIDIA-Linux-x86_64-595.58.03,ad83008f236ccdbce68aebcdb034bdd65a582acd,201488,2026-09-06T22:50:28.574791,,ISAAC_LAB_SINGLE_GPU_GTL_PRESET_OVPHYSX_E8192,benchmark_rsl_rl_Isaac-Reach-UR10_8192,2026-09-06,,dirty working tree reported; Total FPS coefficient of variation >25%; Collection FPS coefficient of variation >25%,326187.36370971886,84607.07819196525,359212.5007599085,database,database
2026-09-07,measured,2026-09-07T04:58:26.77936Z,Isaac-Reorient-Cube-Allegro,training,rsl_rl,isaacsim_physx,none,8192,42,10,112547.9,12910.32106021294,119168.0,10.07,0.57,10.32,48.24,11.76,NVIDIA RTX PRO 6000 Blackwell Server Edition,94.97,INTEL(R) XEON(R) GOLD 5512U,56,251.36,12.9.7,NVIDIA-Linux-x86_64-595.58.03,ad83008f236ccdbce68aebcdb034bdd65a582acd,201293,2026-09-06T21:54:02.972360,,ISAAC_LAB_SINGLE_GPU_GTL_PRESET_PHYSX_E8192,benchmark_rsl_rl_Isaac-Reorient-Cube-Allegro_8192,2026-09-06,,dirty working tree reported,119927.98751686684,12627.123232054826,126798.64516313549,database,database
2026-09-07,measured,2026-09-07T05:29:38.092859Z,Isaac-Reorient-Cube-Allegro,training,rsl_rl,newton_mjwarp,none,8192,42,10,168300.1,19528.14154239978,177264.0,8.02,1.87,8.63,80.23,24.24,NVIDIA RTX PRO 6000 Blackwell Server Edition,94.97,INTEL(R) XEON(R) GOLD 5512U,56,251.36,12.9.7,NVIDIA-Linux-x86_64-595.58.03,ad83008f236ccdbce68aebcdb034bdd65a582acd,201409,2026-09-06T22:28:14.472780,,ISAAC_LAB_SINGLE_GPU_GTL_PRESET_NEWTON_MJWARP_E8192,benchmark_rsl_rl_Isaac-Reorient-Cube-Allegro_8192,2026-09-06,,dirty working tree reported,183604.49530971737,18871.482592775494,192784.3530853236,database,database
2026-09-07,measured,2026-09-07T05:54:49.329632Z,Isaac-Reorient-Cube-Allegro,training,rsl_rl,ovphysx,none,8192,42,10,96322.5,7881.486002722527,99256.0,7.52,0.53,7.72,39.33,12.74,NVIDIA RTX PRO 6000 Blackwell Server Edition,94.97,INTEL(R) XEON(R) GOLD 5512U,56,251.36,12.9.7,NVIDIA-Linux-x86_64-595.58.03,ad83008f236ccdbce68aebcdb034bdd65a582acd,201498,2026-09-06T22:51:14.821429,,ISAAC_LAB_SINGLE_GPU_GTL_PRESET_OVPHYSX_E8192,benchmark_rsl_rl_Isaac-Reorient-Cube-Allegro_8192,2026-09-06,,dirty working tree reported,101218.87547590783,7167.4343541778035,103971.48539522616,database,database
2026-09-07,measured,2026-09-07T04:58:51.980604Z,Isaac-Reorient-Cube-Allegro-Direct,training,rsl_rl,isaacsim_physx,none,8192,42,10,98132.0,19221.473871110345,107208.0,10.19,0.81,10.6,44.93,19.02,NVIDIA RTX PRO 6000 Blackwell Server Edition,94.97,INTEL(R) XEON(R) GOLD 5512U,56,251.36,12.9.7,NVIDIA-Linux-x86_64-595.58.03,ad83008f236ccdbce68aebcdb034bdd65a582acd,201295,2026-09-06T21:56:32.787204,,ISAAC_LAB_SINGLE_GPU_GTL_PRESET_PHYSX_E8192,benchmark_rsl_rl_Isaac-Reorient-Cube-Allegro-Direct_8192,2026-09-06,,dirty working tree reported,110033.36542648471,22139.44572465981,120412.24113295606,database,database
2026-09-07,measured,2026-09-07T05:30:27.397578Z,Isaac-Reorient-Cube-Allegro-Direct,training,rsl_rl,newton_mjwarp,none,8192,42,10,141891.4,30054.199359749306,152235.0,8.06,2.14,8.99,70.27,34.85,NVIDIA RTX PRO 6000 Blackwell Server Edition,94.97,INTEL(R) XEON(R) GOLD 5512U,56,251.36,12.9.7,NVIDIA-Linux-x86_64-595.58.03,ad83008f236ccdbce68aebcdb034bdd65a582acd,201412,2026-09-06T22:29:37.227183,,ISAAC_LAB_SINGLE_GPU_GTL_PRESET_NEWTON_MJWARP_E8192,benchmark_rsl_rl_Isaac-Reorient-Cube-Allegro-Direct_8192,2026-09-06,,dirty working tree reported,164762.1089321865,36162.32008299472,177242.92998825162,database,database
2026-09-07,measured,2026-09-07T05:54:49.329632Z,Isaac-Reorient-Cube-Allegro-Direct,training,rsl_rl,ovphysx,none,8192,42,10,90379.0,15865.673715428678,97651.0,7.67,0.75,8.01,36.69,15.39,NVIDIA RTX PRO 6000 Blackwell Server Edition,94.97,INTEL(R) XEON(R) GOLD 5512U,56,251.36,12.9.7,NVIDIA-Linux-x86_64-595.58.03,ad83008f236ccdbce68aebcdb034bdd65a582acd,201498,2026-09-06T22:52:52.412708,,ISAAC_LAB_SINGLE_GPU_GTL_PRESET_OVPHYSX_E8192,benchmark_rsl_rl_Isaac-Reorient-Cube-Allegro-Direct_8192,2026-09-06,,dirty working tree reported,99056.20742685492,17698.322963187784,107399.96258633176,database,database
2026-09-07,measured,2026-09-07T05:01:21.516203Z,Isaac-Reorient-Cube-Shadow,training,rsl_rl,isaacsim_physx,none,8192,42,10,113245.9,18278.96337596856,122195.0,12.15,0.77,12.45,36.83,16.11,NVIDIA RTX PRO 6000 Blackwell Server Edition,94.97,INTEL(R) XEON(R) GOLD 5512U,56,251.36,12.9.7,NVIDIA-Linux-x86_64-595.58.03,ad83008f236ccdbce68aebcdb034bdd65a582acd,201304,2026-09-06T21:55:06.184461,,ISAAC_LAB_SINGLE_GPU_GTL_PRESET_PHYSX_E8192,benchmark_rsl_rl_Isaac-Reorient-Cube-Shadow_8192,2026-09-06,,dirty working tree reported,125308.37696120693,19669.814387846578,135467.79544739384,database,database
2026-09-07,measured,2026-09-07T05:35:04.460199Z,Isaac-Reorient-Cube-Shadow,training,rsl_rl,newton_mjwarp,none,8192,42,10,248070.2,45528.40079627953,266492.0,8.86,2.7,9.88,66.71,29.78,NVIDIA RTX PRO 6000 Blackwell Server Edition,94.97,INTEL(R) XEON(R) GOLD 5512U,56,251.36,12.9.7,NVIDIA-Linux-x86_64-595.58.03,ad83008f236ccdbce68aebcdb034bdd65a582acd,201430,2026-09-06T22:33:40.309501,,ISAAC_LAB_SINGLE_GPU_GTL_PRESET_NEWTON_MJWARP_E8192,benchmark_rsl_rl_Isaac-Reorient-Cube-Shadow_8192,2026-09-06,,dirty working tree reported,307148.7389090173,54948.10214144285,330693.11815980775,database,database
2026-09-07,measured,2026-09-07T05:58:40.896335Z,Isaac-Reorient-Cube-Shadow,training,rsl_rl,ovphysx,none,8192,42,10,72739.0,7080.357790708351,76468.0,9.27,0.71,9.56,21.32,9.43,NVIDIA RTX PRO 6000 Blackwell Server Edition,94.97,INTEL(R) XEON(R) GOLD 5512U,56,251.36,12.9.7,NVIDIA-Linux-x86_64-595.58.03,ad83008f236ccdbce68aebcdb034bdd65a582acd,201516,2026-09-06T22:52:29.499199,,ISAAC_LAB_SINGLE_GPU_GTL_PRESET_OVPHYSX_E8192,benchmark_rsl_rl_Isaac-Reorient-Cube-Shadow_8192,2026-09-06,,dirty working tree reported,77169.6215092722,6718.4458102321705,81093.50411953595,database,database
2026-09-07,measured,2026-09-07T02:34:01.576724Z,Isaac-Reorient-Cube-Shadow-Camera,training,rsl_rl,isaacsim_physx,isaacsim_rtx,8192,42,10,34478.9,7023.723821607896,36910.0,19.87,2.46,21.1,38.54,21.3,NVIDIA RTX PRO 6000 Blackwell Server Edition,94.97,INTEL(R) XEON(R) GOLD 5512U,56,251.36,12.9.7,NVIDIA-Linux-x86_64-595.58.03,ad83008f236ccdbce68aebcdb034bdd65a582acd,200678,2026-09-06T19:26:50.857745,simple_shading_full_mdl,ISAAC_LAB_SINGLE_GPU_GTL_PRESET_PHYSX_ISAACSIMRTX_SSFM_E8192_R64,benchmark_rsl_rl_Isaac-Reorient-Cube-Shadow-Camera_r64_8192,2026-09-06,,dirty working tree reported; resolved camera dimensions not recorded; fixed profile selected by explicit preset,35902.93167598945,7423.240801663486,38467.08545991034,database,database
2026-09-07,measured,2026-09-07T06:54:17.4183Z,Isaac-Reorient-Cube-Shadow-Camera,training,rsl_rl,newton_mjwarp,newton_renderer,8192,42,10,118737.8,3698.890668535335,120188.0,16.16,2.05,16.74,88.57,13.88,NVIDIA RTX PRO 6000 Blackwell Server Edition,94.97,INTEL(R) XEON(R) GOLD 5512U,56,251.36,12.9.7,NVIDIA-Linux-x86_64-595.58.03,ad83008f236ccdbce68aebcdb034bdd65a582acd,201682,2026-09-06T23:52:43.043855,rgb,ISAAC_LAB_SINGLE_GPU_GTL_PRESET_NEWTON_WARP_RGB_E8192_R64,benchmark_rsl_rl_Isaac-Reorient-Cube-Shadow-Camera_r64_8192,2026-09-06,,dirty working tree reported; resolved camera dimensions not recorded; fixed profile selected by explicit preset,135223.11588584777,3998.382933746518,136844.43283355463,database,database
2026-09-07,measured,2026-09-07T02:19:12.058286Z,Isaac-Reorient-Cube-Shadow-Camera,training,rsl_rl,newton_mjwarp,ovrtx,8192,42,10,73223.0,4264.1870919972025,75260.0,20.85,1.91,21.42,56.65,13.81,NVIDIA RTX PRO 6000 Blackwell Server Edition,94.97,INTEL(R) XEON(R) GOLD 5512U,56,251.36,12.9.7,NVIDIA-Linux-x86_64-595.58.03,ad83008f236ccdbce68aebcdb034bdd65a582acd,200612,2026-09-06T19:16:27.031740,simple_shading_full_mdl,ISAAC_LAB_SINGLE_GPU_GTL_PRESET_NEWTON_OVRTX_SSFM_E8192_R64,benchmark_rsl_rl_Isaac-Reorient-Cube-Shadow-Camera_r64_8192,2026-09-06,,dirty working tree reported; resolved camera dimensions not recorded; fixed profile selected by explicit preset,79282.18638107422,4723.021447833304,81583.95013036228,database,database
2026-09-07,measured,2026-09-07T02:27:45.929836Z,Isaac-Reorient-Cube-Shadow-Camera,training,rsl_rl,ovphysx,ovrtx,8192,42,10,40301.0,1662.5547275871018,41622.0,20.82,1.38,21.28,31.11,16.8,NVIDIA RTX PRO 6000 Blackwell Server Edition,94.97,INTEL(R) XEON(R) GOLD 5512U,56,251.36,12.9.7,NVIDIA-Linux-x86_64-595.58.03,ad83008f236ccdbce68aebcdb034bdd65a582acd,200655,2026-09-06T19:21:41.796643,simple_shading_full_mdl,ISAAC_LAB_SINGLE_GPU_GTL_PRESET_OVPHYSX_OVRTX_SSFM_E8192_R64,benchmark_rsl_rl_Isaac-Reorient-Cube-Shadow-Camera_r64_8192,2026-09-06,,dirty working tree reported; resolved camera dimensions not recorded; fixed profile selected by explicit preset,42066.12911224125,1734.5749371104446,43482.840526796856,database,database
2026-09-07,measured,2026-09-07T02:34:01.576724Z,Isaac-Reorient-Cube-Shadow-Camera-Direct,training,rsl_rl,isaacsim_physx,isaacsim_rtx,8192,42,10,31350.3,6279.260944658306,33853.0,19.98,2.43,21.24,37.38,22.31,NVIDIA RTX PRO 6000 Blackwell Server Edition,94.97,INTEL(R) XEON(R) GOLD 5512U,56,251.36,12.9.7,NVIDIA-Linux-x86_64-595.58.03,ad83008f236ccdbce68aebcdb034bdd65a582acd,200678,2026-09-06T19:19:44.556681,simple_shading_full_mdl,ISAAC_LAB_SINGLE_GPU_GTL_PRESET_PHYSX_ISAACSIMRTX_SSFM_E8192_R64,benchmark_rsl_rl_Isaac-Reorient-Cube-Shadow-Camera-Direct_r64_8192,2026-09-06,,dirty working tree reported; resolved camera dimensions not recorded; fixed profile selected by explicit preset,32538.908029096812,6616.412714846447,35256.993598077475,database,database
2026-09-07,measured,2026-09-07T06:54:17.4183Z,Isaac-Reorient-Cube-Shadow-Camera-Direct,training,rsl_rl,newton_mjwarp,newton_renderer,8192,42,10,115893.3,8800.850805461936,118814.0,16.15,2.03,16.74,89.02,8.98,NVIDIA RTX PRO 6000 Blackwell Server Edition,94.97,INTEL(R) XEON(R) GOLD 5512U,56,251.36,12.9.7,NVIDIA-Linux-x86_64-595.58.03,ad83008f236ccdbce68aebcdb034bdd65a582acd,201682,2026-09-06T23:51:28.335939,rgb,ISAAC_LAB_SINGLE_GPU_GTL_PRESET_NEWTON_WARP_RGB_E8192_R64,benchmark_rsl_rl_Isaac-Reorient-Cube-Shadow-Camera-Direct_r64_8192,2026-09-06,,dirty working tree reported; resolved camera dimensions not recorded; fixed profile selected by explicit preset,131488.51919106688,10701.434573761762,135045.09350266177,database,database
2026-09-07,measured,2026-09-07T02:19:12.058286Z,Isaac-Reorient-Cube-Shadow-Camera-Direct,training,rsl_rl,newton_mjwarp,ovrtx,8192,42,10,71347.8,5917.576170471601,73739.0,20.82,1.91,21.42,55.53,14.33,NVIDIA RTX PRO 6000 Blackwell Server Edition,94.97,INTEL(R) XEON(R) GOLD 5512U,56,251.36,12.9.7,NVIDIA-Linux-x86_64-595.58.03,ad83008f236ccdbce68aebcdb034bdd65a582acd,200612,2026-09-06T19:14:01.843563,simple_shading_full_mdl,ISAAC_LAB_SINGLE_GPU_GTL_PRESET_NEWTON_OVRTX_SSFM_E8192_R64,benchmark_rsl_rl_Isaac-Reorient-Cube-Shadow-Camera-Direct_r64_8192,2026-09-06,,dirty working tree reported; resolved camera dimensions not recorded; fixed profile selected by explicit preset,77060.90496770955,6726.404005893582,79786.35246023096,database,database
2026-09-07,measured,2026-09-07T02:27:45.929836Z,Isaac-Reorient-Cube-Shadow-Camera-Direct,training,rsl_rl,ovphysx,ovrtx,8192,42,10,39901.8,2087.271839826651,41256.0,20.84,1.41,21.31,30.13,16.59,NVIDIA RTX PRO 6000 Blackwell Server Edition,94.97,INTEL(R) XEON(R) GOLD 5512U,56,251.36,12.9.7,NVIDIA-Linux-x86_64-595.58.03,ad83008f236ccdbce68aebcdb034bdd65a582acd,200655,2026-09-06T19:15:56.434475,simple_shading_full_mdl,ISAAC_LAB_SINGLE_GPU_GTL_PRESET_OVPHYSX_OVRTX_SSFM_E8192_R64,benchmark_rsl_rl_Isaac-Reorient-Cube-Shadow-Camera-Direct_r64_8192,2026-09-06,,dirty working tree reported; resolved camera dimensions not recorded; fixed profile selected by explicit preset,41620.452103833915,2237.9986333609227,43084.72337180653,database,database
2026-09-07,measured,2026-09-07T05:01:30.095803Z,Isaac-Reorient-Cube-Shadow-Direct,training,rsl_rl,isaacsim_physx,none,8192,42,10,111947.7,24727.22394918874,121649.0,12.09,0.8,12.48,29.92,14.13,NVIDIA RTX PRO 6000 Blackwell Server Edition,94.97,INTEL(R) XEON(R) GOLD 5512U,56,251.36,12.9.7,NVIDIA-Linux-x86_64-595.58.03,ad83008f236ccdbce68aebcdb034bdd65a582acd,201305,2026-09-06T21:58:11.113626,,ISAAC_LAB_SINGLE_GPU_GTL_PRESET_PHYSX_E8192,benchmark_rsl_rl_Isaac-Reorient-Cube-Shadow-Direct_8192,2026-09-06,,dirty working tree reported,123466.255697369,27832.40156279202,134578.915994024,database,database
2026-09-07,measured,2026-09-07T05:35:04.460199Z,Isaac-Reorient-Cube-Shadow-Direct,training,rsl_rl,newton_mjwarp,none,8192,42,10,240827.2,61872.027222503566,263646.0,8.85,2.5,9.88,49.75,38.83,NVIDIA RTX PRO 6000 Blackwell Server Edition,94.97,INTEL(R) XEON(R) GOLD 5512U,56,251.36,12.9.7,NVIDIA-Linux-x86_64-595.58.03,ad83008f236ccdbce68aebcdb034bdd65a582acd,201430,2026-09-06T22:34:11.949887,,ISAAC_LAB_SINGLE_GPU_GTL_PRESET_NEWTON_MJWARP_E8192,benchmark_rsl_rl_Isaac-Reorient-Cube-Shadow-Direct_8192,2026-09-06,,dirty working tree reported; Total FPS coefficient of variation >25%; Collection FPS coefficient of variation >25%,295559.25034064974,78893.20517321704,325523.6976306152,database,database
2026-09-07,measured,2026-09-07T05:58:40.896335Z,Isaac-Reorient-Cube-Shadow-Direct,training,rsl_rl,ovphysx,none,8192,42,10,71816.1,11882.133576181603,77506.0,9.26,0.73,9.59,23.68,17.21,NVIDIA RTX PRO 6000 Blackwell Server Edition,94.97,INTEL(R) XEON(R) GOLD 5512U,56,251.36,12.9.7,NVIDIA-Linux-x86_64-595.58.03,ad83008f236ccdbce68aebcdb034bdd65a582acd,201516,2026-09-06T22:55:23.550439,,ISAAC_LAB_SINGLE_GPU_GTL_PRESET_OVPHYSX_E8192,benchmark_rsl_rl_Isaac-Reorient-Cube-Shadow-Direct_8192,2026-09-06,,dirty working tree reported,75971.95285513444,12431.381403872436,82052.34726007014,database,database
2026-09-07,measured,2026-09-07T05:01:02.335581Z,Isaac-Reorient-KukaAllegro,training,rsl_rl,isaacsim_physx,none,8192,42,10,54529.0,3275.720717982872,60602.0,16.47,1.01,16.93,76.93,13.4,NVIDIA RTX PRO 6000 Blackwell Server Edition,94.97,INTEL(R) XEON(R) GOLD 5512U,56,251.36,12.9.7,NVIDIA-Linux-x86_64-595.58.03,ad83008f236ccdbce68aebcdb034bdd65a582acd,201302,2026-09-06T21:56:22.137051,,ISAAC_LAB_SINGLE_GPU_GTL_PRESET_PHYSX_E8192,benchmark_rsl_rl_Isaac-Reorient-KukaAllegro_8192,2026-09-06,,dirty working tree reported,57819.76131335448,3497.453710615938,64503.208393553294,database,database
2026-09-07,measured,2026-09-07T05:31:40.486868Z,Isaac-Reorient-KukaAllegro,training,rsl_rl,newton_mjwarp,none,8192,42,10,114930.2,12841.811872854149,120625.0,28.03,1.29,28.48,76.13,18.07,NVIDIA RTX PRO 6000 Blackwell Server Edition,94.97,INTEL(R) XEON(R) GOLD 5512U,56,251.36,12.9.7,NVIDIA-Linux-x86_64-595.58.03,ad83008f236ccdbce68aebcdb034bdd65a582acd,201417,2026-09-06T22:30:05.561992,,ISAAC_LAB_SINGLE_GPU_GTL_PRESET_NEWTON_MJWARP_E8192,benchmark_rsl_rl_Isaac-Reorient-KukaAllegro_8192,2026-09-06,,dirty working tree reported,129454.9208002171,15073.150152963104,136466.56099165397,database,database
2026-09-07,measured,2026-09-07T05:56:09.394755Z,Isaac-Reorient-KukaAllegro,training,rsl_rl,ovphysx,none,8192,42,10,31683.7,982.8208890738943,33090.0,14.03,0.96,14.52,59.28,27.4,NVIDIA RTX PRO 6000 Blackwell Server Edition,94.97,INTEL(R) XEON(R) GOLD 5512U,56,251.36,12.9.7,NVIDIA-Linux-x86_64-595.58.03,ad83008f236ccdbce68aebcdb034bdd65a582acd,201507,2026-09-06T22:52:18.077958,,ISAAC_LAB_SINGLE_GPU_GTL_PRESET_OVPHYSX_E8192,benchmark_rsl_rl_Isaac-Reorient-KukaAllegro_8192,2026-09-06,,dirty working tree reported,32717.865757345833,963.652612858325,34177.370057459026,database,database
2026-09-07,measured,2026-09-07T07:19:55.271313Z,Isaac-Reorient-KukaAllegro-Camera,training,rsl_rl,isaacsim_physx,isaacsim_rtx,8192,42,10,12697.7,2327.1909652817253,13669.0,32.36,1.85,33.24,17.38,28.11,NVIDIA RTX PRO 6000 Blackwell Server Edition,94.97,INTEL(R) XEON(R) GOLD 5512U,56,251.36,12.9.7,NVIDIA-Linux-x86_64-595.58.03,ad83008f236ccdbce68aebcdb034bdd65a582acd,201734,2026-09-07T00:11:12.136553,"cube,simple_shading_full_mdl64,single_camera",ISAAC_LAB_SINGLE_GPU_GTL_PRESET_PHYSX_ISAACSIMRTX_SSFM_E8192_R64,benchmark_rsl_rl_Isaac-Reorient-KukaAllegro-Camera_cube_single_camera_simple_shading_full_mdl64_r64_8192,2026-09-06,,dirty working tree reported; resolved camera dimensions not recorded; fixed profile selected by explicit preset,13397.982558034051,2395.9392617950425,14433.818900192176,database,database
2026-09-07,measured,2026-09-07T06:49:30.779613Z,Isaac-Reorient-KukaAllegro-Camera,training,rsl_rl,newton_mjwarp,newton_renderer,8192,42,10,73784.0,14772.629766640137,79536.0,42.6,2.19,47.37,80.11,27.62,NVIDIA RTX PRO 6000 Blackwell Server Edition,94.97,INTEL(R) XEON(R) GOLD 5512U,56,251.36,12.9.7,NVIDIA-Linux-x86_64-595.58.03,ad83008f236ccdbce68aebcdb034bdd65a582acd,201667,2026-09-06T23:47:48.191545,"cube,rgb64,single_camera",ISAAC_LAB_SINGLE_GPU_GTL_PRESET_NEWTON_WARP_RGB_E8192_R64,benchmark_rsl_rl_Isaac-Reorient-KukaAllegro-Camera_cube_single_camera_rgb64_r64_8192,2026-09-06,,dirty working tree reported; resolved camera dimensions not recorded; fixed profile selected by explicit preset,102243.65551680306,17958.410091199745,109468.18912717092,database,database
2026-09-07,measured,2026-09-07T07:44:46.441533Z,Isaac-Reorient-KukaAllegro-Camera,training,rsl_rl,newton_mjwarp,ovrtx,8192,42,10,55987.9,9883.39291100649,59313.0,47.42,1.92,48.21,62.4,25.29,NVIDIA RTX PRO 6000 Blackwell Server Edition,94.97,INTEL(R) XEON(R) GOLD 5512U,56,251.36,12.9.7,NVIDIA-Linux-x86_64-595.58.03,ad83008f236ccdbce68aebcdb034bdd65a582acd,201797,2026-09-07T00:42:16.473426,"cube,simple_shading_full_mdl64,single_camera",ISAAC_LAB_SINGLE_GPU_GTL_PRESET_NEWTON_OVRTX_SSFM_E8192_R64,benchmark_rsl_rl_Isaac-Reorient-KukaAllegro-Camera_cube_single_camera_simple_shading_full_mdl64_r64_8192,2026-09-06,,dirty working tree reported; resolved camera dimensions not recorded; fixed profile selected by explicit preset,71114.76422410151,10339.929642605419,75028.21991859097,database,database
2026-09-07,measured,2026-09-07T02:21:29.73792Z,Isaac-Reorient-KukaAllegro-Camera,training,rsl_rl,ovphysx,ovrtx,8192,42,10,23539.4,2408.776369860847,24946.0,33.94,1.51,34.55,51.67,32.04,NVIDIA RTX PRO 6000 Blackwell Server Edition,94.97,INTEL(R) XEON(R) GOLD 5512U,56,251.36,12.9.7,NVIDIA-Linux-x86_64-595.58.03,ad83008f236ccdbce68aebcdb034bdd65a582acd,200621,2026-09-06T19:16:17.651122,"cube,simple_shading_full_mdl64,single_camera",ISAAC_LAB_SINGLE_GPU_GTL_PRESET_OVPHYSX_OVRTX_SSFM_E8192_R64,benchmark_rsl_rl_Isaac-Reorient-KukaAllegro-Camera_cube_single_camera_simple_shading_full_mdl64_r64_8192,2026-09-06,,dirty working tree reported; resolved camera dimensions not recorded; fixed profile selected by explicit preset,26002.302560835196,1802.9205344549916,27358.826657302805,database,database
2026-09-07,measured,2026-09-07T05:04:50.76059Z,Isaac-Shadow-Handover-Direct,training,rsl_rl,isaacsim_physx,none,8192,42,10,69577.6,13306.000895168398,76682.0,15.45,0.69,15.85,30.0,12.97,NVIDIA RTX PRO 6000 Blackwell Server Edition,94.97,INTEL(R) XEON(R) GOLD 5512U,56,251.36,12.9.7,NVIDIA-Linux-x86_64-595.58.03,ad83008f236ccdbce68aebcdb034bdd65a582acd,201315,2026-09-06T21:58:52.061456,,ISAAC_LAB_SINGLE_GPU_GTL_PRESET_PHYSX_E8192,benchmark_rsl_rl_Isaac-Shadow-Handover-Direct_8192,2026-09-06,,dirty working tree reported,74713.03161802106,14502.00918040323,82046.26119820749,database,database
2026-09-07,measured,2026-09-07T05:34:32.588319Z,Isaac-Shadow-Handover-Direct,training,rsl_rl,newton_mjwarp,none,8192,42,10,97486.9,15630.343740088807,103368.0,13.57,2.46,14.36,81.27,26.38,NVIDIA RTX PRO 6000 Blackwell Server Edition,94.97,INTEL(R) XEON(R) GOLD 5512U,56,251.36,12.9.7,NVIDIA-Linux-x86_64-595.58.03,ad83008f236ccdbce68aebcdb034bdd65a582acd,201428,2026-09-06T22:33:20.920029,,ISAAC_LAB_SINGLE_GPU_GTL_PRESET_NEWTON_MJWARP_E8192,benchmark_rsl_rl_Isaac-Shadow-Handover-Direct_8192,2026-09-06,,dirty working tree reported,105826.07797442026,17010.478841047134,112242.18286901257,database,database
2026-09-07,measured,2026-09-07T05:58:27.869553Z,Isaac-Shadow-Handover-Direct,training,rsl_rl,ovphysx,none,8192,42,10,38351.3,3600.6742285299847,40219.0,13.73,0.58,13.96,15.7,10.35,NVIDIA RTX PRO 6000 Blackwell Server Edition,94.97,INTEL(R) XEON(R) GOLD 5512U,56,251.36,12.9.7,NVIDIA-Linux-x86_64-595.58.03,ad83008f236ccdbce68aebcdb034bdd65a582acd,201515,2026-09-06T22:51:49.536403,,ISAAC_LAB_SINGLE_GPU_GTL_PRESET_OVPHYSX_E8192,benchmark_rsl_rl_Isaac-Shadow-Handover-Direct_8192,2026-09-06,,dirty working tree reported,39636.58208279589,3469.162580857773,41507.49504467284,database,database
2026-09-07,measured,2026-09-07T05:01:01.685446Z,Isaac-Velocity-Flat-AnymalD,training,rsl_rl,isaacsim_physx,none,8192,42,10,155678.4,31579.83639110388,177031.0,10.02,0.41,10.19,29.29,12.12,NVIDIA RTX PRO 6000 Blackwell Server Edition,94.97,INTEL(R) XEON(R) GOLD 5512U,56,251.36,12.9.7,NVIDIA-Linux-x86_64-595.58.03,ad83008f236ccdbce68aebcdb034bdd65a582acd,201301,2026-09-06T21:58:49.071573,,ISAAC_LAB_SINGLE_GPU_GTL_PRESET_PHYSX_E8192,benchmark_rsl_rl_Isaac-Velocity-Flat-AnymalD_8192,2026-09-06,,dirty working tree reported,167677.83007105283,33936.78856643555,190841.5803869348,database,database
2026-09-07,measured,2026-09-07T05:30:06.983379Z,Isaac-Velocity-Flat-AnymalD,training,rsl_rl,newton_mjwarp,none,8192,42,10,177041.3,32617.151452878286,188844.0,6.54,0.37,6.7,74.38,28.7,NVIDIA RTX PRO 6000 Blackwell Server Edition,94.97,INTEL(R) XEON(R) GOLD 5512U,56,251.36,12.9.7,NVIDIA-Linux-x86_64-595.58.03,ad83008f236ccdbce68aebcdb034bdd65a582acd,201410,2026-09-06T22:28:58.604239,,ISAAC_LAB_SINGLE_GPU_GTL_PRESET_NEWTON_MJWARP_E8192,benchmark_rsl_rl_Isaac-Velocity-Flat-AnymalD_8192,2026-09-06,,dirty working tree reported,188439.1869113146,34010.04811318955,200876.33671499504,database,database
2026-09-07,measured,2026-09-07T05:55:10.047796Z,Isaac-Velocity-Flat-AnymalD,training,rsl_rl,ovphysx,none,8192,42,10,197586.6,40494.61188355804,214099.0,6.97,0.44,7.17,33.0,13.5,NVIDIA RTX PRO 6000 Blackwell Server Edition,94.97,INTEL(R) XEON(R) GOLD 5512U,56,251.36,12.9.7,NVIDIA-Linux-x86_64-595.58.03,ad83008f236ccdbce68aebcdb034bdd65a582acd,201501,2026-09-06T22:53:27.662190,,ISAAC_LAB_SINGLE_GPU_GTL_PRESET_OVPHYSX_E8192,benchmark_rsl_rl_Isaac-Velocity-Flat-AnymalD_8192,2026-09-06,,dirty working tree reported,211494.37489401863,42973.24365076385,229047.2349168592,database,database
2026-09-07,measured,2026-09-07T05:01:31.605594Z,Isaac-Velocity-Flat-Cassie,training,rsl_rl,isaacsim_physx,none,8192,42,10,229133.1,51816.811706562316,256172.0,9.13,0.42,9.31,29.1,14.93,NVIDIA RTX PRO 6000 Blackwell Server Edition,94.97,INTEL(R) XEON(R) GOLD 5512U,56,251.36,12.9.7,NVIDIA-Linux-x86_64-595.58.03,ad83008f236ccdbce68aebcdb034bdd65a582acd,201306,2026-09-06T21:59:56.287165,,ISAAC_LAB_SINGLE_GPU_GTL_PRESET_PHYSX_E8192,benchmark_rsl_rl_Isaac-Velocity-Flat-Cassie_8192,2026-09-06,,dirty working tree reported,255447.44606714434,57194.796574536995,286609.1041874985,database,database
2026-09-07,measured,2026-09-07T05:31:44.158689Z,Isaac-Velocity-Flat-Cassie,training,rsl_rl,newton_mjwarp,none,8192,42,10,434904.2,115871.57432433548,472791.0,1.97,0.25,2.11,47.0,32.49,NVIDIA RTX PRO 6000 Blackwell Server Edition,94.97,INTEL(R) XEON(R) GOLD 5512U,56,251.36,12.9.7,NVIDIA-Linux-x86_64-595.58.03,ad83008f236ccdbce68aebcdb034bdd65a582acd,201418,2026-09-06T22:31:01.072073,,ISAAC_LAB_SINGLE_GPU_GTL_PRESET_NEWTON_MJWARP_E8192,benchmark_rsl_rl_Isaac-Velocity-Flat-Cassie_8192,2026-09-06,,dirty working tree reported; Total FPS coefficient of variation >25%; Collection FPS coefficient of variation >25%,513098.36016356223,138871.87362696536,558576.102937451,database,database
2026-09-07,measured,2026-09-07T05:54:54.848385Z,Isaac-Velocity-Flat-Cassie,training,rsl_rl,ovphysx,none,8192,42,10,295338.6,70558.58389420493,321518.0,6.04,0.42,6.22,30.22,17.67,NVIDIA RTX PRO 6000 Blackwell Server Edition,94.97,INTEL(R) XEON(R) GOLD 5512U,56,251.36,12.9.7,NVIDIA-Linux-x86_64-595.58.03,ad83008f236ccdbce68aebcdb034bdd65a582acd,201500,2026-09-06T22:53:34.974550,,ISAAC_LAB_SINGLE_GPU_GTL_PRESET_OVPHYSX_E8192,benchmark_rsl_rl_Isaac-Velocity-Flat-Cassie_8192,2026-09-06,,dirty working tree reported,329086.7335676697,78737.72739958683,358714.1978337089,database,database
2026-09-07,measured,2026-09-07T05:04:35.860896Z,Isaac-Velocity-Flat-G1,training,rsl_rl,isaacsim_physx,none,8192,42,10,137918.2,28499.47738624147,149473.0,11.33,0.35,11.51,51.73,23.34,NVIDIA RTX PRO 6000 Blackwell Server Edition,94.97,INTEL(R) XEON(R) GOLD 5512U,56,251.36,12.9.7,NVIDIA-Linux-x86_64-595.58.03,ad83008f236ccdbce68aebcdb034bdd65a582acd,201314,2026-09-06T22:00:19.608675,,ISAAC_LAB_SINGLE_GPU_GTL_PRESET_PHYSX_E8192,benchmark_rsl_rl_Isaac-Velocity-Flat-G1_8192,2026-09-06,,dirty working tree reported,146982.95207584262,29873.577226821923,159312.01522656117,database,database
2026-09-07,measured,2026-09-07T05:32:55.769307Z,Isaac-Velocity-Flat-G1,training,rsl_rl,newton_mjwarp,none,8192,42,10,264679.9,63238.66234169305,285299.0,4.3,0.47,4.58,63.2,33.16,NVIDIA RTX PRO 6000 Blackwell Server Edition,94.97,INTEL(R) XEON(R) GOLD 5512U,56,251.36,12.9.7,NVIDIA-Linux-x86_64-595.58.03,ad83008f236ccdbce68aebcdb034bdd65a582acd,201422,2026-09-06T22:32:06.064075,,ISAAC_LAB_SINGLE_GPU_GTL_PRESET_NEWTON_MJWARP_E8192,benchmark_rsl_rl_Isaac-Velocity-Flat-G1_8192,2026-09-06,,dirty working tree reported,292509.37647049845,70024.58353581306,315299.63551690243,database,database
2026-09-07,measured,2026-09-07T05:56:45.39903Z,Isaac-Velocity-Flat-G1,training,rsl_rl,ovphysx,none,8192,42,10,176377.5,36410.29434178685,188980.0,9.32,0.37,9.52,57.92,25.76,NVIDIA RTX PRO 6000 Blackwell Server Edition,94.97,INTEL(R) XEON(R) GOLD 5512U,56,251.36,12.9.7,NVIDIA-Linux-x86_64-595.58.03,ad83008f236ccdbce68aebcdb034bdd65a582acd,201511,2026-09-06T22:53:25.546874,,ISAAC_LAB_SINGLE_GPU_GTL_PRESET_OVPHYSX_E8192,benchmark_rsl_rl_Isaac-Velocity-Flat-G1_8192,2026-09-06,,dirty working tree reported,188357.51321872545,38452.57088754819,201772.40260634458,database,database
2026-09-07,measured,2026-09-07T05:04:13.918981Z,Isaac-Velocity-Flat-H1,training,rsl_rl,isaacsim_physx,none,8192,42,10,217277.6,50870.69297564387,242114.0,9.32,0.27,9.47,33.0,15.59,NVIDIA RTX PRO 6000 Blackwell Server Edition,94.97,INTEL(R) XEON(R) GOLD 5512U,56,251.36,12.9.7,NVIDIA-Linux-x86_64-595.58.03,ad83008f236ccdbce68aebcdb034bdd65a582acd,201313,2026-09-06T22:01:56.558435,,ISAAC_LAB_SINGLE_GPU_GTL_PRESET_PHYSX_E8192,benchmark_rsl_rl_Isaac-Velocity-Flat-H1_8192,2026-09-06,,dirty working tree reported,239624.36746756127,56467.65894750906,268033.49301096954,database,database
2026-09-07,measured,2026-09-07T05:35:29.843679Z,Isaac-Velocity-Flat-H1,training,rsl_rl,newton_mjwarp,none,8192,42,10,384781.8,101521.26943519438,420425.0,2.33,0.26,2.46,52.75,32.77,NVIDIA RTX PRO 6000 Blackwell Server Edition,94.97,INTEL(R) XEON(R) GOLD 5512U,56,251.36,12.9.7,NVIDIA-Linux-x86_64-595.58.03,ad83008f236ccdbce68aebcdb034bdd65a582acd,201434,2026-09-06T22:34:44.627467,,ISAAC_LAB_SINGLE_GPU_GTL_PRESET_NEWTON_MJWARP_E8192,benchmark_rsl_rl_Isaac-Velocity-Flat-H1_8192,2026-09-06,,dirty working tree reported; Total FPS coefficient of variation >25%; Collection FPS coefficient of variation >25%,438968.17898488394,116854.32019797536,480427.2754735185,database,database
2026-09-07,measured,2026-09-07T05:55:27.018136Z,Isaac-Velocity-Flat-H1,training,rsl_rl,ovphysx,none,8192,42,10,287955.9,70903.44667919105,314160.0,6.18,0.25,6.32,35.78,20.04,NVIDIA RTX PRO 6000 Blackwell Server Edition,94.97,INTEL(R) XEON(R) GOLD 5512U,56,251.36,12.9.7,NVIDIA-Linux-x86_64-595.58.03,ad83008f236ccdbce68aebcdb034bdd65a582acd,201504,2026-09-06T22:53:43.181535,,ISAAC_LAB_SINGLE_GPU_GTL_PRESET_OVPHYSX_E8192,benchmark_rsl_rl_Isaac-Velocity-Flat-H1_8192,2026-09-06,,dirty working tree reported,320661.58473647933,78835.37159028533,351233.19330239407,database,database
2026-09-07,measured,2026-09-07T05:07:21.892965Z,Isaac-Velocity-Flat-UnitreeGo2,training,rsl_rl,isaacsim_physx,none,8192,42,10,203188.9,45298.87719101508,234433.0,9.28,0.28,9.44,31.27,14.75,NVIDIA RTX PRO 6000 Blackwell Server Edition,94.97,INTEL(R) XEON(R) GOLD 5512U,56,251.36,12.9.7,NVIDIA-Linux-x86_64-595.58.03,ad83008f236ccdbce68aebcdb034bdd65a582acd,201322,2026-09-06T22:04:54.674832,,ISAAC_LAB_SINGLE_GPU_GTL_PRESET_PHYSX_E8192,benchmark_rsl_rl_Isaac-Velocity-Flat-UnitreeGo2_8192,2026-09-06,,dirty working tree reported,224415.92836027106,50440.05941987544,259208.08687107833,database,database
2026-09-07,measured,2026-09-07T05:34:17.941574Z,Isaac-Velocity-Flat-UnitreeGo2,training,rsl_rl,newton_mjwarp,none,8192,42,10,456167.6,123236.6522546492,496586.0,3.01,0.29,3.17,44.86,28.36,NVIDIA RTX PRO 6000 Blackwell Server Edition,94.97,INTEL(R) XEON(R) GOLD 5512U,56,251.36,12.9.7,NVIDIA-Linux-x86_64-595.58.03,ad83008f236ccdbce68aebcdb034bdd65a582acd,201427,2026-09-06T22:33:25.407079,,ISAAC_LAB_SINGLE_GPU_GTL_PRESET_NEWTON_MJWARP_E8192,benchmark_rsl_rl_Isaac-Velocity-Flat-UnitreeGo2_8192,2026-09-06,,dirty working tree reported; Total FPS coefficient of variation >25%; Collection FPS coefficient of variation >25%,543433.1850155339,149175.7935787655,592651.1111085558,database,database
2026-09-07,measured,2026-09-07T05:56:22.595876Z,Isaac-Velocity-Flat-UnitreeGo2,training,rsl_rl,ovphysx,none,8192,42,10,110287.5,17058.936349869204,116971.0,6.47,0.25,6.57,17.68,7.88,NVIDIA RTX PRO 6000 Blackwell Server Edition,94.97,INTEL(R) XEON(R) GOLD 5512U,56,251.36,12.9.7,NVIDIA-Linux-x86_64-595.58.03,ad83008f236ccdbce68aebcdb034bdd65a582acd,201509,2026-09-06T22:54:15.559013,,ISAAC_LAB_SINGLE_GPU_GTL_PRESET_OVPHYSX_E8192,benchmark_rsl_rl_Isaac-Velocity-Flat-UnitreeGo2_8192,2026-09-06,,dirty working tree reported,114751.42719978897,17116.824997282492,121592.04467727744,database,database
2026-09-07,measured,2026-09-07T05:05:28.140697Z,Isaac-Velocity-Rough-AnymalD,training,rsl_rl,isaacsim_physx,none,8192,42,10,62503.0,8560.194052836783,69826.0,12.79,0.67,13.08,64.81,20.68,NVIDIA RTX PRO 6000 Blackwell Server Edition,94.97,INTEL(R) XEON(R) GOLD 5512U,56,251.36,12.9.7,NVIDIA-Linux-x86_64-595.58.03,ad83008f236ccdbce68aebcdb034bdd65a582acd,201317,2026-09-06T22:02:53.473738,,ISAAC_LAB_SINGLE_GPU_GTL_PRESET_PHYSX_E8192,benchmark_rsl_rl_Isaac-Velocity-Rough-AnymalD_8192,2026-09-06,,dirty working tree reported,64877.82699315725,8752.169584407782,72349.48556249864,database,database
2026-09-07,measured,2026-09-07T05:35:15.47735Z,Isaac-Velocity-Rough-AnymalD,training,rsl_rl,newton_mjwarp,none,8192,42,10,139315.6,20817.329502123946,157955.0,17.16,0.83,17.49,78.62,26.13,NVIDIA RTX PRO 6000 Blackwell Server Edition,94.97,INTEL(R) XEON(R) GOLD 5512U,56,251.36,12.9.7,NVIDIA-Linux-x86_64-595.58.03,ad83008f236ccdbce68aebcdb034bdd65a582acd,201431,2026-09-06T22:34:06.517249,,ISAAC_LAB_SINGLE_GPU_GTL_PRESET_NEWTON_MJWARP_E8192,benchmark_rsl_rl_Isaac-Velocity-Rough-AnymalD_8192,2026-09-06,,dirty working tree reported,150088.50443786022,21864.334698834005,171108.2344663793,database,database
2026-09-07,measured,2026-09-07T05:55:50.185525Z,Isaac-Velocity-Rough-AnymalD,training,rsl_rl,ovphysx,none,8192,42,10,75344.9,6770.123525050665,81943.0,9.53,0.61,9.77,69.85,20.0,NVIDIA RTX PRO 6000 Blackwell Server Edition,94.97,INTEL(R) XEON(R) GOLD 5512U,56,251.36,12.9.7,NVIDIA-Linux-x86_64-595.58.03,ad83008f236ccdbce68aebcdb034bdd65a582acd,201505,2026-09-06T22:53:48.399571,,ISAAC_LAB_SINGLE_GPU_GTL_PRESET_OVPHYSX_E8192,benchmark_rsl_rl_Isaac-Velocity-Rough-AnymalD_8192,2026-09-06,,dirty working tree reported,78505.99870305668,6369.32341544537,85285.74166054664,database,database
2026-09-07,measured,2026-09-07T05:06:49.779511Z,Isaac-Velocity-Rough-Cassie,training,rsl_rl,isaacsim_physx,none,8192,42,10,124319.3,22532.784175014363,139439.0,11.35,0.51,11.58,57.88,21.32,NVIDIA RTX PRO 6000 Blackwell Server Edition,94.97,INTEL(R) XEON(R) GOLD 5512U,56,251.36,12.9.7,NVIDIA-Linux-x86_64-595.58.03,ad83008f236ccdbce68aebcdb034bdd65a582acd,201320,2026-09-06T22:05:07.546505,,ISAAC_LAB_SINGLE_GPU_GTL_PRESET_PHYSX_E8192,benchmark_rsl_rl_Isaac-Velocity-Rough-Cassie_8192,2026-09-06,,dirty working tree reported,134204.02370054365,24302.40915363065,152699.96624887298,database,database
2026-09-07,measured,2026-09-07T05:35:21.486258Z,Isaac-Velocity-Rough-Cassie,training,rsl_rl,newton_mjwarp,none,8192,42,10,274586.6,63196.80379083881,295624.0,6.44,0.67,6.78,55.67,38.04,NVIDIA RTX PRO 6000 Blackwell Server Edition,94.97,INTEL(R) XEON(R) GOLD 5512U,56,251.36,12.9.7,NVIDIA-Linux-x86_64-595.58.03,ad83008f236ccdbce68aebcdb034bdd65a582acd,201432,2026-09-06T22:34:32.931072,,ISAAC_LAB_SINGLE_GPU_GTL_PRESET_NEWTON_MJWARP_E8192,benchmark_rsl_rl_Isaac-Velocity-Rough-Cassie_8192,2026-09-06,,dirty working tree reported,320173.52063290536,74743.16033317543,345369.56124111847,database,database
2026-09-07,measured,2026-09-07T05:55:13.198586Z,Isaac-Velocity-Rough-Cassie,training,rsl_rl,ovphysx,none,8192,42,10,165443.4,31515.91675540049,183332.0,8.05,0.6,8.35,57.14,24.31,NVIDIA RTX PRO 6000 Blackwell Server Edition,94.97,INTEL(R) XEON(R) GOLD 5512U,56,251.36,12.9.7,NVIDIA-Linux-x86_64-595.58.03,ad83008f236ccdbce68aebcdb034bdd65a582acd,201502,2026-09-06T22:53:45.189174,,ISAAC_LAB_SINGLE_GPU_GTL_PRESET_OVPHYSX_E8192,benchmark_rsl_rl_Isaac-Velocity-Rough-Cassie_8192,2026-09-06,,dirty working tree reported,181031.4224382823,34328.099646094575,201369.41249762828,database,database
2026-09-07,measured,2026-09-07T04:56:13.443164Z,Isaac-Velocity-Rough-G1,training,rsl_rl,isaacsim_physx,none,8192,42,10,112004.5,22392.701198034247,127943.0,12.92,0.59,13.23,58.28,20.67,NVIDIA RTX PRO 6000 Blackwell Server Edition,94.97,INTEL(R) XEON(R) GOLD 5512U,56,251.36,12.9.7,NVIDIA-Linux-x86_64-595.58.03,ad83008f236ccdbce68aebcdb034bdd65a582acd,201283,2026-09-06T21:51:50.485261,,ISAAC_LAB_SINGLE_GPU_GTL_PRESET_PHYSX_E8192,benchmark_rsl_rl_Isaac-Velocity-Rough-G1_8192,2026-09-06,,dirty working tree reported,120358.5171308912,24080.491653590583,139854.5444732324,database,database
2026-09-07,measured,2026-09-07T05:18:34.447296Z,Isaac-Velocity-Rough-G1,training,rsl_rl,newton_mjwarp,none,8192,42,10,174236.1,35924.51596967669,187553.0,12.38,0.8,12.78,71.46,31.78,NVIDIA RTX PRO 6000 Blackwell Server Edition,94.97,INTEL(R) XEON(R) GOLD 5512U,56,251.36,12.9.7,NVIDIA-Linux-x86_64-595.58.03,ad83008f236ccdbce68aebcdb034bdd65a582acd,201354,2026-09-06T22:17:37.834063,,ISAAC_LAB_SINGLE_GPU_GTL_PRESET_NEWTON_MJWARP_E8192,benchmark_rsl_rl_Isaac-Velocity-Rough-G1_8192,2026-09-06,,dirty working tree reported,192543.8511249558,39828.42269314161,207346.6822070581,database,database
2026-09-07,measured,2026-09-07T05:47:57.217345Z,Isaac-Velocity-Rough-G1,training,rsl_rl,ovphysx,none,8192,42,10,151202.2,28987.21867306348,161209.0,10.7,0.59,10.99,64.07,26.06,NVIDIA RTX PRO 6000 Blackwell Server Edition,94.97,INTEL(R) XEON(R) GOLD 5512U,56,251.36,12.9.7,NVIDIA-Linux-x86_64-595.58.03,ad83008f236ccdbce68aebcdb034bdd65a582acd,201478,2026-09-06T22:44:37.501200,,ISAAC_LAB_SINGLE_GPU_GTL_PRESET_OVPHYSX_E8192,benchmark_rsl_rl_Isaac-Velocity-Rough-G1_8192,2026-09-06,,dirty working tree reported,164796.7929530355,31511.388004319582,175763.9634734535,database,database
2026-09-07,measured,2026-09-07T05:07:09.612289Z,Isaac-Velocity-Rough-H1,training,rsl_rl,isaacsim_physx,none,8192,42,10,165920.9,35398.45940291752,187777.0,10.78,0.67,11.13,48.08,20.75,NVIDIA RTX PRO 6000 Blackwell Server Edition,94.97,INTEL(R) XEON(R) GOLD 5512U,56,251.36,12.9.7,NVIDIA-Linux-x86_64-595.58.03,ad83008f236ccdbce68aebcdb034bdd65a582acd,201321,2026-09-06T22:04:46.014866,,ISAAC_LAB_SINGLE_GPU_GTL_PRESET_PHYSX_E8192,benchmark_rsl_rl_Isaac-Velocity-Rough-H1_8192,2026-09-06,,dirty working tree reported,183056.75370140982,39438.047999532915,208373.17660888165,database,database
2026-09-07,measured,2026-09-07T05:34:56.337192Z,Isaac-Velocity-Rough-H1,training,rsl_rl,newton_mjwarp,none,8192,42,10,221880.9,49456.8313233313,244536.0,8.36,0.72,8.77,67.18,32.86,NVIDIA RTX PRO 6000 Blackwell Server Edition,94.97,INTEL(R) XEON(R) GOLD 5512U,56,251.36,12.9.7,NVIDIA-Linux-x86_64-595.58.03,ad83008f236ccdbce68aebcdb034bdd65a582acd,201429,2026-09-06T22:34:05.725209,,ISAAC_LAB_SINGLE_GPU_GTL_PRESET_NEWTON_MJWARP_E8192,benchmark_rsl_rl_Isaac-Velocity-Rough-H1_8192,2026-09-06,,dirty working tree reported,250643.71667035765,56446.54974023163,277507.38188986713,database,database
2026-09-07,measured,2026-09-07T05:56:15.931847Z,Isaac-Velocity-Rough-H1,training,rsl_rl,ovphysx,none,8192,42,10,218889.7,48429.777231345775,235970.0,7.65,0.7,8.06,46.73,23.17,NVIDIA RTX PRO 6000 Blackwell Server Edition,94.97,INTEL(R) XEON(R) GOLD 5512U,56,251.36,12.9.7,NVIDIA-Linux-x86_64-595.58.03,ad83008f236ccdbce68aebcdb034bdd65a582acd,201508,2026-09-06T22:54:26.458006,,ISAAC_LAB_SINGLE_GPU_GTL_PRESET_OVPHYSX_E8192,benchmark_rsl_rl_Isaac-Velocity-Rough-H1_8192,2026-09-06,,dirty working tree reported,245938.7092308116,54857.81844007103,266727.2554713078,database,database
2026-09-07,measured,2026-09-07T05:07:59.742539Z,Isaac-Velocity-Rough-UnitreeGo2,training,rsl_rl,isaacsim_physx,none,8192,42,10,81539.3,15244.012879743239,89895.0,12.37,0.6,12.67,61.96,24.16,NVIDIA RTX PRO 6000 Blackwell Server Edition,94.97,INTEL(R) XEON(R) GOLD 5512U,56,251.36,12.9.7,NVIDIA-Linux-x86_64-595.58.03,ad83008f236ccdbce68aebcdb034bdd65a582acd,201325,2026-09-06T22:05:12.491332,,ISAAC_LAB_SINGLE_GPU_GTL_PRESET_PHYSX_E8192,benchmark_rsl_rl_Isaac-Velocity-Rough-UnitreeGo2_8192,2026-09-06,,dirty working tree reported,85395.58571478186,15921.000787551511,94309.8383614227,database,database
2026-09-07,measured,2026-09-07T05:35:29.643311Z,Isaac-Velocity-Rough-UnitreeGo2,training,rsl_rl,newton_mjwarp,none,8192,42,10,204542.0,41686.71936400529,227685.0,14.92,0.92,15.32,73.83,30.02,NVIDIA RTX PRO 6000 Blackwell Server Edition,94.97,INTEL(R) XEON(R) GOLD 5512U,56,251.36,12.9.7,NVIDIA-Linux-x86_64-595.58.03,ad83008f236ccdbce68aebcdb034bdd65a582acd,201433,2026-09-06T22:34:35.220285,,ISAAC_LAB_SINGLE_GPU_GTL_PRESET_NEWTON_MJWARP_E8192,benchmark_rsl_rl_Isaac-Velocity-Rough-UnitreeGo2_8192,2026-09-06,,dirty working tree reported,229013.4182164773,46470.53582785971,256558.99599247964,database,database
2026-09-07,measured,2026-09-07T05:59:30.704266Z,Isaac-Velocity-Rough-UnitreeGo2,training,rsl_rl,ovphysx,none,8192,42,10,56403.5,4827.694440528637,60082.0,9.07,0.52,9.28,44.74,11.45,NVIDIA RTX PRO 6000 Blackwell Server Edition,94.97,INTEL(R) XEON(R) GOLD 5512U,56,251.36,12.9.7,NVIDIA-Linux-x86_64-595.58.03,ad83008f236ccdbce68aebcdb034bdd65a582acd,201520,2026-09-06T22:57:03.160828,,ISAAC_LAB_SINGLE_GPU_GTL_PRESET_OVPHYSX_E8192,benchmark_rsl_rl_Isaac-Velocity-Rough-UnitreeGo2_8192,2026-09-06,,dirty working tree reported,58151.70295137156,4628.516002499929,61906.329241571875,database,database
2026-09-13,measured,2026-09-13T07:18:27.251489Z,Isaac-Ant,training,rsl_rl,isaacsim_physx,none,8192,42,10,376043.5,88118.68843938713,423649.0,8.55,0.53,8.82,28.33,21.89,NVIDIA RTX PRO 6000 Blackwell Server Edition,94.97,INTEL(R) XEON(R) GOLD 5512U,56,251.36,12.9.7,NVIDIA-Linux-x86_64-595.58.03,a8b4da3c29ae528b39d4b3c9444d782ce58d886d,214647,2026-09-13T00:16:24.772567,,ISAAC_LAB_SINGLE_GPU_GTL_PRESET_PHYSX_E8192,benchmark_rsl_rl_Isaac-Ant_8192,2026-09-13,,dirty working tree reported,446069.9551323011,107184.75793899526,507556.7817205785,database,database
2026-09-13,measured,2026-09-13T07:42:00.763161Z,Isaac-Ant,training,rsl_rl,newton_mjwarp,none,8192,42,10,757680.8,209606.54808675335,826211.0,2.15,0.61,2.54,27.17,21.05,NVIDIA RTX PRO 6000 Blackwell Server Edition,94.97,INTEL(R) XEON(R) GOLD 5512U,56,251.36,12.9.7,NVIDIA-Linux-x86_64-595.58.03,a8b4da3c29ae528b39d4b3c9444d782ce58d886d,214753,2026-09-13T00:41:00.940416,,ISAAC_LAB_SINGLE_GPU_GTL_PRESET_NEWTON_MJWARP_E8192,benchmark_rsl_rl_Isaac-Ant_8192,2026-09-13,,dirty working tree reported; Total FPS coefficient of variation >25%; Collection FPS coefficient of variation >25%,1073589.318458073,311108.7266460422,1176287.9417329067,database,database
2026-09-13,measured,2026-09-13T08:05:50.705528Z,Isaac-Ant,training,rsl_rl,ovphysx,none,8192,42,10,491831.6,122585.86793862768,534313.0,5.6,0.58,5.91,21.13,13.04,NVIDIA RTX PRO 6000 Blackwell Server Edition,94.97,INTEL(R) XEON(R) GOLD 5512U,56,251.36,12.9.7,NVIDIA-Linux-x86_64-595.58.03,a8b4da3c29ae528b39d4b3c9444d782ce58d886d,214878,2026-09-13T01:03:50.605301,,ISAAC_LAB_SINGLE_GPU_GTL_PRESET_OVPHYSX_E8192,benchmark_rsl_rl_Isaac-Ant_8192,2026-09-13,,dirty working tree reported; Collection FPS coefficient of variation >25%,606078.9421041195,155445.2692933024,660530.7906677208,database,database
2026-09-13,measured,2026-09-13T07:19:19.598548Z,Isaac-Ant-Direct,training,rsl_rl,isaacsim_physx,none,8192,42,10,450833.5,85738.02363174566,501071.0,8.63,0.49,8.82,23.29,10.87,NVIDIA RTX PRO 6000 Blackwell Server Edition,94.97,INTEL(R) XEON(R) GOLD 5512U,56,251.36,12.9.7,NVIDIA-Linux-x86_64-595.58.03,a8b4da3c29ae528b39d4b3c9444d782ce58d886d,214652,2026-09-13T00:18:11.002921,,ISAAC_LAB_SINGLE_GPU_GTL_PRESET_PHYSX_E8192,benchmark_rsl_rl_Isaac-Ant-Direct_8192,2026-09-13,,dirty working tree reported,557350.0094001424,101728.33732081152,623139.1757851641,database,database
2026-09-13,measured,2026-09-13T07:42:34.658828Z,Isaac-Ant-Direct,training,rsl_rl,newton_mjwarp,none,8192,42,10,997219.2,237975.12245041263,1074871.0,2.23,0.62,2.54,37.5,23.0,NVIDIA RTX PRO 6000 Blackwell Server Edition,94.97,INTEL(R) XEON(R) GOLD 5512U,56,251.36,12.9.7,NVIDIA-Linux-x86_64-595.58.03,a8b4da3c29ae528b39d4b3c9444d782ce58d886d,214759,2026-09-13T00:41:52.658735,,ISAAC_LAB_SINGLE_GPU_GTL_PRESET_NEWTON_MJWARP_E8192,benchmark_rsl_rl_Isaac-Ant-Direct_8192,2026-09-13,,dirty working tree reported; Collection FPS coefficient of variation >25%,1612996.3005022525,408879.3422732227,1748239.6593806893,database,database
2026-09-13,measured,2026-09-13T08:05:50.705528Z,Isaac-Ant-Direct,training,rsl_rl,ovphysx,none,8192,42,10,586016.3,115707.23164286472,638870.0,5.68,0.53,5.91,30.33,26.13,NVIDIA RTX PRO 6000 Blackwell Server Edition,94.97,INTEL(R) XEON(R) GOLD 5512U,56,251.36,12.9.7,NVIDIA-Linux-x86_64-595.58.03,a8b4da3c29ae528b39d4b3c9444d782ce58d886d,214878,2026-09-13T01:04:41.598162,,ISAAC_LAB_SINGLE_GPU_GTL_PRESET_OVPHYSX_E8192,benchmark_rsl_rl_Isaac-Ant-Direct_8192,2026-09-13,,dirty working tree reported,754248.6766939737,148133.46274013942,828147.5508904281,database,database
2026-09-13,measured,2026-09-13T07:17:24.559332Z,Isaac-Cartpole,training,rsl_rl,isaacsim_physx,none,8192,42,10,501216.8,107685.18922488831,549019.0,7.09,0.03,7.11,14.0,8.68,NVIDIA RTX PRO 6000 Blackwell Server Edition,94.97,INTEL(R) XEON(R) GOLD 5512U,56,251.36,12.9.7,NVIDIA-Linux-x86_64-595.58.03,a8b4da3c29ae528b39d4b3c9444d782ce58d886d,214641,2026-09-13T00:16:08.963801,,ISAAC_LAB_SINGLE_GPU_GTL_PRESET_PHYSX_E8192,benchmark_rsl_rl_Isaac-Cartpole_8192,2026-09-13,,dirty working tree reported,737873.516193323,161884.96987101366,801950.9394841603,database,database
2026-09-13,measured,2026-09-13T07:44:55.734573Z,Isaac-Cartpole,training,rsl_rl,newton_mjwarp,none,8192,42,10,922784.4,237867.70901686788,1003128.0,0.93,0.06,0.96,16.67,14.43,NVIDIA RTX PRO 6000 Blackwell Server Edition,94.97,INTEL(R) XEON(R) GOLD 5512U,56,251.36,12.9.7,NVIDIA-Linux-x86_64-595.58.03,a8b4da3c29ae528b39d4b3c9444d782ce58d886d,214768,2026-09-13T00:44:04.555637,,ISAAC_LAB_SINGLE_GPU_GTL_PRESET_NEWTON_MJWARP_E8192,benchmark_rsl_rl_Isaac-Cartpole_8192,2026-09-13,,dirty working tree reported; Total FPS coefficient of variation >25%; Collection FPS coefficient of variation >25%,1655192.2965751793,453134.17714779964,1806933.2054376693,database,database
2026-09-13,measured,2026-09-13T08:06:08.118974Z,Isaac-Cartpole,training,rsl_rl,ovphysx,none,8192,42,10,621092.1,144132.66982536917,697786.0,3.98,0.03,4.0,14.5,9.71,NVIDIA RTX PRO 6000 Blackwell Server Edition,94.97,INTEL(R) XEON(R) GOLD 5512U,56,251.36,12.9.7,NVIDIA-Linux-x86_64-595.58.03,a8b4da3c29ae528b39d4b3c9444d782ce58d886d,214880,2026-09-13T01:05:02.107420,,ISAAC_LAB_SINGLE_GPU_GTL_PRESET_OVPHYSX_E8192,benchmark_rsl_rl_Isaac-Cartpole_8192,2026-09-13,,dirty working tree reported,873527.9473578786,205442.82878793133,1003421.9363109872,database,database
2026-09-13,measured,2026-09-13T09:04:29.641821Z,Isaac-Cartpole-Camera,training,rsl_rl,isaacsim_physx,isaacsim_rtx,8192,42,10,67147.6,9359.657118600968,70603.0,65.48,2.35,66.55,54.45,33.96,NVIDIA RTX PRO 6000 Blackwell Server Edition,94.97,INTEL(R) XEON(R) GOLD 5512U,56,251.36,12.9.7,NVIDIA-Linux-x86_64-595.58.03,a8b4da3c29ae528b39d4b3c9444d782ce58d886d,215112,2026-09-13T02:02:09.650925,simple_shading_full_mdl,ISAAC_LAB_SINGLE_GPU_GTL_PRESET_PHYSX_ISAACSIMRTX_SSFM_E8192_R64,benchmark_rsl_rl_Isaac-Cartpole-Camera_r64_8192,2026-09-13,,dirty working tree reported; resolved camera dimensions not recorded; fixed profile selected by explicit preset,103702.75245817515,11631.171816257847,108206.378211491,database,database
2026-09-13,measured,2026-09-13T08:50:37.00804Z,Isaac-Cartpole-Camera,training,rsl_rl,newton_mjwarp,newton_renderer,8192,42,10,140240.1,27199.98880085554,148964.0,58.33,2.28,59.39,82.15,23.12,NVIDIA RTX PRO 6000 Blackwell Server Edition,94.97,INTEL(R) XEON(R) GOLD 5512U,56,251.36,12.9.7,NVIDIA-Linux-x86_64-595.58.03,a8b4da3c29ae528b39d4b3c9444d782ce58d886d,215061,2026-09-13T01:49:20.434898,rgb,ISAAC_LAB_SINGLE_GPU_GTL_PRESET_NEWTON_WARP_RGB_E8192_R64,benchmark_rsl_rl_Isaac-Cartpole-Camera_r64_8192,2026-09-13,,dirty working tree reported; resolved camera dimensions not recorded; fixed profile selected by explicit preset,469340.41328036715,102787.29939084567,502318.3736368562,database,database
2026-09-13,measured,2026-09-13T09:12:25.508526Z,Isaac-Cartpole-Camera,training,rsl_rl,newton_mjwarp,ovrtx,8192,42,10,90603.8,13681.752550183199,96382.0,62.6,2.36,66.11,59.97,31.84,NVIDIA RTX PRO 6000 Blackwell Server Edition,94.97,INTEL(R) XEON(R) GOLD 5512U,56,251.36,12.9.7,NVIDIA-Linux-x86_64-595.58.03,a8b4da3c29ae528b39d4b3c9444d782ce58d886d,215146,2026-09-13T02:10:39.159179,simple_shading_full_mdl,ISAAC_LAB_SINGLE_GPU_GTL_PRESET_NEWTON_OVRTX_SSFM_E8192_R64,benchmark_rsl_rl_Isaac-Cartpole-Camera_r64_8192,2026-09-13,,dirty working tree reported; resolved camera dimensions not recorded; fixed profile selected by explicit preset,167742.0273581514,20245.301519460903,178989.11820767287,database,database
2026-09-13,measured,2026-09-13T04:42:31.952898Z,Isaac-Cartpole-Camera,training,rsl_rl,ovphysx,ovrtx,8192,42,10,85317.9,12472.254028219777,91173.0,65.58,2.26,66.37,59.2,33.41,NVIDIA RTX PRO 6000 Blackwell Server Edition,94.97,INTEL(R) XEON(R) GOLD 5512U,56,251.36,12.9.7,NVIDIA-Linux-x86_64-595.58.03,a8b4da3c29ae528b39d4b3c9444d782ce58d886d,213975,2026-09-12T21:40:25.115051,simple_shading_full_mdl,ISAAC_LAB_SINGLE_GPU_GTL_PRESET_OVPHYSX_OVRTX_SSFM_E8192_R64,benchmark_rsl_rl_Isaac-Cartpole-Camera_r64_8192,2026-09-13,,dirty working tree reported; resolved camera dimensions not recorded; fixed profile selected by explicit preset,150364.45915098148,16618.75177113301,161450.42588630132,database,database
2026-09-13,measured,2026-09-13T09:04:29.641821Z,Isaac-Cartpole-Camera-Direct,training,rsl_rl,isaacsim_physx,isaacsim_rtx,8192,42,10,67732.4,9583.864694834172,71712.0,63.54,1.85,65.67,50.96,31.79,NVIDIA RTX PRO 6000 Blackwell Server Edition,94.97,INTEL(R) XEON(R) GOLD 5512U,56,251.36,12.9.7,NVIDIA-Linux-x86_64-595.58.03,a8b4da3c29ae528b39d4b3c9444d782ce58d886d,215112,2026-09-13T02:00:06.573567,simple_shading_full_mdl,ISAAC_LAB_SINGLE_GPU_GTL_PRESET_PHYSX_ISAACSIMRTX_SSFM_E8192_R64,benchmark_rsl_rl_Isaac-Cartpole-Camera-Direct_r64_8192,2026-09-13,,dirty working tree reported; resolved camera dimensions not recorded; fixed profile selected by explicit preset,104728.98223201829,11872.210149657874,110499.29452810668,database,database
2026-09-13,measured,2026-09-13T08:50:37.00804Z,Isaac-Cartpole-Camera-Direct,training,rsl_rl,newton_mjwarp,newton_renderer,8192,42,10,149426.2,29973.643762479063,159185.0,56.39,1.81,57.85,80.5,31.82,NVIDIA RTX PRO 6000 Blackwell Server Edition,94.97,INTEL(R) XEON(R) GOLD 5512U,56,251.36,12.9.7,NVIDIA-Linux-x86_64-595.58.03,a8b4da3c29ae528b39d4b3c9444d782ce58d886d,215061,2026-09-13T01:48:26.718511,rgb,ISAAC_LAB_SINGLE_GPU_GTL_PRESET_NEWTON_WARP_RGB_E8192_R64,benchmark_rsl_rl_Isaac-Cartpole-Camera-Direct_r64_8192,2026-09-13,,dirty working tree reported; resolved camera dimensions not recorded; fixed profile selected by explicit preset,590243.6108076284,140468.72736123117,635304.486621334,database,database
2026-09-13,measured,2026-09-13T09:12:25.508526Z,Isaac-Cartpole-Camera-Direct,training,rsl_rl,newton_mjwarp,ovrtx,8192,42,10,99715.9,16453.082949540018,106983.0,60.85,3.08,78.01,63.96,32.19,NVIDIA RTX PRO 6000 Blackwell Server Edition,94.97,INTEL(R) XEON(R) GOLD 5512U,56,251.36,12.9.7,NVIDIA-Linux-x86_64-595.58.03,a8b4da3c29ae528b39d4b3c9444d782ce58d886d,215146,2026-09-13T02:09:20.845734,simple_shading_full_mdl,ISAAC_LAB_SINGLE_GPU_GTL_PRESET_NEWTON_OVRTX_SSFM_E8192_R64,benchmark_rsl_rl_Isaac-Cartpole-Camera-Direct_r64_8192,2026-09-13,,dirty working tree reported; resolved camera dimensions not recorded; fixed profile selected by explicit preset,201400.7559031361,29520.44998438419,222421.8985801258,database,database
2026-09-13,measured,2026-09-13T04:42:31.952898Z,Isaac-Cartpole-Camera-Direct,training,rsl_rl,ovphysx,ovrtx,8192,42,10,91674.6,14368.13606716071,97543.0,63.66,1.94,68.22,56.54,33.67,NVIDIA RTX PRO 6000 Blackwell Server Edition,94.97,INTEL(R) XEON(R) GOLD 5512U,56,251.36,12.9.7,NVIDIA-Linux-x86_64-595.58.03,a8b4da3c29ae528b39d4b3c9444d782ce58d886d,213975,2026-09-12T21:38:53.470786,simple_shading_full_mdl,ISAAC_LAB_SINGLE_GPU_GTL_PRESET_OVPHYSX_OVRTX_SSFM_E8192_R64,benchmark_rsl_rl_Isaac-Cartpole-Camera-Direct_r64_8192,2026-09-13,,dirty working tree reported; resolved camera dimensions not recorded; fixed profile selected by explicit preset,170891.87460007644,22383.062499992564,182098.6616139998,database,database
2026-09-13,measured,2026-09-13T07:17:24.559332Z,Isaac-Cartpole-Direct,training,rsl_rl,isaacsim_physx,none,8192,42,10,585545.4,137080.2419389623,656522.0,7.09,0.03,7.11,17.0,6.68,NVIDIA RTX PRO 6000 Blackwell Server Edition,94.97,INTEL(R) XEON(R) GOLD 5512U,56,251.36,12.9.7,NVIDIA-Linux-x86_64-595.58.03,a8b4da3c29ae528b39d4b3c9444d782ce58d886d,214641,2026-09-13T00:16:38.045235,,ISAAC_LAB_SINGLE_GPU_GTL_PRESET_PHYSX_E8192,benchmark_rsl_rl_Isaac-Cartpole-Direct_8192,2026-09-13,,dirty working tree reported,892064.8144446925,212518.51701879487,1006825.3039453948,database,database
2026-09-13,measured,2026-09-13T07:44:55.734573Z,Isaac-Cartpole-Direct,training,rsl_rl,newton_mjwarp,none,8192,42,10,1083958.0,295729.3249333849,1188679.0,0.93,0.06,0.96,17.0,14.73,NVIDIA RTX PRO 6000 Blackwell Server Edition,94.97,INTEL(R) XEON(R) GOLD 5512U,56,251.36,12.9.7,NVIDIA-Linux-x86_64-595.58.03,a8b4da3c29ae528b39d4b3c9444d782ce58d886d,214768,2026-09-13T00:44:20.610882,,ISAAC_LAB_SINGLE_GPU_GTL_PRESET_NEWTON_MJWARP_E8192,benchmark_rsl_rl_Isaac-Cartpole-Direct_8192,2026-09-13,,dirty working tree reported; Total FPS coefficient of variation >25%; Collection FPS coefficient of variation >25%,2218543.0076781167,644196.4561600271,2446577.781828539,database,database
2026-09-13,measured,2026-09-13T08:06:08.118974Z,Isaac-Cartpole-Direct,training,rsl_rl,ovphysx,none,8192,42,10,669328.4,162353.1853290501,733452.0,3.98,0.03,4.0,15.0,10.03,NVIDIA RTX PRO 6000 Blackwell Server Edition,94.97,INTEL(R) XEON(R) GOLD 5512U,56,251.36,12.9.7,NVIDIA-Linux-x86_64-595.58.03,a8b4da3c29ae528b39d4b3c9444d782ce58d886d,214880,2026-09-13T01:05:26.053966,,ISAAC_LAB_SINGLE_GPU_GTL_PRESET_OVPHYSX_E8192,benchmark_rsl_rl_Isaac-Cartpole-Direct_8192,2026-09-13,,dirty working tree reported,982243.9259146085,238922.1414622221,1082126.188432641,database,database
2026-09-13,measured,2026-09-13T07:21:06.241854Z,Isaac-Humanoid,training,rsl_rl,isaacsim_physx,none,8192,42,10,259789.2,53826.22347641838,281191.0,9.66,0.58,9.94,31.33,20.63,NVIDIA RTX PRO 6000 Blackwell Server Edition,94.97,INTEL(R) XEON(R) GOLD 5512U,56,251.36,12.9.7,NVIDIA-Linux-x86_64-595.58.03,a8b4da3c29ae528b39d4b3c9444d782ce58d886d,214660,2026-09-13T00:18:22.261831,,ISAAC_LAB_SINGLE_GPU_GTL_PRESET_PHYSX_E8192,benchmark_rsl_rl_Isaac-Humanoid_8192,2026-09-13,,dirty working tree reported,294345.7017779909,60708.396562431124,317690.9752665961,database,database
2026-09-13,measured,2026-09-13T07:44:10.171983Z,Isaac-Humanoid,training,rsl_rl,newton_mjwarp,none,8192,42,10,523477.5,131994.31124715606,567427.0,2.94,0.64,3.31,46.0,31.54,NVIDIA RTX PRO 6000 Blackwell Server Edition,94.97,INTEL(R) XEON(R) GOLD 5512U,56,251.36,12.9.7,NVIDIA-Linux-x86_64-595.58.03,a8b4da3c29ae528b39d4b3c9444d782ce58d886d,214762,2026-09-13T00:43:03.267562,,ISAAC_LAB_SINGLE_GPU_GTL_PRESET_NEWTON_MJWARP_E8192,benchmark_rsl_rl_Isaac-Humanoid_8192,2026-09-13,,dirty working tree reported; Total FPS coefficient of variation >25%; Collection FPS coefficient of variation >25%,661957.3161924816,172831.41535405628,719936.1118465724,database,database
2026-09-13,measured,2026-09-13T08:08:05.366771Z,Isaac-Humanoid,training,rsl_rl,ovphysx,none,8192,42,10,321695.9,69987.56064465235,355621.0,7.07,0.65,7.37,27.4,19.07,NVIDIA RTX PRO 6000 Blackwell Server Edition,94.97,INTEL(R) XEON(R) GOLD 5512U,56,251.36,12.9.7,NVIDIA-Linux-x86_64-595.58.03,a8b4da3c29ae528b39d4b3c9444d782ce58d886d,214891,2026-09-13T01:05:14.718995,,ISAAC_LAB_SINGLE_GPU_GTL_PRESET_OVPHYSX_E8192,benchmark_rsl_rl_Isaac-Humanoid_8192,2026-09-13,,dirty working tree reported,368370.1306458418,81287.1608240307,409370.26442395936,database,database
2026-09-13,measured,2026-09-13T07:22:40.306674Z,Isaac-Humanoid-Direct,training,rsl_rl,isaacsim_physx,none,8192,42,10,289939.4,45388.539246524924,314675.0,9.64,0.64,9.93,28.8,13.04,NVIDIA RTX PRO 6000 Blackwell Server Edition,94.97,INTEL(R) XEON(R) GOLD 5512U,56,251.36,12.9.7,NVIDIA-Linux-x86_64-595.58.03,a8b4da3c29ae528b39d4b3c9444d782ce58d886d,214669,2026-09-13T00:21:09.424011,,ISAAC_LAB_SINGLE_GPU_GTL_PRESET_PHYSX_E8192,benchmark_rsl_rl_Isaac-Humanoid-Direct_8192,2026-09-13,,dirty working tree reported,334261.0900362213,51213.830087459166,371180.001585305,database,database
2026-09-13,measured,2026-09-13T07:44:40.948161Z,Isaac-Humanoid-Direct,training,rsl_rl,newton_mjwarp,none,8192,42,10,624778.5,124291.58011372559,666862.0,3.05,0.58,3.29,59.83,29.72,NVIDIA RTX PRO 6000 Blackwell Server Edition,94.97,INTEL(R) XEON(R) GOLD 5512U,56,251.36,12.9.7,NVIDIA-Linux-x86_64-595.58.03,a8b4da3c29ae528b39d4b3c9444d782ce58d886d,214766,2026-09-13T00:43:57.992790,,ISAAC_LAB_SINGLE_GPU_GTL_PRESET_NEWTON_MJWARP_E8192,benchmark_rsl_rl_Isaac-Humanoid-Direct_8192,2026-09-13,,dirty working tree reported,829736.4370724956,166120.0129553642,887156.5201691833,database,database
2026-09-13,measured,2026-09-13T08:08:05.366771Z,Isaac-Humanoid-Direct,training,rsl_rl,ovphysx,none,8192,42,10,354225.3,55812.09066153239,382651.0,6.99,0.68,7.32,29.44,10.74,NVIDIA RTX PRO 6000 Blackwell Server Edition,94.97,INTEL(R) XEON(R) GOLD 5512U,56,251.36,12.9.7,NVIDIA-Linux-x86_64-595.58.03,a8b4da3c29ae528b39d4b3c9444d782ce58d886d,214891,2026-09-13T01:06:31.023406,,ISAAC_LAB_SINGLE_GPU_GTL_PRESET_OVPHYSX_E8192,benchmark_rsl_rl_Isaac-Humanoid-Direct_8192,2026-09-13,,dirty working tree reported,412063.6791624004,61673.756642555454,446168.44081543875,database,database
2026-09-13,measured,2026-09-13T07:23:07.46333Z,Isaac-Lift-Franka,training,rsl_rl,isaacsim_physx,none,8192,42,10,152372.4,20148.400731682017,164607.0,13.9,0.84,14.33,48.18,20.03,NVIDIA RTX PRO 6000 Blackwell Server Edition,94.97,INTEL(R) XEON(R) GOLD 5512U,56,251.36,12.9.7,NVIDIA-Linux-x86_64-595.58.03,a8b4da3c29ae528b39d4b3c9444d782ce58d886d,214673,2026-09-13T00:19:11.392004,,ISAAC_LAB_SINGLE_GPU_GTL_PRESET_PHYSX_E8192,benchmark_rsl_rl_Isaac-Lift-Franka_8192,2026-09-13,,dirty working tree reported,178284.64999724054,25132.18449271146,192377.9301501407,database,database
2026-09-13,measured,2026-09-13T07:44:46.961497Z,Isaac-Lift-Franka,training,rsl_rl,newton_mjwarp,none,8192,42,10,247485.4,39302.171885702875,260539.0,6.31,0.92,6.7,59.42,21.76,NVIDIA RTX PRO 6000 Blackwell Server Edition,94.97,INTEL(R) XEON(R) GOLD 5512U,56,251.36,12.9.7,NVIDIA-Linux-x86_64-595.58.03,a8b4da3c29ae528b39d4b3c9444d782ce58d886d,214767,2026-09-13T00:43:30.898076,,ISAAC_LAB_SINGLE_GPU_GTL_PRESET_NEWTON_MJWARP_E8192,benchmark_rsl_rl_Isaac-Lift-Franka_8192,2026-09-13,,dirty working tree reported,315270.32527959027,54798.7057111751,333770.9580676399,database,database
2026-09-13,measured,2026-09-13T08:08:26.745262Z,Isaac-Lift-Franka,training,rsl_rl,ovphysx,none,8192,42,10,59987.0,3504.095952516775,62701.0,10.68,0.69,10.93,21.21,19.58,NVIDIA RTX PRO 6000 Blackwell Server Edition,94.97,INTEL(R) XEON(R) GOLD 5512U,56,251.36,12.9.7,NVIDIA-Linux-x86_64-595.58.03,a8b4da3c29ae528b39d4b3c9444d782ce58d886d,214893,2026-09-13T01:05:12.893508,,ISAAC_LAB_SINGLE_GPU_GTL_PRESET_OVPHYSX_E8192,benchmark_rsl_rl_Isaac-Lift-Franka_8192,2026-09-13,,dirty working tree reported,63282.2141560492,3640.6186364068667,66198.91976643317,database,database
2026-09-13,measured,2026-09-13T07:24:29.053686Z,Isaac-Lift-KukaAllegro,training,rsl_rl,isaacsim_physx,none,8192,42,10,54963.5,3272.126941642427,61963.0,16.27,1.0,16.71,76.95,12.42,NVIDIA RTX PRO 6000 Blackwell Server Edition,94.97,INTEL(R) XEON(R) GOLD 5512U,56,251.36,12.9.7,NVIDIA-Linux-x86_64-595.58.03,a8b4da3c29ae528b39d4b3c9444d782ce58d886d,214682,2026-09-13T00:19:48.545002,,ISAAC_LAB_SINGLE_GPU_GTL_PRESET_PHYSX_E8192,benchmark_rsl_rl_Isaac-Lift-KukaAllegro_8192,2026-09-13,,dirty working tree reported,58383.94600200456,3586.3516647110137,66153.63363271723,database,database
2026-09-13,measured,2026-09-13T07:47:06.939748Z,Isaac-Lift-KukaAllegro,training,rsl_rl,newton_mjwarp,none,8192,42,10,116118.7,11585.68502794145,121121.0,28.03,1.29,28.48,74.13,23.36,NVIDIA RTX PRO 6000 Blackwell Server Edition,94.97,INTEL(R) XEON(R) GOLD 5512U,56,251.36,12.9.7,NVIDIA-Linux-x86_64-595.58.03,a8b4da3c29ae528b39d4b3c9444d782ce58d886d,214776,2026-09-13T00:45:32.279287,,ISAAC_LAB_SINGLE_GPU_GTL_PRESET_NEWTON_MJWARP_E8192,benchmark_rsl_rl_Isaac-Lift-KukaAllegro_8192,2026-09-13,,dirty working tree reported,130953.4293427811,13577.977107956096,136947.39790564243,database,database
2026-09-13,measured,2026-09-13T08:10:02.248454Z,Isaac-Lift-KukaAllegro,training,rsl_rl,ovphysx,none,8192,42,10,31934.0,669.6878211359214,32920.0,14.0,0.95,14.52,42.29,31.09,NVIDIA RTX PRO 6000 Blackwell Server Edition,94.97,INTEL(R) XEON(R) GOLD 5512U,56,251.36,12.9.7,NVIDIA-Linux-x86_64-595.58.03,a8b4da3c29ae528b39d4b3c9444d782ce58d886d,214894,2026-09-13T01:06:11.852284,,ISAAC_LAB_SINGLE_GPU_GTL_PRESET_OVPHYSX_E8192,benchmark_rsl_rl_Isaac-Lift-KukaAllegro_8192,2026-09-13,,dirty working tree reported,32966.812674212735,663.2742437872768,33994.299646796935,database,database
2026-09-13,measured,2026-09-13T09:08:34.943575Z,Isaac-Lift-KukaAllegro-Camera,training,rsl_rl,isaacsim_physx,isaacsim_rtx,8192,42,10,17147.1,3577.164688843821,18412.0,32.21,1.98,34.44,40.79,34.84,NVIDIA RTX PRO 6000 Blackwell Server Edition,94.97,INTEL(R) XEON(R) GOLD 5512U,56,251.36,12.9.7,NVIDIA-Linux-x86_64-595.58.03,a8b4da3c29ae528b39d4b3c9444d782ce58d886d,215136,2026-09-13T02:00:39.708495,"cube,simple_shading_full_mdl64,single_camera",ISAAC_LAB_SINGLE_GPU_GTL_PRESET_PHYSX_ISAACSIMRTX_SSFM_E8192_R64,benchmark_rsl_rl_Isaac-Lift-KukaAllegro-Camera_cube_single_camera_simple_shading_full_mdl64_r64_8192,2026-09-13,,dirty working tree reported; resolved camera dimensions not recorded; fixed profile selected by explicit preset,18398.589605268422,3778.1760010121284,19694.211997253908,database,database
2026-09-13,measured,2026-09-13T08:50:06.545827Z,Isaac-Lift-KukaAllegro-Camera,training,rsl_rl,newton_mjwarp,newton_renderer,8192,42,10,75702.8,15040.510266166726,81054.0,42.48,2.06,43.38,76.16,28.38,NVIDIA RTX PRO 6000 Blackwell Server Edition,94.97,INTEL(R) XEON(R) GOLD 5512U,56,251.36,12.9.7,NVIDIA-Linux-x86_64-595.58.03,a8b4da3c29ae528b39d4b3c9444d782ce58d886d,215059,2026-09-13T01:48:24.771025,"cube,rgb64,single_camera",ISAAC_LAB_SINGLE_GPU_GTL_PRESET_NEWTON_WARP_RGB_E8192_R64,benchmark_rsl_rl_Isaac-Lift-KukaAllegro-Camera_cube_single_camera_rgb64_r64_8192,2026-09-13,,dirty working tree reported; resolved camera dimensions not recorded; fixed profile selected by explicit preset,105236.5709382871,18037.142936108223,112014.45789049717,database,database
2026-09-13,measured,2026-09-13T09:06:46.838712Z,Isaac-Lift-KukaAllegro-Camera,training,rsl_rl,newton_mjwarp,ovrtx,8192,42,10,56676.4,9964.00297961506,60689.0,47.36,1.93,48.16,60.77,26.89,NVIDIA RTX PRO 6000 Blackwell Server Edition,94.97,INTEL(R) XEON(R) GOLD 5512U,56,251.36,12.9.7,NVIDIA-Linux-x86_64-595.58.03,a8b4da3c29ae528b39d4b3c9444d782ce58d886d,215126,2026-09-13T02:04:15.576452,"cube,simple_shading_full_mdl64,single_camera",ISAAC_LAB_SINGLE_GPU_GTL_PRESET_NEWTON_OVRTX_SSFM_E8192_R64,benchmark_rsl_rl_Isaac-Lift-KukaAllegro-Camera_cube_single_camera_simple_shading_full_mdl64_r64_8192,2026-09-13,,dirty working tree reported; resolved camera dimensions not recorded; fixed profile selected by explicit preset,72001.4086386054,10262.281745718728,76565.33208397488,database,database
2026-09-13,measured,2026-09-13T04:44:26.605882Z,Isaac-Lift-KukaAllegro-Camera,training,rsl_rl,ovphysx,ovrtx,8192,42,10,23212.3,2421.0334363655534,24585.0,33.88,1.51,34.51,46.75,32.04,NVIDIA RTX PRO 6000 Blackwell Server Edition,94.97,INTEL(R) XEON(R) GOLD 5512U,56,251.36,12.9.7,NVIDIA-Linux-x86_64-595.58.03,a8b4da3c29ae528b39d4b3c9444d782ce58d886d,213988,2026-09-12T21:39:14.444905,"cube,simple_shading_full_mdl64,single_camera",ISAAC_LAB_SINGLE_GPU_GTL_PRESET_OVPHYSX_OVRTX_SSFM_E8192_R64,benchmark_rsl_rl_Isaac-Lift-KukaAllegro-Camera_cube_single_camera_simple_shading_full_mdl64_r64_8192,2026-09-13,,dirty working tree reported; resolved camera dimensions not recorded; fixed profile selected by explicit preset,25574.850472492846,1828.2227533464616,26849.18812469183,database,database
2026-09-13,measured,2026-09-13T07:23:36.495044Z,Isaac-Open-Drawer-Franka,training,rsl_rl,isaacsim_physx,none,8192,42,10,248129.8,18215.720486558977,264713.0,11.54,0.72,11.81,59.93,11.96,NVIDIA RTX PRO 6000 Blackwell Server Edition,94.97,INTEL(R) XEON(R) GOLD 5512U,56,251.36,12.9.7,NVIDIA-Linux-x86_64-595.58.03,a8b4da3c29ae528b39d4b3c9444d782ce58d886d,214678,2026-09-13T00:18:54.489393,,ISAAC_LAB_SINGLE_GPU_GTL_PRESET_PHYSX_E8192,benchmark_rsl_rl_Isaac-Open-Drawer-Franka_8192,2026-09-13,,dirty working tree reported,262842.22979856224,17738.974461611695,279974.70648826566,database,database
2026-09-13,measured,2026-09-13T07:49:32.359239Z,Isaac-Open-Drawer-Franka,training,rsl_rl,newton_mjwarp,none,8192,42,10,335929.5,20792.27052028924,347462.0,7.45,1.31,7.86,75.33,16.28,NVIDIA RTX PRO 6000 Blackwell Server Edition,94.97,INTEL(R) XEON(R) GOLD 5512U,56,251.36,12.9.7,NVIDIA-Linux-x86_64-595.58.03,a8b4da3c29ae528b39d4b3c9444d782ce58d886d,214783,2026-09-13T00:47:45.258302,,ISAAC_LAB_SINGLE_GPU_GTL_PRESET_NEWTON_MJWARP_E8192,benchmark_rsl_rl_Isaac-Open-Drawer-Franka_8192,2026-09-13,,dirty working tree reported,361273.53590760974,18808.01236140974,372811.4311047014,database,database
2026-09-13,measured,2026-09-13T08:10:23.885718Z,Isaac-Open-Drawer-Franka,training,rsl_rl,ovphysx,none,8192,42,10,269303.9,16441.628065168403,283712.0,8.83,0.66,9.2,60.07,15.71,NVIDIA RTX PRO 6000 Blackwell Server Edition,94.97,INTEL(R) XEON(R) GOLD 5512U,56,251.36,12.9.7,NVIDIA-Linux-x86_64-595.58.03,a8b4da3c29ae528b39d4b3c9444d782ce58d886d,214895,2026-09-13T01:06:02.607973,,ISAAC_LAB_SINGLE_GPU_GTL_PRESET_OVPHYSX_E8192,benchmark_rsl_rl_Isaac-Open-Drawer-Franka_8192,2026-09-13,,dirty working tree reported,285774.76694846153,15175.442152847325,300487.3686255515,database,database
2026-09-13,measured,2026-09-13T07:23:36.495044Z,Isaac-Open-Drawer-Franka-Direct,training,rsl_rl,isaacsim_physx,none,8192,42,10,252589.8,22963.188385858888,270819.0,11.53,0.72,11.81,61.7,13.17,NVIDIA RTX PRO 6000 Blackwell Server Edition,94.97,INTEL(R) XEON(R) GOLD 5512U,56,251.36,12.9.7,NVIDIA-Linux-x86_64-595.58.03,a8b4da3c29ae528b39d4b3c9444d782ce58d886d,214678,2026-09-13T00:21:08.092875,,ISAAC_LAB_SINGLE_GPU_GTL_PRESET_PHYSX_E8192,benchmark_rsl_rl_Isaac-Open-Drawer-Franka-Direct_8192,2026-09-13,,dirty working tree reported,268085.6455313809,23766.843795977984,287039.68261656986,database,database
2026-09-13,measured,2026-09-13T07:49:32.359239Z,Isaac-Open-Drawer-Franka-Direct,training,rsl_rl,newton_mjwarp,none,8192,42,10,352319.3,22924.114770501197,362767.0,7.39,1.34,7.83,76.04,16.46,NVIDIA RTX PRO 6000 Blackwell Server Edition,94.97,INTEL(R) XEON(R) GOLD 5512U,56,251.36,12.9.7,NVIDIA-Linux-x86_64-595.58.03,a8b4da3c29ae528b39d4b3c9444d782ce58d886d,214783,2026-09-13T00:48:29.018162,,ISAAC_LAB_SINGLE_GPU_GTL_PRESET_NEWTON_MJWARP_E8192,benchmark_rsl_rl_Isaac-Open-Drawer-Franka-Direct_8192,2026-09-13,,dirty working tree reported,380012.51053096267,20921.822786264336,390290.6144445165,database,database
2026-09-13,measured,2026-09-13T08:10:23.885718Z,Isaac-Open-Drawer-Franka-Direct,training,rsl_rl,ovphysx,none,8192,42,10,280322.0,18752.54955703061,298760.0,8.89,0.71,9.16,60.93,12.08,NVIDIA RTX PRO 6000 Blackwell Server Edition,94.97,INTEL(R) XEON(R) GOLD 5512U,56,251.36,12.9.7,NVIDIA-Linux-x86_64-595.58.03,a8b4da3c29ae528b39d4b3c9444d782ce58d886d,214895,2026-09-13T01:08:04.425186,,ISAAC_LAB_SINGLE_GPU_GTL_PRESET_OVPHYSX_E8192,benchmark_rsl_rl_Isaac-Open-Drawer-Franka-Direct_8192,2026-09-13,,dirty working tree reported,298092.25649574265,17125.386200194753,317459.79446493025,database,database
2026-09-13,measured,2026-09-13T07:24:10.517769Z,Isaac-Reach-Franka,training,rsl_rl,isaacsim_physx,none,8192,42,10,242640.1,60348.39222464837,271905.0,7.85,0.1,7.91,26.2,11.84,NVIDIA RTX PRO 6000 Blackwell Server Edition,94.97,INTEL(R) XEON(R) GOLD 5512U,56,251.36,12.9.7,NVIDIA-Linux-x86_64-595.58.03,a8b4da3c29ae528b39d4b3c9444d782ce58d886d,214681,2026-09-13T00:21:10.226590,,ISAAC_LAB_SINGLE_GPU_GTL_PRESET_PHYSX_E8192,benchmark_rsl_rl_Isaac-Reach-Franka_8192,2026-09-13,,dirty working tree reported; Collection FPS coefficient of variation >25%,288335.81888937164,73903.13273604393,326145.6041879085,database,database
2026-09-13,measured,2026-09-13T07:51:27.394843Z,Isaac-Reach-Franka,training,rsl_rl,newton_mjwarp,none,8192,42,10,478688.8,136838.12692439844,524296.0,2.46,0.43,2.65,44.86,32.22,NVIDIA RTX PRO 6000 Blackwell Server Edition,94.97,INTEL(R) XEON(R) GOLD 5512U,56,251.36,12.9.7,NVIDIA-Linux-x86_64-595.58.03,a8b4da3c29ae528b39d4b3c9444d782ce58d886d,214798,2026-09-13T00:50:08.264247,,ISAAC_LAB_SINGLE_GPU_GTL_PRESET_NEWTON_MJWARP_E8192,benchmark_rsl_rl_Isaac-Reach-Franka_8192,2026-09-13,,dirty working tree reported; Total FPS coefficient of variation >25%; Collection FPS coefficient of variation >25%,634671.7811629039,187708.78418844857,698041.1636410424,database,database
2026-09-13,measured,2026-09-13T08:10:51.635721Z,Isaac-Reach-Franka,training,rsl_rl,ovphysx,none,8192,42,10,273518.0,69486.35250336732,299319.0,5.09,0.11,5.15,26.2,18.21,NVIDIA RTX PRO 6000 Blackwell Server Edition,94.97,INTEL(R) XEON(R) GOLD 5512U,56,251.36,12.9.7,NVIDIA-Linux-x86_64-595.58.03,a8b4da3c29ae528b39d4b3c9444d782ce58d886d,214897,2026-09-13T01:08:25.548663,,ISAAC_LAB_SINGLE_GPU_GTL_PRESET_OVPHYSX_E8192,benchmark_rsl_rl_Isaac-Reach-Franka_8192,2026-09-13,,dirty working tree reported; Total FPS coefficient of variation >25%; Collection FPS coefficient of variation >25%,319205.1213054274,82905.42885047136,350745.87694027356,database,database
2026-09-13,measured,2026-09-13T07:24:39.063499Z,Isaac-Reach-Franka-OSC,training,rsl_rl,isaacsim_physx,none,8192,42,10,134729.5,28129.212135943104,147293.0,8.25,0.24,8.37,26.25,10.54,NVIDIA RTX PRO 6000 Blackwell Server Edition,94.97,INTEL(R) XEON(R) GOLD 5512U,56,251.36,12.9.7,NVIDIA-Linux-x86_64-595.58.03,a8b4da3c29ae528b39d4b3c9444d782ce58d886d,214683,2026-09-13T00:22:54.097954,,ISAAC_LAB_SINGLE_GPU_GTL_PRESET_PHYSX_E8192,benchmark_rsl_rl_Isaac-Reach-Franka-OSC_8192,2026-09-13,,dirty working tree reported,148148.82107270695,30928.12509901802,161784.2152132547,database,database
2026-09-13,measured,2026-09-13T07:51:27.394843Z,Isaac-Reach-Franka-OSC,training,rsl_rl,newton_mjwarp,none,8192,42,10,307378.2,81131.07471630228,335552.0,2.53,0.39,2.7,34.22,25.71,NVIDIA RTX PRO 6000 Blackwell Server Edition,94.97,INTEL(R) XEON(R) GOLD 5512U,56,251.36,12.9.7,NVIDIA-Linux-x86_64-595.58.03,a8b4da3c29ae528b39d4b3c9444d782ce58d886d,214798,2026-09-13T00:50:36.097685,,ISAAC_LAB_SINGLE_GPU_GTL_PRESET_NEWTON_MJWARP_E8192,benchmark_rsl_rl_Isaac-Reach-Franka-OSC_8192,2026-09-13,,dirty working tree reported; Total FPS coefficient of variation >25%; Collection FPS coefficient of variation >25%,365820.0066540761,99025.60490258639,400762.08789773256,database,database
2026-09-13,measured,2026-09-13T08:12:44.55042Z,Isaac-Reach-Franka-OSC,training,rsl_rl,ovphysx,none,8192,42,10,83457.3,13318.433366745672,89625.0,5.42,0.22,5.55,17.0,5.39,NVIDIA RTX PRO 6000 Blackwell Server Edition,94.97,INTEL(R) XEON(R) GOLD 5512U,56,251.36,12.9.7,NVIDIA-Linux-x86_64-595.58.03,a8b4da3c29ae528b39d4b3c9444d782ce58d886d,214907,2026-09-13T01:11:15.027876,,ISAAC_LAB_SINGLE_GPU_GTL_PRESET_OVPHYSX_E8192,benchmark_rsl_rl_Isaac-Reach-Franka-OSC_8192,2026-09-13,,dirty working tree reported,87267.23085611602,13694.231409503647,93681.2523864681,database,database
2026-09-13,measured,2026-09-13T07:19:36.850063Z,Isaac-Reach-UR10,training,rsl_rl,isaacsim_physx,none,8192,42,10,242594.9,60357.118318020744,277238.0,8.32,0.38,8.52,37.2,19.85,NVIDIA RTX PRO 6000 Blackwell Server Edition,94.97,INTEL(R) XEON(R) GOLD 5512U,56,251.36,12.9.7,NVIDIA-Linux-x86_64-595.58.03,a8b4da3c29ae528b39d4b3c9444d782ce58d886d,214653,2026-09-13T00:18:20.014554,,ISAAC_LAB_SINGLE_GPU_GTL_PRESET_PHYSX_E8192,benchmark_rsl_rl_Isaac-Reach-UR10_8192,2026-09-13,,dirty working tree reported; Collection FPS coefficient of variation >25%,288399.9014102561,74028.65190243254,333206.34384712734,database,database
2026-09-13,measured,2026-09-13T07:50:58.749449Z,Isaac-Reach-UR10,training,rsl_rl,newton_mjwarp,none,8192,42,10,542448.6,158202.08403473493,600801.0,2.67,0.66,2.95,44.14,28.86,NVIDIA RTX PRO 6000 Blackwell Server Edition,94.97,INTEL(R) XEON(R) GOLD 5512U,56,251.36,12.9.7,NVIDIA-Linux-x86_64-595.58.03,a8b4da3c29ae528b39d4b3c9444d782ce58d886d,214794,2026-09-13T00:50:17.174532,,ISAAC_LAB_SINGLE_GPU_GTL_PRESET_NEWTON_MJWARP_E8192,benchmark_rsl_rl_Isaac-Reach-UR10_8192,2026-09-13,,dirty working tree reported; Total FPS coefficient of variation >25%; Collection FPS coefficient of variation >25%,750728.036987134,227495.98611966826,841503.3382539775,database,database
2026-09-13,measured,2026-09-13T08:10:52.860719Z,Isaac-Reach-UR10,training,rsl_rl,ovphysx,none,8192,42,10,284603.4,72845.05024624376,316641.0,5.45,0.09,5.51,39.44,25.28,NVIDIA RTX PRO 6000 Blackwell Server Edition,94.97,INTEL(R) XEON(R) GOLD 5512U,56,251.36,12.9.7,NVIDIA-Linux-x86_64-595.58.03,a8b4da3c29ae528b39d4b3c9444d782ce58d886d,214898,2026-09-13T01:09:37.613395,,ISAAC_LAB_SINGLE_GPU_GTL_PRESET_OVPHYSX_E8192,benchmark_rsl_rl_Isaac-Reach-UR10_8192,2026-09-13,,dirty working tree reported; Total FPS coefficient of variation >25%; Collection FPS coefficient of variation >25%,332936.6000586426,87129.72659302772,372840.00176872476,database,database
2026-09-13,measured,2026-09-13T07:25:16.630581Z,Isaac-Reorient-Cube-Allegro,training,rsl_rl,isaacsim_physx,none,8192,42,10,112729.6,12850.398828224921,119598.0,10.04,0.57,10.29,47.47,11.81,NVIDIA RTX PRO 6000 Blackwell Server Edition,94.97,INTEL(R) XEON(R) GOLD 5512U,56,251.36,12.9.7,NVIDIA-Linux-x86_64-595.58.03,a8b4da3c29ae528b39d4b3c9444d782ce58d886d,214685,2026-09-13T00:20:52.553999,,ISAAC_LAB_SINGLE_GPU_GTL_PRESET_PHYSX_E8192,benchmark_rsl_rl_Isaac-Reorient-Cube-Allegro_8192,2026-09-13,,dirty working tree reported,120309.95536279523,12024.67572279228,127278.65876560801,database,database
2026-09-13,measured,2026-09-13T07:53:33.614921Z,Isaac-Reorient-Cube-Allegro,training,rsl_rl,newton_mjwarp,none,8192,42,10,165691.7,18738.72258808837,173697.0,8.02,1.87,8.63,82.62,24.79,NVIDIA RTX PRO 6000 Blackwell Server Edition,94.97,INTEL(R) XEON(R) GOLD 5512U,56,251.36,12.9.7,NVIDIA-Linux-x86_64-595.58.03,a8b4da3c29ae528b39d4b3c9444d782ce58d886d,214813,2026-09-13T00:52:13.280164,,ISAAC_LAB_SINGLE_GPU_GTL_PRESET_NEWTON_MJWARP_E8192,benchmark_rsl_rl_Isaac-Reorient-Cube-Allegro_8192,2026-09-13,,dirty working tree reported,180655.50722163424,18003.131545417906,188681.43493433716,database,database
2026-09-13,measured,2026-09-13T08:13:35.48245Z,Isaac-Reorient-Cube-Allegro,training,rsl_rl,ovphysx,none,8192,42,10,95908.4,7638.252740865108,99476.0,7.52,0.53,7.72,37.19,9.48,NVIDIA RTX PRO 6000 Blackwell Server Edition,94.97,INTEL(R) XEON(R) GOLD 5512U,56,251.36,12.9.7,NVIDIA-Linux-x86_64-595.58.03,a8b4da3c29ae528b39d4b3c9444d782ce58d886d,214913,2026-09-13T01:09:59.636375,,ISAAC_LAB_SINGLE_GPU_GTL_PRESET_OVPHYSX_E8192,benchmark_rsl_rl_Isaac-Reorient-Cube-Allegro_8192,2026-09-13,,dirty working tree reported,100805.86911676494,6876.596548072931,104231.15173518939,database,database
2026-09-13,measured,2026-09-13T07:25:16.630581Z,Isaac-Reorient-Cube-Allegro-Direct,training,rsl_rl,isaacsim_physx,none,8192,42,10,100921.3,19792.414181251923,109413.0,10.43,0.81,10.83,45.86,19.73,NVIDIA RTX PRO 6000 Blackwell Server Edition,94.97,INTEL(R) XEON(R) GOLD 5512U,56,251.36,12.9.7,NVIDIA-Linux-x86_64-595.58.03,a8b4da3c29ae528b39d4b3c9444d782ce58d886d,214685,2026-09-13T00:22:56.698326,,ISAAC_LAB_SINGLE_GPU_GTL_PRESET_PHYSX_E8192,benchmark_rsl_rl_Isaac-Reorient-Cube-Allegro-Direct_8192,2026-09-13,,dirty working tree reported,113234.07402002047,22862.913193189477,122776.41125229721,database,database
2026-09-13,measured,2026-09-13T07:53:33.614921Z,Isaac-Reorient-Cube-Allegro-Direct,training,rsl_rl,newton_mjwarp,none,8192,42,10,142636.5,30626.147551289134,154378.0,8.06,2.14,8.99,70.18,34.75,NVIDIA RTX PRO 6000 Blackwell Server Edition,94.97,INTEL(R) XEON(R) GOLD 5512U,56,251.36,12.9.7,NVIDIA-Linux-x86_64-595.58.03,a8b4da3c29ae528b39d4b3c9444d782ce58d886d,214813,2026-09-13T00:52:44.164022,,ISAAC_LAB_SINGLE_GPU_GTL_PRESET_NEWTON_MJWARP_E8192,benchmark_rsl_rl_Isaac-Reorient-Cube-Allegro-Direct_8192,2026-09-13,,dirty working tree reported,165561.69830926732,36790.90652237185,179453.0953864313,database,database
2026-09-13,measured,2026-09-13T08:13:35.48245Z,Isaac-Reorient-Cube-Allegro-Direct,training,rsl_rl,ovphysx,none,8192,42,10,88078.3,15111.93341590237,94095.0,7.67,0.75,8.01,35.38,15.64,NVIDIA RTX PRO 6000 Blackwell Server Edition,94.97,INTEL(R) XEON(R) GOLD 5512U,56,251.36,12.9.7,NVIDIA-Linux-x86_64-595.58.03,a8b4da3c29ae528b39d4b3c9444d782ce58d886d,214913,2026-09-13T01:11:38.387691,,ISAAC_LAB_SINGLE_GPU_GTL_PRESET_OVPHYSX_E8192,benchmark_rsl_rl_Isaac-Reorient-Cube-Allegro-Direct_8192,2026-09-13,,dirty working tree reported,96243.29971025126,16776.117578873345,102986.66870883152,database,database
2026-09-13,measured,2026-09-13T07:25:44.846072Z,Isaac-Reorient-Cube-Shadow,training,rsl_rl,isaacsim_physx,none,8192,42,10,154648.4,29465.92978414977,174279.0,10.87,0.55,11.12,38.0,16.19,NVIDIA RTX PRO 6000 Blackwell Server Edition,94.97,INTEL(R) XEON(R) GOLD 5512U,56,251.36,12.9.7,NVIDIA-Linux-x86_64-595.58.03,a8b4da3c29ae528b39d4b3c9444d782ce58d886d,214687,2026-09-13T00:20:23.310460,,ISAAC_LAB_SINGLE_GPU_GTL_PRESET_PHYSX_E8192,benchmark_rsl_rl_Isaac-Reorient-Cube-Shadow_8192,2026-09-13,,dirty working tree reported,181376.7396795326,35321.82813585875,204333.57810533576,database,database
2026-09-13,measured,2026-09-13T07:52:47.543119Z,Isaac-Reorient-Cube-Shadow,training,rsl_rl,newton_mjwarp,none,8192,42,10,268895.4,50351.30611833443,287536.0,8.7,2.7,9.72,60.57,32.28,NVIDIA RTX PRO 6000 Blackwell Server Edition,94.97,INTEL(R) XEON(R) GOLD 5512U,56,251.36,12.9.7,NVIDIA-Linux-x86_64-595.58.03,a8b4da3c29ae528b39d4b3c9444d782ce58d886d,214806,2026-09-13T00:51:29.422993,,ISAAC_LAB_SINGLE_GPU_GTL_PRESET_NEWTON_MJWARP_E8192,benchmark_rsl_rl_Isaac-Reorient-Cube-Shadow_8192,2026-09-13,,dirty working tree reported,337903.50938708504,61607.0059847296,362084.03678300214,database,database
2026-09-13,measured,2026-09-13T08:15:20.85145Z,Isaac-Reorient-Cube-Shadow,training,rsl_rl,ovphysx,none,8192,42,10,110466.9,13680.431202187225,116166.0,7.91,0.5,8.11,27.38,12.13,NVIDIA RTX PRO 6000 Blackwell Server Edition,94.97,INTEL(R) XEON(R) GOLD 5512U,56,251.36,12.9.7,NVIDIA-Linux-x86_64-595.58.03,a8b4da3c29ae528b39d4b3c9444d782ce58d886d,214922,2026-09-13T01:10:24.418172,,ISAAC_LAB_SINGLE_GPU_GTL_PRESET_OVPHYSX_E8192,benchmark_rsl_rl_Isaac-Reorient-Cube-Shadow_8192,2026-09-13,,dirty working tree reported,121008.25258314272,13697.040209418183,127080.28959621604,database,database
2026-09-13,measured,2026-09-13T04:54:10.875454Z,Isaac-Reorient-Cube-Shadow-Camera,training,rsl_rl,isaacsim_physx,isaacsim_rtx,8192,42,10,39181.7,8026.642359459319,41993.0,18.61,2.35,19.81,41.82,21.95,NVIDIA RTX PRO 6000 Blackwell Server Edition,94.97,INTEL(R) XEON(R) GOLD 5512U,56,251.36,12.9.7,NVIDIA-Linux-x86_64-595.58.03,a8b4da3c29ae528b39d4b3c9444d782ce58d886d,214023,2026-09-12T21:47:58.950575,simple_shading_full_mdl,ISAAC_LAB_SINGLE_GPU_GTL_PRESET_PHYSX_ISAACSIMRTX_SSFM_E8192_R64,benchmark_rsl_rl_Isaac-Reorient-Cube-Shadow-Camera_r64_8192,2026-09-13,,dirty working tree reported; resolved camera dimensions not recorded; fixed profile selected by explicit preset,41024.213722552384,8540.416295014016,44032.79368305294,database,database
2026-09-13,measured,2026-09-13T08:52:38.998405Z,Isaac-Reorient-Cube-Shadow-Camera,training,rsl_rl,newton_mjwarp,newton_renderer,8192,42,10,120915.5,3423.5840950027145,122260.0,16.1,2.03,16.64,89.81,7.64,NVIDIA RTX PRO 6000 Blackwell Server Edition,94.97,INTEL(R) XEON(R) GOLD 5512U,56,251.36,12.9.7,NVIDIA-Linux-x86_64-595.58.03,a8b4da3c29ae528b39d4b3c9444d782ce58d886d,215070,2026-09-13T01:51:07.397559,rgb,ISAAC_LAB_SINGLE_GPU_GTL_PRESET_NEWTON_WARP_RGB_E8192_R64,benchmark_rsl_rl_Isaac-Reorient-Cube-Shadow-Camera_r64_8192,2026-09-13,,dirty working tree reported; resolved camera dimensions not recorded; fixed profile selected by explicit preset,138112.32677250204,3504.0667218050294,139548.96876699923,database,database
2026-09-13,measured,2026-09-13T04:34:27.35608Z,Isaac-Reorient-Cube-Shadow-Camera,training,rsl_rl,newton_mjwarp,ovrtx,8192,42,10,74901.8,3885.6799147639526,77278.0,20.67,1.93,21.25,56.81,14.71,NVIDIA RTX PRO 6000 Blackwell Server Edition,94.97,INTEL(R) XEON(R) GOLD 5512U,56,251.36,12.9.7,NVIDIA-Linux-x86_64-595.58.03,a8b4da3c29ae528b39d4b3c9444d782ce58d886d,213941,2026-09-12T21:31:56.985065,simple_shading_full_mdl,ISAAC_LAB_SINGLE_GPU_GTL_PRESET_NEWTON_OVRTX_SSFM_E8192_R64,benchmark_rsl_rl_Isaac-Reorient-Cube-Shadow-Camera_r64_8192,2026-09-13,,dirty working tree reported; resolved camera dimensions not recorded; fixed profile selected by explicit preset,81286.75023759731,4128.85234994355,83962.79649557732,database,database
2026-09-13,measured,2026-09-13T04:49:00.754714Z,Isaac-Reorient-Cube-Shadow-Camera,training,rsl_rl,ovphysx,ovrtx,8192,42,10,53195.3,2307.936887737136,54505.0,19.27,1.35,19.71,40.63,21.37,NVIDIA RTX PRO 6000 Blackwell Server Edition,94.97,INTEL(R) XEON(R) GOLD 5512U,56,251.36,12.9.7,NVIDIA-Linux-x86_64-595.58.03,a8b4da3c29ae528b39d4b3c9444d782ce58d886d,214007,2026-09-12T21:44:09.837006,simple_shading_full_mdl,ISAAC_LAB_SINGLE_GPU_GTL_PRESET_OVPHYSX_OVRTX_SSFM_E8192_R64,benchmark_rsl_rl_Isaac-Reorient-Cube-Shadow-Camera_r64_8192,2026-09-13,,dirty working tree reported; resolved camera dimensions not recorded; fixed profile selected by explicit preset,56325.466140189805,2447.356693323956,57747.22287251134,database,database
2026-09-13,measured,2026-09-13T04:54:10.875454Z,Isaac-Reorient-Cube-Shadow-Camera-Direct,training,rsl_rl,isaacsim_physx,isaacsim_rtx,8192,42,10,36280.1,7319.794159977755,39443.0,18.69,2.36,19.87,41.02,25.12,NVIDIA RTX PRO 6000 Blackwell Server Edition,94.97,INTEL(R) XEON(R) GOLD 5512U,56,251.36,12.9.7,NVIDIA-Linux-x86_64-595.58.03,a8b4da3c29ae528b39d4b3c9444d782ce58d886d,214023,2026-09-12T21:41:49.464658,simple_shading_full_mdl,ISAAC_LAB_SINGLE_GPU_GTL_PRESET_PHYSX_ISAACSIMRTX_SSFM_E8192_R64,benchmark_rsl_rl_Isaac-Reorient-Cube-Shadow-Camera-Direct_r64_8192,2026-09-13,,dirty working tree reported; resolved camera dimensions not recorded; fixed profile selected by explicit preset,37942.96775486675,7808.860797495248,41356.703219763025,database,database
2026-09-13,measured,2026-09-13T08:52:38.998405Z,Isaac-Reorient-Cube-Shadow-Camera-Direct,training,rsl_rl,newton_mjwarp,newton_renderer,8192,42,10,118005.0,9498.016576574759,121312.0,16.04,2.05,16.65,88.02,13.91,NVIDIA RTX PRO 6000 Blackwell Server Edition,94.97,INTEL(R) XEON(R) GOLD 5512U,56,251.36,12.9.7,NVIDIA-Linux-x86_64-595.58.03,a8b4da3c29ae528b39d4b3c9444d782ce58d886d,215070,2026-09-13T01:49:55.136204,rgb,ISAAC_LAB_SINGLE_GPU_GTL_PRESET_NEWTON_WARP_RGB_E8192_R64,benchmark_rsl_rl_Isaac-Reorient-Cube-Shadow-Camera-Direct_r64_8192,2026-09-13,,dirty working tree reported; resolved camera dimensions not recorded; fixed profile selected by explicit preset,134239.81028614414,11603.396177835832,138302.86230136547,database,database
2026-09-13,measured,2026-09-13T04:34:27.35608Z,Isaac-Reorient-Cube-Shadow-Camera-Direct,training,rsl_rl,newton_mjwarp,ovrtx,8192,42,10,73467.1,5815.34570387312,75844.0,20.64,1.93,21.26,54.17,15.7,NVIDIA RTX PRO 6000 Blackwell Server Edition,94.97,INTEL(R) XEON(R) GOLD 5512U,56,251.36,12.9.7,NVIDIA-Linux-x86_64-595.58.03,a8b4da3c29ae528b39d4b3c9444d782ce58d886d,213941,2026-09-12T21:29:42.758870,simple_shading_full_mdl,ISAAC_LAB_SINGLE_GPU_GTL_PRESET_NEWTON_OVRTX_SSFM_E8192_R64,benchmark_rsl_rl_Isaac-Reorient-Cube-Shadow-Camera-Direct_r64_8192,2026-09-13,,dirty working tree reported; resolved camera dimensions not recorded; fixed profile selected by explicit preset,79564.52826017956,6537.923096928607,82246.06564086699,database,database
2026-09-13,measured,2026-09-13T04:49:00.754714Z,Isaac-Reorient-Cube-Shadow-Camera-Direct,training,rsl_rl,ovphysx,ovrtx,8192,42,10,51300.3,2724.51178297242,52737.0,19.25,1.36,19.71,36.83,19.54,NVIDIA RTX PRO 6000 Blackwell Server Edition,94.97,INTEL(R) XEON(R) GOLD 5512U,56,251.36,12.9.7,NVIDIA-Linux-x86_64-595.58.03,a8b4da3c29ae528b39d4b3c9444d782ce58d886d,214007,2026-09-12T21:39:34.664618,simple_shading_full_mdl,ISAAC_LAB_SINGLE_GPU_GTL_PRESET_OVPHYSX_OVRTX_SSFM_E8192_R64,benchmark_rsl_rl_Isaac-Reorient-Cube-Shadow-Camera-Direct_r64_8192,2026-09-13,,dirty working tree reported; resolved camera dimensions not recorded; fixed profile selected by explicit preset,54179.696208047826,2982.4005133185037,55763.42942508943,database,database
2026-09-13,measured,2026-09-13T07:25:44.846072Z,Isaac-Reorient-Cube-Shadow-Direct,training,rsl_rl,isaacsim_physx,none,8192,42,10,155285.5,38341.43428676954,175569.0,10.74,0.63,11.12,33.0,19.61,NVIDIA RTX PRO 6000 Blackwell Server Edition,94.97,INTEL(R) XEON(R) GOLD 5512U,56,251.36,12.9.7,NVIDIA-Linux-x86_64-595.58.03,a8b4da3c29ae528b39d4b3c9444d782ce58d886d,214687,2026-09-13T00:22:54.815063,,ISAAC_LAB_SINGLE_GPU_GTL_PRESET_PHYSX_E8192,benchmark_rsl_rl_Isaac-Reorient-Cube-Shadow-Direct_8192,2026-09-13,,dirty working tree reported; Collection FPS coefficient of variation >25%,181755.1311334675,46682.598569047484,204700.45124401452,database,database
2026-09-13,measured,2026-09-13T07:52:47.543119Z,Isaac-Reorient-Cube-Shadow-Direct,training,rsl_rl,newton_mjwarp,none,8192,42,10,256798.7,66924.84932627375,280103.0,8.69,2.5,9.72,51.12,38.01,NVIDIA RTX PRO 6000 Blackwell Server Edition,94.97,INTEL(R) XEON(R) GOLD 5512U,56,251.36,12.9.7,NVIDIA-Linux-x86_64-595.58.03,a8b4da3c29ae528b39d4b3c9444d782ce58d886d,214806,2026-09-13T00:51:57.216439,,ISAAC_LAB_SINGLE_GPU_GTL_PRESET_NEWTON_MJWARP_E8192,benchmark_rsl_rl_Isaac-Reorient-Cube-Shadow-Direct_8192,2026-09-13,,dirty working tree reported; Total FPS coefficient of variation >25%; Collection FPS coefficient of variation >25%,319360.499784708,86568.87579298874,350246.3732685366,database,database
2026-09-13,measured,2026-09-13T08:15:20.85145Z,Isaac-Reorient-Cube-Shadow-Direct,training,rsl_rl,ovphysx,none,8192,42,10,107356.4,21015.379052282427,116006.0,7.84,0.55,8.11,24.57,12.98,NVIDIA RTX PRO 6000 Blackwell Server Edition,94.97,INTEL(R) XEON(R) GOLD 5512U,56,251.36,12.9.7,NVIDIA-Linux-x86_64-595.58.03,a8b4da3c29ae528b39d4b3c9444d782ce58d886d,214922,2026-09-13T01:12:39.719492,,ISAAC_LAB_SINGLE_GPU_GTL_PRESET_OVPHYSX_E8192,benchmark_rsl_rl_Isaac-Reorient-Cube-Shadow-Direct_8192,2026-09-13,,dirty working tree reported,117044.29507513462,23240.6253546275,126726.2161526443,database,database
2026-09-13,measured,2026-09-13T07:27:38.283663Z,Isaac-Reorient-KukaAllegro,training,rsl_rl,isaacsim_physx,none,8192,42,10,53451.7,3310.4284734423395,60079.0,16.23,0.98,16.68,76.09,12.87,NVIDIA RTX PRO 6000 Blackwell Server Edition,94.97,INTEL(R) XEON(R) GOLD 5512U,56,251.36,12.9.7,NVIDIA-Linux-x86_64-595.58.03,a8b4da3c29ae528b39d4b3c9444d782ce58d886d,214692,2026-09-13T00:22:51.631393,,ISAAC_LAB_SINGLE_GPU_GTL_PRESET_PHYSX_E8192,benchmark_rsl_rl_Isaac-Reorient-KukaAllegro_8192,2026-09-13,,dirty working tree reported,56676.89036213869,3558.3237267321024,63918.777084590474,database,database
2026-09-13,measured,2026-09-13T07:53:57.109089Z,Isaac-Reorient-KukaAllegro,training,rsl_rl,newton_mjwarp,none,8192,42,10,116743.1,13326.975412881782,122927.0,28.03,1.29,28.48,77.67,18.51,NVIDIA RTX PRO 6000 Blackwell Server Edition,94.97,INTEL(R) XEON(R) GOLD 5512U,56,251.36,12.9.7,NVIDIA-Linux-x86_64-595.58.03,a8b4da3c29ae528b39d4b3c9444d782ce58d886d,214817,2026-09-13T00:52:20.826464,,ISAAC_LAB_SINGLE_GPU_GTL_PRESET_NEWTON_MJWARP_E8192,benchmark_rsl_rl_Isaac-Reorient-KukaAllegro_8192,2026-09-13,,dirty working tree reported,131734.0645513781,15720.906151302835,139245.66598819685,database,database
2026-09-13,measured,2026-09-13T08:12:43.891249Z,Isaac-Reorient-KukaAllegro,training,rsl_rl,ovphysx,none,8192,42,10,31376.8,770.5452326473479,32540.0,14.04,0.95,14.52,53.46,27.58,NVIDIA RTX PRO 6000 Blackwell Server Edition,94.97,INTEL(R) XEON(R) GOLD 5512U,56,251.36,12.9.7,NVIDIA-Linux-x86_64-595.58.03,a8b4da3c29ae528b39d4b3c9444d782ce58d886d,214906,2026-09-13T01:08:52.149239,,ISAAC_LAB_SINGLE_GPU_GTL_PRESET_OVPHYSX_E8192,benchmark_rsl_rl_Isaac-Reorient-KukaAllegro_8192,2026-09-13,,dirty working tree reported,32388.076166949973,773.6260969630131,33604.670818788785,database,database
2026-09-13,measured,2026-09-13T09:08:27.155409Z,Isaac-Reorient-KukaAllegro-Camera,training,rsl_rl,isaacsim_physx,isaacsim_rtx,8192,42,10,17041.4,3528.9763136385914,18381.0,32.18,1.97,34.41,35.53,33.65,NVIDIA RTX PRO 6000 Blackwell Server Edition,94.97,INTEL(R) XEON(R) GOLD 5512U,56,251.36,12.9.7,NVIDIA-Linux-x86_64-595.58.03,a8b4da3c29ae528b39d4b3c9444d782ce58d886d,215134,2026-09-13T02:00:34.152637,"cube,simple_shading_full_mdl64,single_camera",ISAAC_LAB_SINGLE_GPU_GTL_PRESET_PHYSX_ISAACSIMRTX_SSFM_E8192_R64,benchmark_rsl_rl_Isaac-Reorient-KukaAllegro-Camera_cube_single_camera_simple_shading_full_mdl64_r64_8192,2026-09-13,,dirty working tree reported; resolved camera dimensions not recorded; fixed profile selected by explicit preset,18283.338452776916,3730.9094704097934,19653.300986361843,database,database
2026-09-13,measured,2026-09-13T08:49:42.231999Z,Isaac-Reorient-KukaAllegro-Camera,training,rsl_rl,newton_mjwarp,newton_renderer,8192,42,10,73304.1,14621.66158250605,78819.0,42.69,2.15,47.36,77.85,27.12,NVIDIA RTX PRO 6000 Blackwell Server Edition,94.97,INTEL(R) XEON(R) GOLD 5512U,56,251.36,12.9.7,NVIDIA-Linux-x86_64-595.58.03,a8b4da3c29ae528b39d4b3c9444d782ce58d886d,215056,2026-09-13T01:47:58.435136,"cube,rgb64,single_camera",ISAAC_LAB_SINGLE_GPU_GTL_PRESET_NEWTON_WARP_RGB_E8192_R64,benchmark_rsl_rl_Isaac-Reorient-KukaAllegro-Camera_cube_single_camera_rgb64_r64_8192,2026-09-13,,dirty working tree reported; resolved camera dimensions not recorded; fixed profile selected by explicit preset,101779.61221571264,17790.88944902538,109010.30572987601,database,database
2026-09-13,measured,2026-09-13T09:12:51.991805Z,Isaac-Reorient-KukaAllegro-Camera,training,rsl_rl,newton_mjwarp,ovrtx,8192,42,10,56613.5,10005.555170892707,60057.0,47.36,1.93,48.16,61.68,23.23,NVIDIA RTX PRO 6000 Blackwell Server Edition,94.97,INTEL(R) XEON(R) GOLD 5512U,56,251.36,12.9.7,NVIDIA-Linux-x86_64-595.58.03,a8b4da3c29ae528b39d4b3c9444d782ce58d886d,215150,2026-09-13T02:10:21.697178,"cube,simple_shading_full_mdl64,single_camera",ISAAC_LAB_SINGLE_GPU_GTL_PRESET_NEWTON_OVRTX_SSFM_E8192_R64,benchmark_rsl_rl_Isaac-Reorient-KukaAllegro-Camera_cube_single_camera_simple_shading_full_mdl64_r64_8192,2026-09-13,,dirty working tree reported; resolved camera dimensions not recorded; fixed profile selected by explicit preset,71783.51775572023,10459.016994939,75549.75541418728,database,database
2026-09-13,measured,2026-09-13T04:45:30.252274Z,Isaac-Reorient-KukaAllegro-Camera,training,rsl_rl,ovphysx,ovrtx,8192,42,10,23496.5,2368.1294188545617,24656.0,33.89,1.52,34.52,44.81,32.74,NVIDIA RTX PRO 6000 Blackwell Server Edition,94.97,INTEL(R) XEON(R) GOLD 5512U,56,251.36,12.9.7,NVIDIA-Linux-x86_64-595.58.03,a8b4da3c29ae528b39d4b3c9444d782ce58d886d,213991,2026-09-12T21:40:21.826942,"cube,simple_shading_full_mdl64,single_camera",ISAAC_LAB_SINGLE_GPU_GTL_PRESET_OVPHYSX_OVRTX_SSFM_E8192_R64,benchmark_rsl_rl_Isaac-Reorient-KukaAllegro-Camera_cube_single_camera_simple_shading_full_mdl64_r64_8192,2026-09-13,,dirty working tree reported; resolved camera dimensions not recorded; fixed profile selected by explicit preset,25947.490591554793,1737.5556527528615,27002.878404586125,database,database
2026-09-13,measured,2026-09-13T07:31:42.317814Z,Isaac-Shadow-Handover-Direct,training,rsl_rl,isaacsim_physx,none,8192,42,10,109187.9,23686.813117335045,117953.0,13.81,0.61,14.14,38.46,14.57,NVIDIA RTX PRO 6000 Blackwell Server Edition,94.97,INTEL(R) XEON(R) GOLD 5512U,56,251.36,12.9.7,NVIDIA-Linux-x86_64-595.58.03,a8b4da3c29ae528b39d4b3c9444d782ce58d886d,214710,2026-09-13T00:26:42.778104,,ISAAC_LAB_SINGLE_GPU_GTL_PRESET_PHYSX_E8192,benchmark_rsl_rl_Isaac-Shadow-Handover-Direct_8192,2026-09-13,,dirty working tree reported,121170.38865344122,26899.498783099894,131326.17945977557,database,database
2026-09-13,measured,2026-09-13T10:14:21.528906Z,Isaac-Shadow-Handover-Direct,training,rsl_rl,newton_mjwarp,none,8192,42,10,111716.2,19044.69163602055,118246.0,13.1,2.63,13.96,75.77,33.48,NVIDIA RTX PRO 6000 Blackwell Server Edition,94.97,INTEL(R) XEON(R) GOLD 5512U,56,251.36,12.9.7,NVIDIA-Linux-x86_64-595.58.03,a8b4da3c29ae528b39d4b3c9444d782ce58d886d,215351,2026-09-13T03:13:18.232466,,ISAAC_LAB_SINGLE_GPU_GTL_PRESET_NEWTON_MJWARP_E8192,benchmark_rsl_rl_Isaac-Shadow-Handover-Direct_8192,2026-09-13,,dirty working tree reported,122867.37604314627,20853.734723812366,130054.86113505052,database,database
2026-09-13,measured,2026-09-13T08:13:43.315128Z,Isaac-Shadow-Handover-Direct,training,rsl_rl,ovphysx,none,8192,42,10,72718.0,10322.793000604697,78664.0,11.86,0.51,12.07,26.42,16.36,NVIDIA RTX PRO 6000 Blackwell Server Edition,94.97,INTEL(R) XEON(R) GOLD 5512U,56,251.36,12.9.7,NVIDIA-Linux-x86_64-595.58.03,a8b4da3c29ae528b39d4b3c9444d782ce58d886d,214914,2026-09-13T01:08:41.396166,,ISAAC_LAB_SINGLE_GPU_GTL_PRESET_OVPHYSX_E8192,benchmark_rsl_rl_Isaac-Shadow-Handover-Direct_8192,2026-09-13,,dirty working tree reported,77366.40840503098,10968.084595234586,83844.92260314724,database,database
2026-09-13,measured,2026-09-13T07:29:25.61562Z,Isaac-Velocity-Flat-AnymalD,training,rsl_rl,isaacsim_physx,none,8192,42,10,155221.1,30581.343548168566,169052.0,9.93,0.35,10.07,28.21,11.37,NVIDIA RTX PRO 6000 Blackwell Server Edition,94.97,INTEL(R) XEON(R) GOLD 5512U,56,251.36,12.9.7,NVIDIA-Linux-x86_64-595.58.03,a8b4da3c29ae528b39d4b3c9444d782ce58d886d,214698,2026-09-13T00:27:05.481250,,ISAAC_LAB_SINGLE_GPU_GTL_PRESET_PHYSX_E8192,benchmark_rsl_rl_Isaac-Velocity-Flat-AnymalD_8192,2026-09-13,,dirty working tree reported,167978.77887927654,33619.03430109288,189652.54269871017,database,database
2026-09-13,measured,2026-09-13T07:53:11.71494Z,Isaac-Velocity-Flat-AnymalD,training,rsl_rl,newton_mjwarp,none,8192,42,10,171819.4,32083.227442942138,184677.0,6.53,0.38,6.68,73.54,30.77,NVIDIA RTX PRO 6000 Blackwell Server Edition,94.97,INTEL(R) XEON(R) GOLD 5512U,56,251.36,12.9.7,NVIDIA-Linux-x86_64-595.58.03,a8b4da3c29ae528b39d4b3c9444d782ce58d886d,214809,2026-09-13T00:52:08.661556,,ISAAC_LAB_SINGLE_GPU_GTL_PRESET_NEWTON_MJWARP_E8192,benchmark_rsl_rl_Isaac-Velocity-Flat-AnymalD_8192,2026-09-13,,dirty working tree reported,182545.89528138278,33785.09186007768,196309.0645877071,database,database
2026-09-13,measured,2026-09-13T08:13:29.113568Z,Isaac-Velocity-Flat-AnymalD,training,rsl_rl,ovphysx,none,8192,42,10,80327.2,10418.125581035305,84658.0,6.94,0.27,7.03,13.44,4.18,NVIDIA RTX PRO 6000 Blackwell Server Edition,94.97,INTEL(R) XEON(R) GOLD 5512U,56,251.36,12.9.7,NVIDIA-Linux-x86_64-595.58.03,a8b4da3c29ae528b39d4b3c9444d782ce58d886d,214912,2026-09-13T01:11:33.590810,,ISAAC_LAB_SINGLE_GPU_GTL_PRESET_OVPHYSX_E8192,benchmark_rsl_rl_Isaac-Velocity-Flat-AnymalD_8192,2026-09-13,,dirty working tree reported,82636.07720803212,10450.26435752218,87046.87765420896,database,database
2026-09-13,measured,2026-09-13T07:27:32.674404Z,Isaac-Velocity-Flat-Cassie,training,rsl_rl,isaacsim_physx,none,8192,42,10,231409.8,52548.34057597717,254085.0,9.13,0.42,9.31,28.8,14.48,NVIDIA RTX PRO 6000 Blackwell Server Edition,94.97,INTEL(R) XEON(R) GOLD 5512U,56,251.36,12.9.7,NVIDIA-Linux-x86_64-595.58.03,a8b4da3c29ae528b39d4b3c9444d782ce58d886d,214691,2026-09-13T00:25:58.808033,,ISAAC_LAB_SINGLE_GPU_GTL_PRESET_PHYSX_E8192,benchmark_rsl_rl_Isaac-Velocity-Flat-Cassie_8192,2026-09-13,,dirty working tree reported,258724.76460359234,58249.3284783863,283186.3100959037,database,database
2026-09-13,measured,2026-09-13T07:53:04.09359Z,Isaac-Velocity-Flat-Cassie,training,rsl_rl,newton_mjwarp,none,8192,42,10,441525.6,117918.87862443589,479853.0,1.97,0.25,2.11,49.14,30.69,NVIDIA RTX PRO 6000 Blackwell Server Edition,94.97,INTEL(R) XEON(R) GOLD 5512U,56,251.36,12.9.7,NVIDIA-Linux-x86_64-595.58.03,a8b4da3c29ae528b39d4b3c9444d782ce58d886d,214807,2026-09-13T00:52:20.697139,,ISAAC_LAB_SINGLE_GPU_GTL_PRESET_NEWTON_MJWARP_E8192,benchmark_rsl_rl_Isaac-Velocity-Flat-Cassie_8192,2026-09-13,,dirty working tree reported; Total FPS coefficient of variation >25%; Collection FPS coefficient of variation >25%,521034.93876190647,141170.5862448461,567951.4642658394,database,database
2026-09-13,measured,2026-09-13T08:12:58.280246Z,Isaac-Velocity-Flat-Cassie,training,rsl_rl,ovphysx,none,8192,42,10,302155.7,73362.25109694434,333229.0,6.04,0.42,6.22,29.22,18.25,NVIDIA RTX PRO 6000 Blackwell Server Edition,94.97,INTEL(R) XEON(R) GOLD 5512U,56,251.36,12.9.7,NVIDIA-Linux-x86_64-595.58.03,a8b4da3c29ae528b39d4b3c9444d782ce58d886d,214909,2026-09-13T01:11:38.778645,,ISAAC_LAB_SINGLE_GPU_GTL_PRESET_OVPHYSX_E8192,benchmark_rsl_rl_Isaac-Velocity-Flat-Cassie_8192,2026-09-13,,dirty working tree reported,337144.1368367628,82049.6647053084,372541.5323597775,database,database
2026-09-13,measured,2026-09-13T07:33:54.566844Z,Isaac-Velocity-Flat-G1,training,rsl_rl,isaacsim_physx,none,8192,42,10,137592.4,28252.616815674497,149461.0,11.33,0.35,11.51,50.07,24.01,NVIDIA RTX PRO 6000 Blackwell Server Edition,94.97,INTEL(R) XEON(R) GOLD 5512U,56,251.36,12.9.7,NVIDIA-Linux-x86_64-595.58.03,a8b4da3c29ae528b39d4b3c9444d782ce58d886d,214725,2026-09-13T00:29:34.176622,,ISAAC_LAB_SINGLE_GPU_GTL_PRESET_PHYSX_E8192,benchmark_rsl_rl_Isaac-Velocity-Flat-G1_8192,2026-09-13,,dirty working tree reported,146549.96512889743,29689.041975393255,159264.3240933159,database,database
2026-09-13,measured,2026-09-13T07:53:38.249036Z,Isaac-Velocity-Flat-G1,training,rsl_rl,newton_mjwarp,none,8192,42,10,261914.0,62601.30547982029,282667.0,4.3,0.47,4.58,64.7,34.12,NVIDIA RTX PRO 6000 Blackwell Server Edition,94.97,INTEL(R) XEON(R) GOLD 5512U,56,251.36,12.9.7,NVIDIA-Linux-x86_64-595.58.03,a8b4da3c29ae528b39d4b3c9444d782ce58d886d,214814,2026-09-13T00:52:47.818747,,ISAAC_LAB_SINGLE_GPU_GTL_PRESET_NEWTON_MJWARP_E8192,benchmark_rsl_rl_Isaac-Velocity-Flat-G1_8192,2026-09-13,,dirty working tree reported,289322.506706721,69314.82460783958,312255.1621028764,database,database
2026-09-13,measured,2026-09-13T08:16:23.840337Z,Isaac-Velocity-Flat-G1,training,rsl_rl,ovphysx,none,8192,42,10,182564.9,38267.64615311477,198048.0,9.32,0.37,9.52,60.15,26.8,NVIDIA RTX PRO 6000 Blackwell Server Edition,94.97,INTEL(R) XEON(R) GOLD 5512U,56,251.36,12.9.7,NVIDIA-Linux-x86_64-595.58.03,a8b4da3c29ae528b39d4b3c9444d782ce58d886d,214926,2026-09-13T01:13:06.325582,,ISAAC_LAB_SINGLE_GPU_GTL_PRESET_OVPHYSX_E8192,benchmark_rsl_rl_Isaac-Velocity-Flat-G1_8192,2026-09-13,,dirty working tree reported,195398.08755825236,40532.80901237048,212135.72551181502,database,database
2026-09-13,measured,2026-09-13T07:30:08.369417Z,Isaac-Velocity-Flat-H1,training,rsl_rl,isaacsim_physx,none,8192,42,10,214320.1,49406.06789195477,241609.0,9.32,0.27,9.47,33.09,15.68,NVIDIA RTX PRO 6000 Blackwell Server Edition,94.97,INTEL(R) XEON(R) GOLD 5512U,56,251.36,12.9.7,NVIDIA-Linux-x86_64-595.58.03,a8b4da3c29ae528b39d4b3c9444d782ce58d886d,214704,2026-09-13T00:27:52.626347,,ISAAC_LAB_SINGLE_GPU_GTL_PRESET_PHYSX_E8192,benchmark_rsl_rl_Isaac-Velocity-Flat-H1_8192,2026-09-13,,dirty working tree reported,236770.7191620826,54932.42985865279,268342.5144520257,database,database
2026-09-13,measured,2026-09-13T07:53:11.47387Z,Isaac-Velocity-Flat-H1,training,rsl_rl,newton_mjwarp,none,8192,42,10,381737.4,101013.10136171007,415643.0,2.33,0.26,2.46,46.25,35.65,NVIDIA RTX PRO 6000 Blackwell Server Edition,94.97,INTEL(R) XEON(R) GOLD 5512U,56,251.36,12.9.7,NVIDIA-Linux-x86_64-595.58.03,a8b4da3c29ae528b39d4b3c9444d782ce58d886d,214808,2026-09-13T00:52:25.401636,,ISAAC_LAB_SINGLE_GPU_GTL_PRESET_NEWTON_MJWARP_E8192,benchmark_rsl_rl_Isaac-Velocity-Flat-H1_8192,2026-09-13,,dirty working tree reported; Total FPS coefficient of variation >25%; Collection FPS coefficient of variation >25%,440682.426454862,117986.88773377251,481079.47394483036,database,database
2026-09-13,measured,2026-09-13T08:14:47.594076Z,Isaac-Velocity-Flat-H1,training,rsl_rl,ovphysx,none,8192,42,10,282153.4,68868.42809654427,307887.0,6.18,0.25,6.32,33.33,19.35,NVIDIA RTX PRO 6000 Blackwell Server Edition,94.97,INTEL(R) XEON(R) GOLD 5512U,56,251.36,12.9.7,NVIDIA-Linux-x86_64-595.58.03,a8b4da3c29ae528b39d4b3c9444d782ce58d886d,214917,2026-09-13T01:13:01.578583,,ISAAC_LAB_SINGLE_GPU_GTL_PRESET_OVPHYSX_E8192,benchmark_rsl_rl_Isaac-Velocity-Flat-H1_8192,2026-09-13,,dirty working tree reported,313063.1154002753,76225.77134332056,342090.049399832,database,database
2026-09-13,measured,2026-09-13T07:33:41.777402Z,Isaac-Velocity-Flat-UnitreeGo2,training,rsl_rl,isaacsim_physx,none,8192,42,10,203981.3,45400.25610316899,227551.0,9.28,0.28,9.44,31.55,14.67,NVIDIA RTX PRO 6000 Blackwell Server Edition,94.97,INTEL(R) XEON(R) GOLD 5512U,56,251.36,12.9.7,NVIDIA-Linux-x86_64-595.58.03,a8b4da3c29ae528b39d4b3c9444d782ce58d886d,214723,2026-09-13T00:31:14.607347,,ISAAC_LAB_SINGLE_GPU_GTL_PRESET_PHYSX_E8192,benchmark_rsl_rl_Isaac-Velocity-Flat-UnitreeGo2_8192,2026-09-13,,dirty working tree reported,225461.42600725996,50535.83602016346,250924.10626989458,database,database
2026-09-13,measured,2026-09-13T07:54:49.32133Z,Isaac-Velocity-Flat-UnitreeGo2,training,rsl_rl,newton_mjwarp,none,8192,42,10,457736.9,123233.65448019646,497249.0,3.01,0.29,3.17,49.43,31.36,NVIDIA RTX PRO 6000 Blackwell Server Edition,94.97,INTEL(R) XEON(R) GOLD 5512U,56,251.36,12.9.7,NVIDIA-Linux-x86_64-595.58.03,a8b4da3c29ae528b39d4b3c9444d782ce58d886d,214819,2026-09-13T00:53:56.682545,,ISAAC_LAB_SINGLE_GPU_GTL_PRESET_NEWTON_MJWARP_E8192,benchmark_rsl_rl_Isaac-Velocity-Flat-UnitreeGo2_8192,2026-09-13,,dirty working tree reported; Total FPS coefficient of variation >25%; Collection FPS coefficient of variation >25%,543046.908519085,148437.11598126305,590496.9544263262,database,database
2026-09-13,measured,2026-09-13T08:15:10.822178Z,Isaac-Velocity-Flat-UnitreeGo2,training,rsl_rl,ovphysx,none,8192,42,10,96812.7,14034.412065031835,101983.0,6.46,0.25,6.57,15.38,7.6,NVIDIA RTX PRO 6000 Blackwell Server Edition,94.97,INTEL(R) XEON(R) GOLD 5512U,56,251.36,12.9.7,NVIDIA-Linux-x86_64-595.58.03,a8b4da3c29ae528b39d4b3c9444d782ce58d886d,214919,2026-09-13T01:13:02.344188,,ISAAC_LAB_SINGLE_GPU_GTL_PRESET_OVPHYSX_E8192,benchmark_rsl_rl_Isaac-Velocity-Flat-UnitreeGo2_8192,2026-09-13,,dirty working tree reported,100341.371943539,13978.357575045364,105568.92626889404,database,database
2026-09-13,measured,2026-09-13T07:33:11.017337Z,Isaac-Velocity-Rough-AnymalD,training,rsl_rl,isaacsim_physx,none,8192,42,10,61867.9,8368.055295786073,66940.0,12.83,0.67,13.12,64.9,20.15,NVIDIA RTX PRO 6000 Blackwell Server Edition,94.97,INTEL(R) XEON(R) GOLD 5512U,56,251.36,12.9.7,NVIDIA-Linux-x86_64-595.58.03,a8b4da3c29ae528b39d4b3c9444d782ce58d886d,214722,2026-09-13T00:30:30.878950,,ISAAC_LAB_SINGLE_GPU_GTL_PRESET_PHYSX_E8192,benchmark_rsl_rl_Isaac-Velocity-Rough-AnymalD_8192,2026-09-13,,dirty working tree reported,64347.77612146816,8695.465604448173,70416.02168239762,database,database
2026-09-13,measured,2026-09-13T07:55:34.751204Z,Isaac-Velocity-Rough-AnymalD,training,rsl_rl,newton_mjwarp,none,8192,42,10,139053.7,21496.293841032224,156427.0,17.18,0.86,17.52,75.0,29.5,NVIDIA RTX PRO 6000 Blackwell Server Edition,94.97,INTEL(R) XEON(R) GOLD 5512U,56,251.36,12.9.7,NVIDIA-Linux-x86_64-595.58.03,a8b4da3c29ae528b39d4b3c9444d782ce58d886d,214823,2026-09-13T00:54:25.378662,,ISAAC_LAB_SINGLE_GPU_GTL_PRESET_NEWTON_MJWARP_E8192,benchmark_rsl_rl_Isaac-Velocity-Rough-AnymalD_8192,2026-09-13,,dirty working tree reported,149587.39386023383,22946.36050293358,169082.69536895162,database,database
2026-09-13,measured,2026-09-13T08:13:55.269487Z,Isaac-Velocity-Rough-AnymalD,training,rsl_rl,ovphysx,none,8192,42,10,47030.5,2689.240836700532,49064.0,9.53,0.61,9.75,43.27,11.1,NVIDIA RTX PRO 6000 Blackwell Server Edition,94.97,INTEL(R) XEON(R) GOLD 5512U,56,251.36,12.9.7,NVIDIA-Linux-x86_64-595.58.03,a8b4da3c29ae528b39d4b3c9444d782ce58d886d,214915,2026-09-13T01:11:38.762888,,ISAAC_LAB_SINGLE_GPU_GTL_PRESET_OVPHYSX_E8192,benchmark_rsl_rl_Isaac-Velocity-Rough-AnymalD_8192,2026-09-13,,dirty working tree reported,48202.06105100441,2558.2204632305143,50250.18773472691,database,database
2026-09-13,measured,2026-09-13T10:17:21.9152Z,Isaac-Velocity-Rough-Cassie,training,rsl_rl,isaacsim_physx,none,8192,42,10,127228.5,23006.660056262936,144530.0,11.34,0.53,11.58,57.38,22.1,NVIDIA RTX PRO 6000 Blackwell Server Edition,94.97,INTEL(R) XEON(R) GOLD 5512U,56,251.36,12.9.7,NVIDIA-Linux-x86_64-595.58.03,a8b4da3c29ae528b39d4b3c9444d782ce58d886d,215358,2026-09-13T03:15:39.522581,,ISAAC_LAB_SINGLE_GPU_GTL_PRESET_PHYSX_E8192,benchmark_rsl_rl_Isaac-Velocity-Rough-Cassie_8192,2026-09-13,,dirty working tree reported,137069.49111503424,24770.463004323527,156615.62290566508,database,database
2026-09-13,measured,2026-09-13T07:55:51.914462Z,Isaac-Velocity-Rough-Cassie,training,rsl_rl,newton_mjwarp,none,8192,42,10,273757.1,62859.378726469906,294278.0,6.44,0.67,6.78,56.33,36.48,NVIDIA RTX PRO 6000 Blackwell Server Edition,94.97,INTEL(R) XEON(R) GOLD 5512U,56,251.36,12.9.7,NVIDIA-Linux-x86_64-595.58.03,a8b4da3c29ae528b39d4b3c9444d782ce58d886d,214825,2026-09-13T00:55:02.446849,,ISAAC_LAB_SINGLE_GPU_GTL_PRESET_NEWTON_MJWARP_E8192,benchmark_rsl_rl_Isaac-Velocity-Rough-Cassie_8192,2026-09-13,,dirty working tree reported,319161.51265655644,74448.6417986947,343490.61534706294,database,database
2026-09-13,measured,2026-09-13T08:16:22.455456Z,Isaac-Velocity-Rough-Cassie,training,rsl_rl,ovphysx,none,8192,42,10,164661.6,31594.221237435177,180094.0,8.05,0.6,8.35,56.5,23.82,NVIDIA RTX PRO 6000 Blackwell Server Edition,94.97,INTEL(R) XEON(R) GOLD 5512U,56,251.36,12.9.7,NVIDIA-Linux-x86_64-595.58.03,a8b4da3c29ae528b39d4b3c9444d782ce58d886d,214925,2026-09-13T01:14:52.660557,,ISAAC_LAB_SINGLE_GPU_GTL_PRESET_OVPHYSX_E8192,benchmark_rsl_rl_Isaac-Velocity-Rough-Cassie_8192,2026-09-13,,dirty working tree reported,180188.56811597725,34422.83834180535,197591.50473507744,database,database
2026-09-13,measured,2026-09-13T07:22:16.10161Z,Isaac-Velocity-Rough-G1,training,rsl_rl,isaacsim_physx,none,8192,42,10,112492.5,22485.94149067862,130082.0,12.92,0.59,13.23,60.33,20.87,NVIDIA RTX PRO 6000 Blackwell Server Edition,94.97,INTEL(R) XEON(R) GOLD 5512U,56,251.36,12.9.7,NVIDIA-Linux-x86_64-595.58.03,a8b4da3c29ae528b39d4b3c9444d782ce58d886d,214665,2026-09-13T00:17:51.925843,,ISAAC_LAB_SINGLE_GPU_GTL_PRESET_PHYSX_E8192,benchmark_rsl_rl_Isaac-Velocity-Rough-G1_8192,2026-09-13,,dirty working tree reported,120663.24949926103,23911.583458328005,140204.7968672667,database,database
2026-09-13,measured,2026-09-13T07:42:34.310123Z,Isaac-Velocity-Rough-G1,training,rsl_rl,newton_mjwarp,none,8192,42,10,172673.5,35151.745233266076,185017.0,12.38,0.8,12.78,70.0,31.06,NVIDIA RTX PRO 6000 Blackwell Server Edition,94.97,INTEL(R) XEON(R) GOLD 5512U,56,251.36,12.9.7,NVIDIA-Linux-x86_64-595.58.03,a8b4da3c29ae528b39d4b3c9444d782ce58d886d,214758,2026-09-13T00:41:36.743844,,ISAAC_LAB_SINGLE_GPU_GTL_PRESET_NEWTON_MJWARP_E8192,benchmark_rsl_rl_Isaac-Velocity-Rough-G1_8192,2026-09-13,,dirty working tree reported,190642.87395623318,38936.61776997555,204254.82629067745,database,database
2026-09-13,measured,2026-09-13T08:07:00.998327Z,Isaac-Velocity-Rough-G1,training,rsl_rl,ovphysx,none,8192,42,10,151742.0,29075.886244255547,162848.0,10.7,0.59,10.99,63.53,25.66,NVIDIA RTX PRO 6000 Blackwell Server Edition,94.97,INTEL(R) XEON(R) GOLD 5512U,56,251.36,12.9.7,NVIDIA-Linux-x86_64-595.58.03,a8b4da3c29ae528b39d4b3c9444d782ce58d886d,214884,2026-09-13T01:03:39.583927,,ISAAC_LAB_SINGLE_GPU_GTL_PRESET_OVPHYSX_E8192,benchmark_rsl_rl_Isaac-Velocity-Rough-G1_8192,2026-09-13,,dirty working tree reported,165285.3728497931,31569.4217477516,177587.25955730767,database,database
2026-09-13,measured,2026-09-13T07:32:33.82708Z,Isaac-Velocity-Rough-H1,training,rsl_rl,isaacsim_physx,none,8192,42,10,165000.5,35375.44841725999,185683.0,10.82,0.67,11.17,47.15,20.59,NVIDIA RTX PRO 6000 Blackwell Server Edition,94.97,INTEL(R) XEON(R) GOLD 5512U,56,251.36,12.9.7,NVIDIA-Linux-x86_64-595.58.03,a8b4da3c29ae528b39d4b3c9444d782ce58d886d,214716,2026-09-13T00:30:10.582429,,ISAAC_LAB_SINGLE_GPU_GTL_PRESET_PHYSX_E8192,benchmark_rsl_rl_Isaac-Velocity-Rough-H1_8192,2026-09-13,,dirty working tree reported,181671.30670658822,39403.07008587681,205887.7393027517,database,database
2026-09-13,measured,2026-09-13T07:55:05.769465Z,Isaac-Velocity-Rough-H1,training,rsl_rl,newton_mjwarp,none,8192,42,10,220859.8,49116.6469331484,242847.0,8.36,0.72,8.77,67.0,33.21,NVIDIA RTX PRO 6000 Blackwell Server Edition,94.97,INTEL(R) XEON(R) GOLD 5512U,56,251.36,12.9.7,NVIDIA-Linux-x86_64-595.58.03,a8b4da3c29ae528b39d4b3c9444d782ce58d886d,214820,2026-09-13T00:54:14.251957,,ISAAC_LAB_SINGLE_GPU_GTL_PRESET_NEWTON_MJWARP_E8192,benchmark_rsl_rl_Isaac-Velocity-Rough-H1_8192,2026-09-13,,dirty working tree reported,249509.9694253578,56057.557390837326,275612.22979491693,database,database
2026-09-13,measured,2026-09-13T08:13:26.65269Z,Isaac-Velocity-Rough-H1,training,rsl_rl,ovphysx,none,8192,42,10,217791.7,47956.87944404964,237802.0,7.65,0.7,8.06,48.09,24.06,NVIDIA RTX PRO 6000 Blackwell Server Edition,94.97,INTEL(R) XEON(R) GOLD 5512U,56,251.36,12.9.7,NVIDIA-Linux-x86_64-595.58.03,a8b4da3c29ae528b39d4b3c9444d782ce58d886d,214911,2026-09-13T01:11:38.240111,,ISAAC_LAB_SINGLE_GPU_GTL_PRESET_OVPHYSX_E8192,benchmark_rsl_rl_Isaac-Velocity-Rough-H1_8192,2026-09-13,,dirty working tree reported,245371.79715596666,54578.83815259076,270444.5100900931,database,database
2026-09-13,measured,2026-09-13T07:34:20.829115Z,Isaac-Velocity-Rough-UnitreeGo2,training,rsl_rl,isaacsim_physx,none,8192,42,10,81521.0,15307.906947427891,90486.0,12.37,0.6,12.67,60.71,24.05,NVIDIA RTX PRO 6000 Blackwell Server Edition,94.97,INTEL(R) XEON(R) GOLD 5512U,56,251.36,12.9.7,NVIDIA-Linux-x86_64-595.58.03,a8b4da3c29ae528b39d4b3c9444d782ce58d886d,214730,2026-09-13T00:31:39.336838,,ISAAC_LAB_SINGLE_GPU_GTL_PRESET_PHYSX_E8192,benchmark_rsl_rl_Isaac-Velocity-Rough-UnitreeGo2_8192,2026-09-13,,dirty working tree reported,85364.72279964879,16005.234886118755,94935.71273439245,database,database
2026-09-13,measured,2026-09-13T07:55:29.568872Z,Isaac-Velocity-Rough-UnitreeGo2,training,rsl_rl,newton_mjwarp,none,8192,42,10,203691.5,41678.787704298695,223877.0,14.92,0.93,15.32,70.92,33.23,NVIDIA RTX PRO 6000 Blackwell Server Edition,94.97,INTEL(R) XEON(R) GOLD 5512U,56,251.36,12.9.7,NVIDIA-Linux-x86_64-595.58.03,a8b4da3c29ae528b39d4b3c9444d782ce58d886d,214822,2026-09-13T00:54:34.856289,,ISAAC_LAB_SINGLE_GPU_GTL_PRESET_NEWTON_MJWARP_E8192,benchmark_rsl_rl_Isaac-Velocity-Rough-UnitreeGo2_8192,2026-09-13,,dirty working tree reported,227629.90549801115,46306.97956884419,251719.0803050542,database,database
2026-09-13,measured,2026-09-13T08:17:34.349718Z,Isaac-Velocity-Rough-UnitreeGo2,training,rsl_rl,ovphysx,none,8192,42,10,59210.5,6189.86589784733,63352.0,9.05,0.55,9.28,48.27,14.05,NVIDIA RTX PRO 6000 Blackwell Server Edition,94.97,INTEL(R) XEON(R) GOLD 5512U,56,251.36,12.9.7,NVIDIA-Linux-x86_64-595.58.03,a8b4da3c29ae528b39d4b3c9444d782ce58d886d,214930,2026-09-13T01:15:08.509776,,ISAAC_LAB_SINGLE_GPU_GTL_PRESET_OVPHYSX_E8192,benchmark_rsl_rl_Isaac-Velocity-Rough-UnitreeGo2_8192,2026-09-13,,dirty working tree reported,61111.28529021107,6083.926370233326,65347.647060427065,database,database
2026-09-21,measured,2026-09-21T08:46:17.347302Z,Isaac-Ant,training,rsl_rl,isaacsim_physx,none,8192,42,10,380969.9,87024.58336387228,430936.0,8.62,0.54,8.89,18.78,10.67,NVIDIA RTX PRO 6000 Blackwell Server Edition,94.97,INTEL(R) XEON(R) GOLD 5512U,56,251.36,13.3.1,NVIDIA-Linux-x86_64-595.58.03,b8e83fdb33187b923d0c125c0f3b8bbe3b327524,229609,2026-09-21T01:44:17.610542,,ISAAC_LAB_SINGLE_GPU_GTL_PRESET_PHYSX_E8192,benchmark_rsl_rl_Isaac-Ant_8192,2026-09-20,,dirty working tree reported,454443.6039505346,102827.9270613247,519294.51682553114,database,database
2026-09-21,measured,2026-09-21T09:23:39.289347Z,Isaac-Ant,training,rsl_rl,newton_mjwarp,none,8192,42,10,756398.0,204479.11405107152,824827.0,2.19,0.62,2.59,28.67,22.14,NVIDIA RTX PRO 6000 Blackwell Server Edition,94.97,INTEL(R) XEON(R) GOLD 5512U,56,251.36,13.3.1,NVIDIA-Linux-x86_64-595.58.03,b8e83fdb33187b923d0c125c0f3b8bbe3b327524,229752,2026-09-21T02:22:41.626092,,ISAAC_LAB_SINGLE_GPU_GTL_PRESET_NEWTON_MJWARP_E8192,benchmark_rsl_rl_Isaac-Ant_8192,2026-09-20,,dirty working tree reported; Total FPS coefficient of variation >25%; Collection FPS coefficient of variation >25%,1072796.0793655298,297688.7498238865,1171138.4557283456,database,database
2026-09-21,measured,2026-09-21T09:54:41.267416Z,Isaac-Ant,training,rsl_rl,ovphysx,none,8192,42,10,486717.6,117084.7627938362,529923.0,5.64,0.59,5.96,25.38,19.74,NVIDIA RTX PRO 6000 Blackwell Server Edition,94.97,INTEL(R) XEON(R) GOLD 5512U,56,251.36,13.3.1,NVIDIA-Linux-x86_64-595.58.03,b8e83fdb33187b923d0c125c0f3b8bbe3b327524,229899,2026-09-21T02:52:41.122229,,ISAAC_LAB_SINGLE_GPU_GTL_PRESET_OVPHYSX_E8192,benchmark_rsl_rl_Isaac-Ant_8192,2026-09-20,,dirty working tree reported,600069.7983050336,143652.06174467804,653541.8549312912,database,database
2026-09-21,measured,2026-09-21T08:49:05.096757Z,Isaac-Ant-Direct,training,rsl_rl,isaacsim_physx,none,8192,42,10,443897.0,86997.64433209288,488034.0,8.74,0.51,8.95,31.14,19.63,NVIDIA RTX PRO 6000 Blackwell Server Edition,94.97,INTEL(R) XEON(R) GOLD 5512U,56,251.36,13.3.1,NVIDIA-Linux-x86_64-595.58.03,b8e83fdb33187b923d0c125c0f3b8bbe3b327524,229616,2026-09-21T01:47:52.561944,,ISAAC_LAB_SINGLE_GPU_GTL_PRESET_PHYSX_E8192,benchmark_rsl_rl_Isaac-Ant-Direct_8192,2026-09-20,,dirty working tree reported,547468.9691452524,92860.46481344858,601576.5174674197,database,database
2026-09-21,measured,2026-09-21T09:23:39.289347Z,Isaac-Ant-Direct,training,rsl_rl,newton_mjwarp,none,8192,42,10,999577.0,237584.04657580302,1078970.0,2.27,0.63,2.59,37.0,24.01,NVIDIA RTX PRO 6000 Blackwell Server Edition,94.97,INTEL(R) XEON(R) GOLD 5512U,56,251.36,13.3.1,NVIDIA-Linux-x86_64-595.58.03,b8e83fdb33187b923d0c125c0f3b8bbe3b327524,229752,2026-09-21T02:23:02.162093,,ISAAC_LAB_SINGLE_GPU_GTL_PRESET_NEWTON_MJWARP_E8192,benchmark_rsl_rl_Isaac-Ant-Direct_8192,2026-09-20,,dirty working tree reported,1625138.2735586248,374446.4422229913,1753109.3689128126,database,database
2026-09-21,measured,2026-09-21T09:54:41.267416Z,Isaac-Ant-Direct,training,rsl_rl,ovphysx,none,8192,42,10,582881.0,114228.4009605317,633599.0,5.73,0.53,5.96,26.33,24.69,NVIDIA RTX PRO 6000 Blackwell Server Edition,94.97,INTEL(R) XEON(R) GOLD 5512U,56,251.36,13.3.1,NVIDIA-Linux-x86_64-595.58.03,b8e83fdb33187b923d0c125c0f3b8bbe3b327524,229899,2026-09-21T02:53:31.913967,,ISAAC_LAB_SINGLE_GPU_GTL_PRESET_OVPHYSX_E8192,benchmark_rsl_rl_Isaac-Ant-Direct_8192,2026-09-20,,dirty working tree reported,754726.6095564557,129221.24149635766,819933.859946785,database,database
2026-09-21,measured,2026-09-21T08:51:43.398238Z,Isaac-Cartpole,training,rsl_rl,isaacsim_physx,none,8192,42,10,511373.5,120216.82311395153,569685.0,7.15,0.04,7.17,14.25,8.85,NVIDIA RTX PRO 6000 Blackwell Server Edition,94.97,INTEL(R) XEON(R) GOLD 5512U,56,251.36,13.3.1,NVIDIA-Linux-x86_64-595.58.03,b8e83fdb33187b923d0c125c0f3b8bbe3b327524,229627,2026-09-21T01:50:30.065574,,ISAAC_LAB_SINGLE_GPU_GTL_PRESET_PHYSX_E8192,benchmark_rsl_rl_Isaac-Cartpole_8192,2026-09-20,,dirty working tree reported,759177.4564324785,167190.09018827789,846863.463312214,database,database
2026-09-21,measured,2026-09-21T09:23:13.751876Z,Isaac-Cartpole,training,rsl_rl,newton_mjwarp,none,8192,42,10,907368.6,247520.75906126876,993898.0,0.98,0.06,1.01,14.67,12.7,NVIDIA RTX PRO 6000 Blackwell Server Edition,94.97,INTEL(R) XEON(R) GOLD 5512U,56,251.36,13.3.1,NVIDIA-Linux-x86_64-595.58.03,b8e83fdb33187b923d0c125c0f3b8bbe3b327524,229749,2026-09-21T02:22:22.500060,,ISAAC_LAB_SINGLE_GPU_GTL_PRESET_NEWTON_MJWARP_E8192,benchmark_rsl_rl_Isaac-Cartpole_8192,2026-09-20,,dirty working tree reported; Total FPS coefficient of variation >25%; Collection FPS coefficient of variation >25%,1653746.051707633,451278.1667212781,1810056.577499893,database,database
2026-09-21,measured,2026-09-21T09:56:08.75673Z,Isaac-Cartpole,training,rsl_rl,ovphysx,none,8192,42,10,622057.8,154657.77109246366,678886.0,4.03,0.03,4.04,15.0,10.0,NVIDIA RTX PRO 6000 Blackwell Server Edition,94.97,INTEL(R) XEON(R) GOLD 5512U,56,251.36,13.3.1,NVIDIA-Linux-x86_64-595.58.03,b8e83fdb33187b923d0c125c0f3b8bbe3b327524,229902,2026-09-21T02:55:01.778395,,ISAAC_LAB_SINGLE_GPU_GTL_PRESET_OVPHYSX_E8192,benchmark_rsl_rl_Isaac-Cartpole_8192,2026-09-20,,dirty working tree reported,902966.5006017386,211387.50653759192,995705.3610636683,database,database
2026-09-21,measured,2026-09-21T11:12:38.669608Z,Isaac-Cartpole-Camera,training,rsl_rl,isaacsim_physx,isaacsim_rtx,8192,42,10,68140.8,5806.414916088737,70445.0,65.66,2.21,69.16,50.45,31.61,NVIDIA RTX PRO 6000 Blackwell Server Edition,94.97,INTEL(R) XEON(R) GOLD 5512U,56,251.36,13.3.1,NVIDIA-Linux-x86_64-595.58.03,b8e83fdb33187b923d0c125c0f3b8bbe3b327524,230154,2026-09-21T04:10:22.157265,simple_shading_full_mdl,ISAAC_LAB_SINGLE_GPU_GTL_PRESET_PHYSX_ISAACSIMRTX_SSFM_E8192_R64,benchmark_rsl_rl_Isaac-Cartpole-Camera_r64_8192,2026-09-20,,dirty working tree reported; resolved camera dimensions not recorded; fixed profile selected by explicit preset,105184.7862014356,6166.110508302864,108696.71572080928,database,database
2026-09-21,measured,2026-09-21T00:27:34.642216Z,Isaac-Cartpole-Camera,training,rsl_rl,newton_mjwarp,newton_renderer,8192,42,10,143084.5,17489.429964981708,148727.0,58.6,1.9,59.13,88.76,17.04,NVIDIA RTX PRO 6000 Blackwell Server Edition,94.97,INTEL(R) XEON(R) GOLD 5512U,56,251.36,13.3.1,NVIDIA-Linux-x86_64-595.58.03,b8e83fdb33187b923d0c125c0f3b8bbe3b327524,228092,2026-09-20T17:24:08.875119,rgb,ISAAC_LAB_SINGLE_GPU_GTL_PRESET_NEWTON_WARP_RGB_E8192_R64,benchmark_rsl_rl_Isaac-Cartpole-Camera_r64_8192,2026-09-20,,dirty working tree reported; resolved camera dimensions not recorded; fixed profile selected by explicit preset,485230.82515741285,51246.07616944655,501923.163783397,database,database
2026-09-21,measured,2026-09-21T11:10:07.070423Z,Isaac-Cartpole-Camera,training,rsl_rl,newton_mjwarp,ovrtx,8192,42,10,94103.8,8413.065246653234,100275.0,62.81,2.03,63.51,63.58,30.78,NVIDIA RTX PRO 6000 Blackwell Server Edition,94.97,INTEL(R) XEON(R) GOLD 5512U,56,251.36,13.3.1,NVIDIA-Linux-x86_64-595.58.03,b8e83fdb33187b923d0c125c0f3b8bbe3b327524,230144,2026-09-21T04:08:26.113596,simple_shading_full_mdl,ISAAC_LAB_SINGLE_GPU_GTL_PRESET_NEWTON_OVRTX_SSFM_E8192_R64,benchmark_rsl_rl_Isaac-Cartpole-Camera_r64_8192,2026-09-20,,dirty working tree reported; resolved camera dimensions not recorded; fixed profile selected by explicit preset,178068.1337540074,9413.88961665919,192760.40726906797,database,database
2026-09-21,measured,2026-09-21T05:37:57.822619Z,Isaac-Cartpole-Camera,training,rsl_rl,ovphysx,ovrtx,8192,42,10,87196.7,7179.787849697696,90641.0,65.7,2.08,66.37,61.54,31.9,NVIDIA RTX PRO 6000 Blackwell Server Edition,94.97,INTEL(R) XEON(R) GOLD 5512U,56,251.36,13.3.1,NVIDIA-Linux-x86_64-595.58.03,b8e83fdb33187b923d0c125c0f3b8bbe3b327524,228869,2026-09-20T22:35:18.615305,simple_shading_full_mdl,ISAAC_LAB_SINGLE_GPU_GTL_PRESET_OVPHYSX_OVRTX_SSFM_E8192_R64,benchmark_rsl_rl_Isaac-Cartpole-Camera_r64_8192,2026-09-20,,dirty working tree reported; resolved camera dimensions not recorded; fixed profile selected by explicit preset,155040.59964139096,5370.745056343847,160127.34726637692,database,database
2026-09-21,measured,2026-09-21T11:12:38.669608Z,Isaac-Cartpole-Camera-Direct,training,rsl_rl,isaacsim_physx,isaacsim_rtx,8192,42,10,70484.4,6565.297102526621,73566.0,65.66,2.32,69.1,52.54,32.91,NVIDIA RTX PRO 6000 Blackwell Server Edition,94.97,INTEL(R) XEON(R) GOLD 5512U,56,251.36,13.3.1,NVIDIA-Linux-x86_64-595.58.03,b8e83fdb33187b923d0c125c0f3b8bbe3b327524,230154,2026-09-21T04:08:24.384153,simple_shading_full_mdl,ISAAC_LAB_SINGLE_GPU_GTL_PRESET_PHYSX_ISAACSIMRTX_SSFM_E8192_R64,benchmark_rsl_rl_Isaac-Cartpole-Camera-Direct_r64_8192,2026-09-20,,dirty working tree reported; resolved camera dimensions not recorded; fixed profile selected by explicit preset,110695.47682486143,7801.1705355290605,115034.58719979376,database,database
2026-09-21,measured,2026-09-21T10:56:25.676607Z,Isaac-Cartpole-Camera-Direct,training,rsl_rl,newton_mjwarp,newton_renderer,8192,42,10,152203.3,19316.55845267359,158486.0,58.64,2.03,59.13,86.66,18.14,NVIDIA RTX PRO 6000 Blackwell Server Edition,94.97,INTEL(R) XEON(R) GOLD 5512U,56,251.36,13.3.1,NVIDIA-Linux-x86_64-595.58.03,b8e83fdb33187b923d0c125c0f3b8bbe3b327524,230112,2026-09-21T03:55:16.068696,rgb,ISAAC_LAB_SINGLE_GPU_GTL_PRESET_NEWTON_WARP_RGB_E8192_R64,benchmark_rsl_rl_Isaac-Cartpole-Camera-Direct_r64_8192,2026-09-20,,dirty working tree reported; resolved camera dimensions not recorded; fixed profile selected by explicit preset,606581.7601875141,73656.63950326646,631503.1009236963,database,database
2026-09-21,measured,2026-09-21T11:10:07.070423Z,Isaac-Cartpole-Camera-Direct,training,rsl_rl,newton_mjwarp,ovrtx,8192,42,10,97581.7,9497.48820653826,103471.0,62.74,2.24,63.51,62.23,30.37,NVIDIA RTX PRO 6000 Blackwell Server Edition,94.97,INTEL(R) XEON(R) GOLD 5512U,56,251.36,13.3.1,NVIDIA-Linux-x86_64-595.58.03,b8e83fdb33187b923d0c125c0f3b8bbe3b327524,230144,2026-09-21T04:07:07.839196,simple_shading_full_mdl,ISAAC_LAB_SINGLE_GPU_GTL_PRESET_NEWTON_OVRTX_SSFM_E8192_R64,benchmark_rsl_rl_Isaac-Cartpole-Camera-Direct_r64_8192,2026-09-20,,dirty working tree reported; resolved camera dimensions not recorded; fixed profile selected by explicit preset,190900.562626802,12042.183429145347,204941.07382507052,database,database
2026-09-21,measured,2026-09-21T05:37:57.822619Z,Isaac-Cartpole-Camera-Direct,training,rsl_rl,ovphysx,ovrtx,8192,42,10,92249.3,8492.049131720538,97251.0,65.68,2.25,66.37,58.98,31.88,NVIDIA RTX PRO 6000 Blackwell Server Edition,94.97,INTEL(R) XEON(R) GOLD 5512U,56,251.36,13.3.1,NVIDIA-Linux-x86_64-595.58.03,b8e83fdb33187b923d0c125c0f3b8bbe3b327524,228869,2026-09-20T22:33:41.349405,simple_shading_full_mdl,ISAAC_LAB_SINGLE_GPU_GTL_PRESET_OVPHYSX_OVRTX_SSFM_E8192_R64,benchmark_rsl_rl_Isaac-Cartpole-Camera-Direct_r64_8192,2026-09-20,,dirty working tree reported; resolved camera dimensions not recorded; fixed profile selected by explicit preset,171427.96931226677,9006.469671765024,182056.7807114909,database,database
2026-09-21,measured,2026-09-21T08:52:54.216376Z,Isaac-Cartpole-Direct,training,rsl_rl,isaacsim_physx,none,8192,42,10,546614.9,135041.19722715896,610868.0,7.15,0.04,7.17,14.0,8.76,NVIDIA RTX PRO 6000 Blackwell Server Edition,94.97,INTEL(R) XEON(R) GOLD 5512U,56,251.36,13.3.1,NVIDIA-Linux-x86_64-595.58.03,b8e83fdb33187b923d0c125c0f3b8bbe3b327524,229632,2026-09-21T01:52:09.798241,,ISAAC_LAB_SINGLE_GPU_GTL_PRESET_PHYSX_E8192,benchmark_rsl_rl_Isaac-Cartpole-Direct_8192,2026-09-20,,dirty working tree reported,835030.6159475923,195959.3955303696,943955.3394734854,database,database
2026-09-21,measured,2026-09-21T09:27:37.556201Z,Isaac-Cartpole-Direct,training,rsl_rl,newton_mjwarp,none,8192,42,10,1018800.9,288360.87784019293,1119366.0,0.98,0.06,1.01,16.67,14.43,NVIDIA RTX PRO 6000 Blackwell Server Edition,94.97,INTEL(R) XEON(R) GOLD 5512U,56,251.36,13.3.1,NVIDIA-Linux-x86_64-595.58.03,b8e83fdb33187b923d0c125c0f3b8bbe3b327524,229769,2026-09-21T02:26:59.195198,,ISAAC_LAB_SINGLE_GPU_GTL_PRESET_NEWTON_MJWARP_E8192,benchmark_rsl_rl_Isaac-Cartpole-Direct_8192,2026-09-20,,dirty working tree reported; Total FPS coefficient of variation >25%; Collection FPS coefficient of variation >25%,2105475.979439163,604168.6063444602,2312016.1067196005,database,database
2026-09-21,measured,2026-09-21T09:57:40.424Z,Isaac-Cartpole-Direct,training,rsl_rl,ovphysx,none,8192,42,10,666108.2,172185.48402864215,740135.0,4.03,0.03,4.04,15.0,10.0,NVIDIA RTX PRO 6000 Blackwell Server Edition,94.97,INTEL(R) XEON(R) GOLD 5512U,56,251.36,13.3.1,NVIDIA-Linux-x86_64-595.58.03,b8e83fdb33187b923d0c125c0f3b8bbe3b327524,229906,2026-09-21T02:56:58.071723,,ISAAC_LAB_SINGLE_GPU_GTL_PRESET_OVPHYSX_E8192,benchmark_rsl_rl_Isaac-Cartpole-Direct_8192,2026-09-20,,dirty working tree reported; Total FPS coefficient of variation >25%,987526.8328861238,240254.8751664563,1106001.6454313914,database,database
2026-09-21,measured,2026-09-21T08:56:54.333169Z,Isaac-Humanoid,training,rsl_rl,isaacsim_physx,none,8192,42,10,261377.8,51822.07276784242,284724.0,9.73,0.62,10.0,24.36,15.34,NVIDIA RTX PRO 6000 Blackwell Server Edition,94.97,INTEL(R) XEON(R) GOLD 5512U,56,251.36,13.3.1,NVIDIA-Linux-x86_64-595.58.03,b8e83fdb33187b923d0c125c0f3b8bbe3b327524,229649,2026-09-21T01:54:11.659602,,ISAAC_LAB_SINGLE_GPU_GTL_PRESET_PHYSX_E8192,benchmark_rsl_rl_Isaac-Humanoid_8192,2026-09-20,,dirty working tree reported,296703.7112504378,56430.93634330591,330208.85910697095,database,database
2026-09-21,measured,2026-09-21T09:27:52.314044Z,Isaac-Humanoid,training,rsl_rl,newton_mjwarp,none,8192,42,10,530883.6,130712.70950549019,574321.0,2.97,0.65,3.35,45.14,30.5,NVIDIA RTX PRO 6000 Blackwell Server Edition,94.97,INTEL(R) XEON(R) GOLD 5512U,56,251.36,13.3.1,NVIDIA-Linux-x86_64-595.58.03,b8e83fdb33187b923d0c125c0f3b8bbe3b327524,229770,2026-09-21T02:26:46.910298,,ISAAC_LAB_SINGLE_GPU_GTL_PRESET_NEWTON_MJWARP_E8192,benchmark_rsl_rl_Isaac-Humanoid_8192,2026-09-20,,dirty working tree reported,675428.4896595139,166660.96103045475,731683.4048878197,database,database
2026-09-21,measured,2026-09-21T09:59:57.942543Z,Isaac-Humanoid,training,rsl_rl,ovphysx,none,8192,42,10,307905.6,64451.206995335284,340821.0,7.1,0.66,7.41,28.7,21.64,NVIDIA RTX PRO 6000 Blackwell Server Edition,94.97,INTEL(R) XEON(R) GOLD 5512U,56,251.36,13.3.1,NVIDIA-Linux-x86_64-595.58.03,b8e83fdb33187b923d0c125c0f3b8bbe3b327524,229914,2026-09-21T02:57:06.616709,,ISAAC_LAB_SINGLE_GPU_GTL_PRESET_OVPHYSX_E8192,benchmark_rsl_rl_Isaac-Humanoid_8192,2026-09-20,,dirty working tree reported,351280.5139788799,71325.72525164421,390652.3088305674,database,database
2026-09-21,measured,2026-09-21T08:56:54.333169Z,Isaac-Humanoid-Direct,training,rsl_rl,isaacsim_physx,none,8192,42,10,289765.1,45303.01936086723,319514.0,9.71,0.65,10.02,29.2,15.84,NVIDIA RTX PRO 6000 Blackwell Server Edition,94.97,INTEL(R) XEON(R) GOLD 5512U,56,251.36,13.3.1,NVIDIA-Linux-x86_64-595.58.03,b8e83fdb33187b923d0c125c0f3b8bbe3b327524,229649,2026-09-21T01:55:24.985039,,ISAAC_LAB_SINGLE_GPU_GTL_PRESET_PHYSX_E8192,benchmark_rsl_rl_Isaac-Humanoid-Direct_8192,2026-09-20,,dirty working tree reported,336450.56218965637,45936.38536508903,368721.3662217912,database,database
2026-09-21,measured,2026-09-21T09:28:24.037318Z,Isaac-Humanoid-Direct,training,rsl_rl,newton_mjwarp,none,8192,42,10,644398.7,139490.74714359292,692532.0,3.11,0.58,3.35,50.5,37.59,NVIDIA RTX PRO 6000 Blackwell Server Edition,94.97,INTEL(R) XEON(R) GOLD 5512U,56,251.36,13.3.1,NVIDIA-Linux-x86_64-595.58.03,b8e83fdb33187b923d0c125c0f3b8bbe3b327524,229772,2026-09-21T02:27:42.829560,,ISAAC_LAB_SINGLE_GPU_GTL_PRESET_NEWTON_MJWARP_E8192,benchmark_rsl_rl_Isaac-Humanoid-Direct_8192,2026-09-20,,dirty working tree reported,867901.292150166,175748.22587857206,930489.9832911324,database,database
2026-09-21,measured,2026-09-21T09:59:57.942543Z,Isaac-Humanoid-Direct,training,rsl_rl,ovphysx,none,8192,42,10,338343.6,55377.61151544508,368397.0,7.04,0.69,7.38,28.22,10.52,NVIDIA RTX PRO 6000 Blackwell Server Edition,94.97,INTEL(R) XEON(R) GOLD 5512U,56,251.36,13.3.1,NVIDIA-Linux-x86_64-595.58.03,b8e83fdb33187b923d0c125c0f3b8bbe3b327524,229914,2026-09-21T02:58:22.465268,,ISAAC_LAB_SINGLE_GPU_GTL_PRESET_OVPHYSX_E8192,benchmark_rsl_rl_Isaac-Humanoid-Direct_8192,2026-09-20,,dirty working tree reported,394343.451553744,52820.42123902971,427744.9802356288,database,database
2026-09-21,measured,2026-09-21T08:55:38.797021Z,Isaac-Lift-Franka,training,rsl_rl,isaacsim_physx,none,8192,42,10,144023.1,15997.976625186075,152013.0,14.87,1.35,15.46,48.28,14.6,NVIDIA RTX PRO 6000 Blackwell Server Edition,94.97,INTEL(R) XEON(R) GOLD 5512U,56,251.36,13.3.1,NVIDIA-Linux-x86_64-595.58.03,b8e83fdb33187b923d0c125c0f3b8bbe3b327524,229648,2026-09-21T01:52:42.648486,,ISAAC_LAB_SINGLE_GPU_GTL_PRESET_PHYSX_E8192,benchmark_rsl_rl_Isaac-Lift-Franka_8192,2026-09-20,,dirty working tree reported,168064.07247820802,19029.759030035468,179004.7227403274,database,database
2026-09-21,measured,2026-09-21T09:31:58.485739Z,Isaac-Lift-Franka,training,rsl_rl,newton_mjwarp,none,8192,42,10,237449.2,32443.994362251047,249308.0,7.15,1.35,7.71,74.54,17.99,NVIDIA RTX PRO 6000 Blackwell Server Edition,94.97,INTEL(R) XEON(R) GOLD 5512U,56,251.36,13.3.1,NVIDIA-Linux-x86_64-595.58.03,b8e83fdb33187b923d0c125c0f3b8bbe3b327524,229790,2026-09-21T02:30:52.237860,,ISAAC_LAB_SINGLE_GPU_GTL_PRESET_NEWTON_MJWARP_E8192,benchmark_rsl_rl_Isaac-Lift-Franka_8192,2026-09-20,,dirty working tree reported,301893.1706515454,43167.70963051314,318456.1651030765,database,database
2026-09-21,measured,2026-09-21T10:00:41.175675Z,Isaac-Lift-Franka,training,rsl_rl,ovphysx,none,8192,42,10,54942.3,2480.461294463861,56662.0,12.12,1.1,12.52,18.49,20.05,NVIDIA RTX PRO 6000 Blackwell Server Edition,94.97,INTEL(R) XEON(R) GOLD 5512U,56,251.36,13.3.1,NVIDIA-Linux-x86_64-595.58.03,b8e83fdb33187b923d0c125c0f3b8bbe3b327524,229917,2026-09-21T02:57:26.990149,,ISAAC_LAB_SINGLE_GPU_GTL_PRESET_OVPHYSX_E8192,benchmark_rsl_rl_Isaac-Lift-Franka_8192,2026-09-20,,dirty working tree reported,57797.22311667708,2391.268890989338,59578.935959959046,database,database
2026-09-21,measured,2026-09-21T08:59:47.453026Z,Isaac-Lift-KukaAllegro,training,rsl_rl,isaacsim_physx,none,8192,42,10,61979.7,3901.807161075778,64999.0,17.36,1.5,17.93,74.89,14.63,NVIDIA RTX PRO 6000 Blackwell Server Edition,94.97,INTEL(R) XEON(R) GOLD 5512U,56,251.36,13.3.1,NVIDIA-Linux-x86_64-595.58.03,b8e83fdb33187b923d0c125c0f3b8bbe3b327524,229658,2026-09-21T01:55:11.835851,,ISAAC_LAB_SINGLE_GPU_GTL_PRESET_PHYSX_E8192,benchmark_rsl_rl_Isaac-Lift-KukaAllegro_8192,2026-09-20,,dirty working tree reported,66690.453291802,3793.636492376566,69688.84420331536,database,database
2026-09-21,measured,2026-09-21T09:33:12.78834Z,Isaac-Lift-KukaAllegro,training,rsl_rl,newton_mjwarp,none,8192,42,10,166754.8,21790.624348813668,175252.0,9.59,1.75,10.38,66.47,19.27,NVIDIA RTX PRO 6000 Blackwell Server Edition,94.97,INTEL(R) XEON(R) GOLD 5512U,56,251.36,13.3.1,NVIDIA-Linux-x86_64-595.58.03,b8e83fdb33187b923d0c125c0f3b8bbe3b327524,229793,2026-09-21T02:31:46.512443,,ISAAC_LAB_SINGLE_GPU_GTL_PRESET_NEWTON_MJWARP_E8192,benchmark_rsl_rl_Isaac-Lift-KukaAllegro_8192,2026-09-20,,dirty working tree reported,201095.78429642867,27473.338314182787,212226.88556642746,database,database
2026-09-21,measured,2026-09-21T10:02:20.507915Z,Isaac-Lift-KukaAllegro,training,rsl_rl,ovphysx,none,8192,42,10,33256.6,624.3679826654933,34176.0,15.39,1.44,16.07,54.14,27.48,NVIDIA RTX PRO 6000 Blackwell Server Edition,94.97,INTEL(R) XEON(R) GOLD 5512U,56,251.36,13.3.1,NVIDIA-Linux-x86_64-595.58.03,b8e83fdb33187b923d0c125c0f3b8bbe3b327524,229928,2026-09-21T02:58:35.728139,,ISAAC_LAB_SINGLE_GPU_GTL_PRESET_OVPHYSX_E8192,benchmark_rsl_rl_Isaac-Lift-KukaAllegro_8192,2026-09-20,,dirty working tree reported,34432.04329501339,580.256755649449,35373.0798291352,database,database
2026-09-21,measured,2026-09-21T11:18:26.065385Z,Isaac-Lift-KukaAllegro-Camera,training,rsl_rl,isaacsim_physx,isaacsim_rtx,8192,42,10,17288.4,3369.1290401064916,18457.0,33.58,2.58,38.1,35.19,35.21,NVIDIA RTX PRO 6000 Blackwell Server Edition,94.97,INTEL(R) XEON(R) GOLD 5512U,56,251.36,13.3.1,NVIDIA-Linux-x86_64-595.58.03,b8e83fdb33187b923d0c125c0f3b8bbe3b327524,230172,2026-09-21T04:09:45.643907,"cube,simple_shading_full_mdl64,single_camera",ISAAC_LAB_SINGLE_GPU_GTL_PRESET_PHYSX_ISAACSIMRTX_SSFM_E8192_R64,benchmark_rsl_rl_Isaac-Lift-KukaAllegro-Camera_cube_single_camera_simple_shading_full_mdl64_r64_8192,2026-09-20,,dirty working tree reported; resolved camera dimensions not recorded; fixed profile selected by explicit preset,18517.552651302223,3636.5887283148963,19810.45491919654,database,database
2026-09-21,measured,2026-09-21T01:09:29.137799Z,Isaac-Lift-KukaAllegro-Camera,training,rsl_rl,newton_mjwarp,newton_renderer,8192,42,10,97474.4,13057.378962784904,102381.0,24.68,2.11,28.58,80.29,23.32,NVIDIA RTX PRO 6000 Blackwell Server Edition,94.97,INTEL(R) XEON(R) GOLD 5512U,56,251.36,13.3.1,NVIDIA-Linux-x86_64-595.58.03,b8e83fdb33187b923d0c125c0f3b8bbe3b327524,228212,2026-09-20T18:04:23.636846,"cube,rgb64,single_camera",ISAAC_LAB_SINGLE_GPU_GTL_PRESET_NEWTON_WARP_RGB_E8192_R64,benchmark_rsl_rl_Isaac-Lift-KukaAllegro-Camera_cube_single_camera_rgb64_r64_8192,2026-09-20,,dirty working tree reported; resolved camera dimensions not recorded; fixed profile selected by explicit preset,149983.39563177587,17426.434491359134,157216.74086436693,database,database
2026-09-21,measured,2026-09-21T11:05:28.945834Z,Isaac-Lift-KukaAllegro-Camera,training,rsl_rl,newton_mjwarp,ovrtx,8192,42,10,67037.0,7107.043485944849,70326.0,29.98,2.0,33.86,60.05,24.76,NVIDIA RTX PRO 6000 Blackwell Server Edition,94.97,INTEL(R) XEON(R) GOLD 5512U,56,251.36,13.3.1,NVIDIA-Linux-x86_64-595.58.03,b8e83fdb33187b923d0c125c0f3b8bbe3b327524,230135,2026-09-21T04:03:04.250154,"cube,simple_shading_full_mdl64,single_camera",ISAAC_LAB_SINGLE_GPU_GTL_PRESET_NEWTON_OVRTX_SSFM_E8192_R64,benchmark_rsl_rl_Isaac-Lift-KukaAllegro-Camera_cube_single_camera_simple_shading_full_mdl64_r64_8192,2026-09-20,,dirty working tree reported; resolved camera dimensions not recorded; fixed profile selected by explicit preset,88549.38148312597,7267.67848750343,92618.31245373345,database,database
2026-09-21,measured,2026-09-21T05:37:02.067769Z,Isaac-Lift-KukaAllegro-Camera,training,rsl_rl,ovphysx,ovrtx,8192,42,10,24195.4,1073.9625691801368,24817.0,35.38,1.85,36.03,49.54,33.01,NVIDIA RTX PRO 6000 Blackwell Server Edition,94.97,INTEL(R) XEON(R) GOLD 5512U,56,251.36,13.3.1,NVIDIA-Linux-x86_64-595.58.03,b8e83fdb33187b923d0c125c0f3b8bbe3b327524,228863,2026-09-20T22:32:01.304211,"cube,simple_shading_full_mdl64,single_camera",ISAAC_LAB_SINGLE_GPU_GTL_PRESET_OVPHYSX_OVRTX_SSFM_E8192_R64,benchmark_rsl_rl_Isaac-Lift-KukaAllegro-Camera_cube_single_camera_simple_shading_full_mdl64_r64_8192,2026-09-20,,dirty working tree reported; resolved camera dimensions not recorded; fixed profile selected by explicit preset,26590.600440308383,679.0019873043034,27124.736940348215,database,database
2026-09-21,measured,2026-09-21T09:02:08.437025Z,Isaac-Open-Drawer-Franka,training,rsl_rl,isaacsim_physx,none,8192,42,10,243620.4,21331.811004017243,263882.0,11.61,0.72,11.88,61.0,13.17,NVIDIA RTX PRO 6000 Blackwell Server Edition,94.97,INTEL(R) XEON(R) GOLD 5512U,56,251.36,13.3.1,NVIDIA-Linux-x86_64-595.58.03,b8e83fdb33187b923d0c125c0f3b8bbe3b327524,229667,2026-09-21T01:57:24.426720,,ISAAC_LAB_SINGLE_GPU_GTL_PRESET_PHYSX_E8192,benchmark_rsl_rl_Isaac-Open-Drawer-Franka_8192,2026-09-20,,dirty working tree reported,258636.7238168672,20507.822792621704,279661.208956898,database,database
2026-09-21,measured,2026-09-21T09:33:59.452518Z,Isaac-Open-Drawer-Franka,training,rsl_rl,newton_mjwarp,none,8192,42,10,332176.3,22440.753612073233,340927.0,7.51,1.29,7.91,73.04,15.44,NVIDIA RTX PRO 6000 Blackwell Server Edition,94.97,INTEL(R) XEON(R) GOLD 5512U,56,251.36,13.3.1,NVIDIA-Linux-x86_64-595.58.03,b8e83fdb33187b923d0c125c0f3b8bbe3b327524,229797,2026-09-21T02:32:13.708577,,ISAAC_LAB_SINGLE_GPU_GTL_PRESET_NEWTON_MJWARP_E8192,benchmark_rsl_rl_Isaac-Open-Drawer-Franka_8192,2026-09-20,,dirty working tree reported,358362.2532592116,17226.256834404565,365533.7898619054,database,database
2026-09-21,measured,2026-09-21T10:02:29.328963Z,Isaac-Open-Drawer-Franka,training,rsl_rl,ovphysx,none,8192,42,10,279365.5,18013.47493313455,292234.0,8.79,0.65,9.01,58.07,11.73,NVIDIA RTX PRO 6000 Blackwell Server Edition,94.97,INTEL(R) XEON(R) GOLD 5512U,56,251.36,13.3.1,NVIDIA-Linux-x86_64-595.58.03,b8e83fdb33187b923d0c125c0f3b8bbe3b327524,229929,2026-09-21T02:58:07.870034,,ISAAC_LAB_SINGLE_GPU_GTL_PRESET_OVPHYSX_E8192,benchmark_rsl_rl_Isaac-Open-Drawer-Franka_8192,2026-09-20,,dirty working tree reported,298043.09878912714,13710.289095909886,310330.1529175289,database,database
2026-09-21,measured,2026-09-21T09:02:08.437025Z,Isaac-Open-Drawer-Franka-Direct,training,rsl_rl,isaacsim_physx,none,8192,42,10,241991.5,22155.663706550924,257470.0,11.6,0.72,11.87,59.65,11.97,NVIDIA RTX PRO 6000 Blackwell Server Edition,94.97,INTEL(R) XEON(R) GOLD 5512U,56,251.36,13.3.1,NVIDIA-Linux-x86_64-595.58.03,b8e83fdb33187b923d0c125c0f3b8bbe3b327524,229667,2026-09-21T01:59:37.694686,,ISAAC_LAB_SINGLE_GPU_GTL_PRESET_PHYSX_E8192,benchmark_rsl_rl_Isaac-Open-Drawer-Franka-Direct_8192,2026-09-20,,dirty working tree reported,256949.38908241913,21416.57699035539,273781.1396983683,database,database
2026-09-21,measured,2026-09-21T09:33:59.452518Z,Isaac-Open-Drawer-Franka-Direct,training,rsl_rl,newton_mjwarp,none,8192,42,10,345512.0,25314.76036272558,356560.0,7.46,1.32,7.88,75.92,16.42,NVIDIA RTX PRO 6000 Blackwell Server Edition,94.97,INTEL(R) XEON(R) GOLD 5512U,56,251.36,13.3.1,NVIDIA-Linux-x86_64-595.58.03,b8e83fdb33187b923d0c125c0f3b8bbe3b327524,229797,2026-09-21T02:32:57.325290,,ISAAC_LAB_SINGLE_GPU_GTL_PRESET_NEWTON_MJWARP_E8192,benchmark_rsl_rl_Isaac-Open-Drawer-Franka-Direct_8192,2026-09-20,,dirty working tree reported,373555.11631513096,20191.804426211547,383437.14177201537,database,database
2026-09-21,measured,2026-09-21T10:02:29.328963Z,Isaac-Open-Drawer-Franka-Direct,training,rsl_rl,ovphysx,none,8192,42,10,278480.9,19514.292861330585,293692.0,8.85,0.69,9.21,62.04,14.8,NVIDIA RTX PRO 6000 Blackwell Server Edition,94.97,INTEL(R) XEON(R) GOLD 5512U,56,251.36,13.3.1,NVIDIA-Linux-x86_64-595.58.03,b8e83fdb33187b923d0c125c0f3b8bbe3b327524,229929,2026-09-21T03:00:09.824829,,ISAAC_LAB_SINGLE_GPU_GTL_PRESET_OVPHYSX_E8192,benchmark_rsl_rl_Isaac-Open-Drawer-Franka-Direct_8192,2026-09-20,,dirty working tree reported,297032.1382641187,16068.282602826466,311936.86424237024,database,database
2026-09-21,measured,2026-09-21T09:01:06.732738Z,Isaac-Reach-Franka,training,rsl_rl,isaacsim_physx,none,8192,42,10,248925.2,60403.31549178406,281150.0,7.93,0.11,7.99,26.3,11.94,NVIDIA RTX PRO 6000 Blackwell Server Edition,94.97,INTEL(R) XEON(R) GOLD 5512U,56,251.36,13.3.1,NVIDIA-Linux-x86_64-595.58.03,b8e83fdb33187b923d0c125c0f3b8bbe3b327524,229663,2026-09-21T01:58:06.926848,,ISAAC_LAB_SINGLE_GPU_GTL_PRESET_PHYSX_E8192,benchmark_rsl_rl_Isaac-Reach-Franka_8192,2026-09-20,,dirty working tree reported,297803.1306446614,72285.61381614271,339123.77586998185,database,database
2026-09-21,measured,2026-09-21T09:35:58.695869Z,Isaac-Reach-Franka,training,rsl_rl,newton_mjwarp,none,8192,42,10,456728.0,125936.28609296404,501058.0,2.3,0.44,2.5,39.71,35.21,NVIDIA RTX PRO 6000 Blackwell Server Edition,94.97,INTEL(R) XEON(R) GOLD 5512U,56,251.36,13.3.1,NVIDIA-Linux-x86_64-595.58.03,b8e83fdb33187b923d0c125c0f3b8bbe3b327524,229806,2026-09-21T02:34:53.930484,,ISAAC_LAB_SINGLE_GPU_GTL_PRESET_NEWTON_MJWARP_E8192,benchmark_rsl_rl_Isaac-Reach-Franka_8192,2026-09-20,,dirty working tree reported; Total FPS coefficient of variation >25%; Collection FPS coefficient of variation >25%,595368.0853962186,167638.41873350405,652871.1545292173,database,database
2026-09-21,measured,2026-09-21T10:01:59.91327Z,Isaac-Reach-Franka,training,rsl_rl,ovphysx,none,8192,42,10,282498.7,69692.45419388433,309227.0,5.14,0.13,5.22,28.89,16.71,NVIDIA RTX PRO 6000 Blackwell Server Edition,94.97,INTEL(R) XEON(R) GOLD 5512U,56,251.36,13.3.1,NVIDIA-Linux-x86_64-595.58.03,b8e83fdb33187b923d0c125c0f3b8bbe3b327524,229925,2026-09-21T02:59:48.109659,,ISAAC_LAB_SINGLE_GPU_GTL_PRESET_OVPHYSX_E8192,benchmark_rsl_rl_Isaac-Reach-Franka_8192,2026-09-20,,dirty working tree reported,332030.32725159725,81722.0830126724,365410.40558719175,database,database
2026-09-21,measured,2026-09-21T09:01:06.732738Z,Isaac-Reach-Franka-OSC,training,rsl_rl,isaacsim_physx,none,8192,42,10,127173.3,22180.3592649493,136586.0,8.36,0.23,8.47,28.19,10.43,NVIDIA RTX PRO 6000 Blackwell Server Edition,94.97,INTEL(R) XEON(R) GOLD 5512U,56,251.36,13.3.1,NVIDIA-Linux-x86_64-595.58.03,b8e83fdb33187b923d0c125c0f3b8bbe3b327524,229663,2026-09-21T01:59:21.771167,,ISAAC_LAB_SINGLE_GPU_GTL_PRESET_PHYSX_E8192,benchmark_rsl_rl_Isaac-Reach-Franka-OSC_8192,2026-09-20,,dirty working tree reported,139073.45280364348,23412.71673770628,149260.61833506462,database,database
2026-09-21,measured,2026-09-21T09:35:58.695869Z,Isaac-Reach-Franka-OSC,training,rsl_rl,newton_mjwarp,none,8192,42,10,290508.6,69951.51771556576,314131.0,2.4,0.41,2.56,33.89,23.27,NVIDIA RTX PRO 6000 Blackwell Server Edition,94.97,INTEL(R) XEON(R) GOLD 5512U,56,251.36,13.3.1,NVIDIA-Linux-x86_64-595.58.03,b8e83fdb33187b923d0c125c0f3b8bbe3b327524,229806,2026-09-21T02:35:15.630142,,ISAAC_LAB_SINGLE_GPU_GTL_PRESET_NEWTON_MJWARP_E8192,benchmark_rsl_rl_Isaac-Reach-Franka-OSC_8192,2026-09-20,,dirty working tree reported,343186.28586071334,82593.65012778636,371380.6819830539,database,database
2026-09-21,measured,2026-09-21T10:01:59.91327Z,Isaac-Reach-Franka-OSC,training,rsl_rl,ovphysx,none,8192,42,10,143272.6,25889.65283317299,153775.0,5.48,0.25,5.63,32.53,13.09,NVIDIA RTX PRO 6000 Blackwell Server Edition,94.97,INTEL(R) XEON(R) GOLD 5512U,56,251.36,13.3.1,NVIDIA-Linux-x86_64-595.58.03,b8e83fdb33187b923d0c125c0f3b8bbe3b327524,229925,2026-09-21T03:00:40.740262,,ISAAC_LAB_SINGLE_GPU_GTL_PRESET_OVPHYSX_E8192,benchmark_rsl_rl_Isaac-Reach-Franka-OSC_8192,2026-09-20,,dirty working tree reported,155044.13395921947,26841.234815646883,166225.36319381537,database,database
2026-09-21,measured,2026-09-21T08:58:20.451444Z,Isaac-Reach-UR10,training,rsl_rl,isaacsim_physx,none,8192,42,10,248800.4,60723.6640495285,282284.0,8.4,0.4,8.59,44.5,22.96,NVIDIA RTX PRO 6000 Blackwell Server Edition,94.97,INTEL(R) XEON(R) GOLD 5512U,56,251.36,13.3.1,NVIDIA-Linux-x86_64-595.58.03,b8e83fdb33187b923d0c125c0f3b8bbe3b327524,229651,2026-09-21T01:56:59.629092,,ISAAC_LAB_SINGLE_GPU_GTL_PRESET_PHYSX_E8192,benchmark_rsl_rl_Isaac-Reach-UR10_8192,2026-09-20,,dirty working tree reported,298336.45116707607,73139.52196430664,341219.7926001449,database,database
2026-09-21,measured,2026-09-21T09:33:46.071316Z,Isaac-Reach-UR10,training,rsl_rl,newton_mjwarp,none,8192,42,10,534964.3,151978.8147005657,589656.0,2.67,0.72,3.0,33.17,30.99,NVIDIA RTX PRO 6000 Blackwell Server Edition,94.97,INTEL(R) XEON(R) GOLD 5512U,56,251.36,13.3.1,NVIDIA-Linux-x86_64-595.58.03,b8e83fdb33187b923d0c125c0f3b8bbe3b327524,229796,2026-09-21T02:33:06.618541,,ISAAC_LAB_SINGLE_GPU_GTL_PRESET_NEWTON_MJWARP_E8192,benchmark_rsl_rl_Isaac-Reach-UR10_8192,2026-09-20,,dirty working tree reported; Total FPS coefficient of variation >25%; Collection FPS coefficient of variation >25%,748093.9609575777,219282.04299370214,833503.8690059615,database,database
2026-09-21,measured,2026-09-21T10:00:21.331538Z,Isaac-Reach-UR10,training,rsl_rl,ovphysx,none,8192,42,10,280026.2,69160.00944315853,313971.0,5.51,0.1,5.56,47.11,23.39,NVIDIA RTX PRO 6000 Blackwell Server Edition,94.97,INTEL(R) XEON(R) GOLD 5512U,56,251.36,13.3.1,NVIDIA-Linux-x86_64-595.58.03,b8e83fdb33187b923d0c125c0f3b8bbe3b327524,229916,2026-09-21T02:59:15.814751,,ISAAC_LAB_SINGLE_GPU_GTL_PRESET_OVPHYSX_E8192,benchmark_rsl_rl_Isaac-Reach-UR10_8192,2026-09-20,,dirty working tree reported,329777.89654836047,81616.67523259606,371882.788579345,database,database
2026-09-21,measured,2026-09-21T09:01:41.49933Z,Isaac-Reorient-Cube-Allegro,training,rsl_rl,isaacsim_physx,none,8192,42,10,113035.3,14063.608996666222,119902.0,10.11,0.58,10.36,49.71,12.55,NVIDIA RTX PRO 6000 Blackwell Server Edition,94.97,INTEL(R) XEON(R) GOLD 5512U,56,251.36,13.3.1,NVIDIA-Linux-x86_64-595.58.03,b8e83fdb33187b923d0c125c0f3b8bbe3b327524,229665,2026-09-21T01:57:20.176015,,ISAAC_LAB_SINGLE_GPU_GTL_PRESET_PHYSX_E8192,benchmark_rsl_rl_Isaac-Reorient-Cube-Allegro_8192,2026-09-20,,dirty working tree reported,121224.68357388313,12389.25067398177,127848.78194860181,database,database
2026-09-21,measured,2026-09-21T09:36:34.671054Z,Isaac-Reorient-Cube-Allegro,training,rsl_rl,newton_mjwarp,none,8192,42,10,166009.6,19171.782756030916,173054.0,8.06,1.87,8.67,81.15,24.72,NVIDIA RTX PRO 6000 Blackwell Server Edition,94.97,INTEL(R) XEON(R) GOLD 5512U,56,251.36,13.3.1,NVIDIA-Linux-x86_64-595.58.03,b8e83fdb33187b923d0c125c0f3b8bbe3b327524,229808,2026-09-21T02:35:17.386293,,ISAAC_LAB_SINGLE_GPU_GTL_PRESET_NEWTON_MJWARP_E8192,benchmark_rsl_rl_Isaac-Reorient-Cube-Allegro_8192,2026-09-20,,dirty working tree reported,182105.75613602385,15854.580861062383,188235.88027993636,database,database
2026-09-21,measured,2026-09-21T10:01:36.738352Z,Isaac-Reorient-Cube-Allegro,training,rsl_rl,ovphysx,none,8192,42,10,121296.5,12854.243365519418,126559.0,7.58,0.53,7.77,48.12,13.58,NVIDIA RTX PRO 6000 Blackwell Server Edition,94.97,INTEL(R) XEON(R) GOLD 5512U,56,251.36,13.3.1,NVIDIA-Linux-x86_64-595.58.03,b8e83fdb33187b923d0c125c0f3b8bbe3b327524,229921,2026-09-21T02:58:10.784475,,ISAAC_LAB_SINGLE_GPU_GTL_PRESET_OVPHYSX_E8192,benchmark_rsl_rl_Isaac-Reorient-Cube-Allegro_8192,2026-09-20,,dirty working tree reported,129945.51367270178,10290.287108823128,134642.51813207555,database,database
2026-09-21,measured,2026-09-21T09:01:41.49933Z,Isaac-Reorient-Cube-Allegro-Direct,training,rsl_rl,isaacsim_physx,none,8192,42,10,101141.4,19349.554242353435,109841.0,10.23,0.82,10.64,46.21,19.92,NVIDIA RTX PRO 6000 Blackwell Server Edition,94.97,INTEL(R) XEON(R) GOLD 5512U,56,251.36,13.3.1,NVIDIA-Linux-x86_64-595.58.03,b8e83fdb33187b923d0c125c0f3b8bbe3b327524,229665,2026-09-21T01:59:22.964838,,ISAAC_LAB_SINGLE_GPU_GTL_PRESET_PHYSX_E8192,benchmark_rsl_rl_Isaac-Reorient-Cube-Allegro-Direct_8192,2026-09-20,,dirty working tree reported,113862.53312901105,22010.548306709607,123475.56487379123,database,database
2026-09-21,measured,2026-09-21T09:37:39.334663Z,Isaac-Reorient-Cube-Allegro-Direct,training,rsl_rl,newton_mjwarp,none,8192,42,10,140030.0,28895.263345015177,149739.0,8.23,2.14,9.02,68.82,34.36,NVIDIA RTX PRO 6000 Blackwell Server Edition,94.97,INTEL(R) XEON(R) GOLD 5512U,56,251.36,13.3.1,NVIDIA-Linux-x86_64-595.58.03,b8e83fdb33187b923d0c125c0f3b8bbe3b327524,229811,2026-09-21T02:36:50.092623,,ISAAC_LAB_SINGLE_GPU_GTL_PRESET_NEWTON_MJWARP_E8192,benchmark_rsl_rl_Isaac-Reorient-Cube-Allegro-Direct_8192,2026-09-20,,dirty working tree reported,163003.91791422013,34143.84432969373,174537.40184672747,database,database
2026-09-21,measured,2026-09-21T10:02:06.271947Z,Isaac-Reorient-Cube-Allegro-Direct,training,rsl_rl,ovphysx,none,8192,42,10,109531.0,20812.620738388523,118632.0,7.7,0.83,8.11,47.64,22.04,NVIDIA RTX PRO 6000 Blackwell Server Edition,94.97,INTEL(R) XEON(R) GOLD 5512U,56,251.36,13.3.1,NVIDIA-Linux-x86_64-595.58.03,b8e83fdb33187b923d0c125c0f3b8bbe3b327524,229926,2026-09-21T03:00:12.558332,,ISAAC_LAB_SINGLE_GPU_GTL_PRESET_OVPHYSX_E8192,benchmark_rsl_rl_Isaac-Reorient-Cube-Allegro-Direct_8192,2026-09-20,,dirty working tree reported,122835.82172927134,23546.095433239818,133496.1124177147,database,database
2026-09-21,measured,2026-09-21T09:02:42.300616Z,Isaac-Reorient-Cube-Shadow,training,rsl_rl,isaacsim_physx,none,8192,42,10,156162.2,30295.973281389503,178439.0,10.92,0.54,11.18,39.9,17.6,NVIDIA RTX PRO 6000 Blackwell Server Edition,94.97,INTEL(R) XEON(R) GOLD 5512U,56,251.36,13.3.1,NVIDIA-Linux-x86_64-595.58.03,b8e83fdb33187b923d0c125c0f3b8bbe3b327524,229676,2026-09-21T01:57:20.535536,,ISAAC_LAB_SINGLE_GPU_GTL_PRESET_PHYSX_E8192,benchmark_rsl_rl_Isaac-Reorient-Cube-Shadow_8192,2026-09-20,,dirty working tree reported,183674.8148649288,34438.549577501275,207645.35262246037,database,database
2026-09-21,measured,2026-09-21T09:37:51.242645Z,Isaac-Reorient-Cube-Shadow,training,rsl_rl,newton_mjwarp,none,8192,42,10,273431.4,52922.64928322802,293856.0,8.74,2.7,9.76,57.14,38.45,NVIDIA RTX PRO 6000 Blackwell Server Edition,94.97,INTEL(R) XEON(R) GOLD 5512U,56,251.36,13.3.1,NVIDIA-Linux-x86_64-595.58.03,b8e83fdb33187b923d0c125c0f3b8bbe3b327524,229814,2026-09-21T02:36:37.887885,,ISAAC_LAB_SINGLE_GPU_GTL_PRESET_NEWTON_MJWARP_E8192,benchmark_rsl_rl_Isaac-Reorient-Cube-Shadow_8192,2026-09-20,,dirty working tree reported,345955.97604280396,58645.627837481356,371242.91548919136,database,database
2026-09-21,measured,2026-09-21T10:06:15.049694Z,Isaac-Reorient-Cube-Shadow,training,rsl_rl,ovphysx,none,8192,42,10,170617.6,28810.080647810297,184917.0,7.86,0.59,8.15,39.11,16.26,NVIDIA RTX PRO 6000 Blackwell Server Edition,94.97,INTEL(R) XEON(R) GOLD 5512U,56,251.36,13.3.1,NVIDIA-Linux-x86_64-595.58.03,b8e83fdb33187b923d0c125c0f3b8bbe3b327524,229940,2026-09-21T03:01:27.999158,,ISAAC_LAB_SINGLE_GPU_GTL_PRESET_OVPHYSX_E8192,benchmark_rsl_rl_Isaac-Reorient-Cube-Shadow_8192,2026-09-20,,dirty working tree reported,197682.0581206489,29261.429662603066,213643.42769737763,database,database
2026-09-21,measured,2026-09-21T05:47:12.354535Z,Isaac-Reorient-Cube-Shadow-Camera,training,rsl_rl,isaacsim_physx,isaacsim_rtx,8192,42,10,39668.5,8144.187433037408,42754.0,18.31,2.37,19.57,37.45,20.52,NVIDIA RTX PRO 6000 Blackwell Server Edition,94.97,INTEL(R) XEON(R) GOLD 5512U,56,251.36,13.3.1,NVIDIA-Linux-x86_64-595.58.03,b8e83fdb33187b923d0c125c0f3b8bbe3b327524,228908,2026-09-20T22:40:33.582629,simple_shading_full_mdl,ISAAC_LAB_SINGLE_GPU_GTL_PRESET_PHYSX_ISAACSIMRTX_SSFM_E8192_R64,benchmark_rsl_rl_Isaac-Reorient-Cube-Shadow-Camera_r64_8192,2026-09-20,,dirty working tree reported; resolved camera dimensions not recorded; fixed profile selected by explicit preset,41503.850336213276,8647.144698625558,44772.155010107934,database,database
2026-09-21,measured,2026-09-21T00:28:27.161494Z,Isaac-Reorient-Cube-Shadow-Camera,training,rsl_rl,newton_mjwarp,newton_renderer,8192,42,10,122939.0,4289.737961435148,124782.0,16.15,2.08,16.7,90.49,2.79,NVIDIA RTX PRO 6000 Blackwell Server Edition,94.97,INTEL(R) XEON(R) GOLD 5512U,56,251.36,13.3.1,NVIDIA-Linux-x86_64-595.58.03,b8e83fdb33187b923d0c125c0f3b8bbe3b327524,228095,2026-09-20T17:25:45.634868,rgb,ISAAC_LAB_SINGLE_GPU_GTL_PRESET_NEWTON_WARP_RGB_E8192_R64,benchmark_rsl_rl_Isaac-Reorient-Cube-Shadow-Camera_r64_8192,2026-09-20,,dirty working tree reported; resolved camera dimensions not recorded; fixed profile selected by explicit preset,140954.7357765081,3935.523406014068,142763.55213982708,database,database
2026-09-21,measured,2026-09-21T05:30:59.058155Z,Isaac-Reorient-Cube-Shadow-Camera,training,rsl_rl,newton_mjwarp,ovrtx,8192,42,10,75718.1,3922.5136059533165,77689.0,20.74,1.97,21.31,56.48,14.16,NVIDIA RTX PRO 6000 Blackwell Server Edition,94.97,INTEL(R) XEON(R) GOLD 5512U,56,251.36,13.3.1,NVIDIA-Linux-x86_64-595.58.03,b8e83fdb33187b923d0c125c0f3b8bbe3b327524,228849,2026-09-20T22:27:47.023839,simple_shading_full_mdl,ISAAC_LAB_SINGLE_GPU_GTL_PRESET_NEWTON_OVRTX_SSFM_E8192_R64,benchmark_rsl_rl_Isaac-Reorient-Cube-Shadow-Camera_r64_8192,2026-09-20,,dirty working tree reported; resolved camera dimensions not recorded; fixed profile selected by explicit preset,82322.15713763426,3976.491725868315,84446.37997873157,database,database
2026-09-21,measured,2026-09-21T05:43:02.508762Z,Isaac-Reorient-Cube-Shadow-Camera,training,rsl_rl,ovphysx,ovrtx,8192,42,10,63609.9,3347.983553988546,65354.0,19.27,1.48,19.76,43.32,14.8,NVIDIA RTX PRO 6000 Blackwell Server Edition,94.97,INTEL(R) XEON(R) GOLD 5512U,56,251.36,13.3.1,NVIDIA-Linux-x86_64-595.58.03,b8e83fdb33187b923d0c125c0f3b8bbe3b327524,228894,2026-09-20T22:38:28.137659,simple_shading_full_mdl,ISAAC_LAB_SINGLE_GPU_GTL_PRESET_OVPHYSX_OVRTX_SSFM_E8192_R64,benchmark_rsl_rl_Isaac-Reorient-Cube-Shadow-Camera_r64_8192,2026-09-20,,dirty working tree reported; resolved camera dimensions not recorded; fixed profile selected by explicit preset,68171.92584169126,3503.4857208960584,70067.46082260304,database,database
2026-09-21,measured,2026-09-21T05:47:12.354535Z,Isaac-Reorient-Cube-Shadow-Camera-Direct,training,rsl_rl,isaacsim_physx,isaacsim_rtx,8192,42,10,39103.5,7684.36094718791,41849.0,18.48,2.26,19.65,41.51,22.71,NVIDIA RTX PRO 6000 Blackwell Server Edition,94.97,INTEL(R) XEON(R) GOLD 5512U,56,251.36,13.3.1,NVIDIA-Linux-x86_64-595.58.03,b8e83fdb33187b923d0c125c0f3b8bbe3b327524,228908,2026-09-20T22:34:39.809784,simple_shading_full_mdl,ISAAC_LAB_SINGLE_GPU_GTL_PRESET_PHYSX_ISAACSIMRTX_SSFM_E8192_R64,benchmark_rsl_rl_Isaac-Reorient-Cube-Shadow-Camera-Direct_r64_8192,2026-09-20,,dirty working tree reported; resolved camera dimensions not recorded; fixed profile selected by explicit preset,40906.304196374156,8184.784917429933,43777.979697106566,database,database
2026-09-21,measured,2026-09-21T10:57:44.343914Z,Isaac-Reorient-Cube-Shadow-Camera-Direct,training,rsl_rl,newton_mjwarp,newton_renderer,8192,42,10,120374.1,9145.683176595758,123452.0,16.12,2.1,16.71,88.2,14.52,NVIDIA RTX PRO 6000 Blackwell Server Edition,94.97,INTEL(R) XEON(R) GOLD 5512U,56,251.36,13.3.1,NVIDIA-Linux-x86_64-595.58.03,b8e83fdb33187b923d0c125c0f3b8bbe3b327524,230115,2026-09-21T03:56:15.919372,rgb,ISAAC_LAB_SINGLE_GPU_GTL_PRESET_NEWTON_WARP_RGB_E8192_R64,benchmark_rsl_rl_Isaac-Reorient-Cube-Shadow-Camera-Direct_r64_8192,2026-09-20,,dirty working tree reported; resolved camera dimensions not recorded; fixed profile selected by explicit preset,137243.7297925636,11273.103072538786,141065.35584094207,database,database
2026-09-21,measured,2026-09-21T05:30:59.058155Z,Isaac-Reorient-Cube-Shadow-Camera-Direct,training,rsl_rl,newton_mjwarp,ovrtx,8192,42,10,74524.1,5882.40431664166,77196.0,20.72,1.98,21.32,55.04,14.34,NVIDIA RTX PRO 6000 Blackwell Server Edition,94.97,INTEL(R) XEON(R) GOLD 5512U,56,251.36,13.3.1,NVIDIA-Linux-x86_64-595.58.03,b8e83fdb33187b923d0c125c0f3b8bbe3b327524,228849,2026-09-20T22:25:29.844722,simple_shading_full_mdl,ISAAC_LAB_SINGLE_GPU_GTL_PRESET_NEWTON_OVRTX_SSFM_E8192_R64,benchmark_rsl_rl_Isaac-Reorient-Cube-Shadow-Camera-Direct_r64_8192,2026-09-20,,dirty working tree reported; resolved camera dimensions not recorded; fixed profile selected by explicit preset,80773.8771262093,6688.434905716527,83861.10183978405,database,database
2026-09-21,measured,2026-09-21T05:43:02.508762Z,Isaac-Reorient-Cube-Shadow-Camera-Direct,training,rsl_rl,ovphysx,ovrtx,8192,42,10,62011.8,4440.240904375447,64061.0,19.26,1.49,19.77,43.31,17.48,NVIDIA RTX PRO 6000 Blackwell Server Edition,94.97,INTEL(R) XEON(R) GOLD 5512U,56,251.36,13.3.1,NVIDIA-Linux-x86_64-595.58.03,b8e83fdb33187b923d0c125c0f3b8bbe3b327524,228894,2026-09-20T22:34:11.510418,simple_shading_full_mdl,ISAAC_LAB_SINGLE_GPU_GTL_PRESET_OVPHYSX_OVRTX_SSFM_E8192_R64,benchmark_rsl_rl_Isaac-Reorient-Cube-Shadow-Camera-Direct_r64_8192,2026-09-20,,dirty working tree reported; resolved camera dimensions not recorded; fixed profile selected by explicit preset,66286.9941448243,4930.453816157918,68579.45463450001,database,database
2026-09-21,measured,2026-09-21T09:02:42.300616Z,Isaac-Reorient-Cube-Shadow-Direct,training,rsl_rl,isaacsim_physx,none,8192,42,10,158710.9,38771.167338199484,180900.0,10.8,0.63,11.19,36.0,19.68,NVIDIA RTX PRO 6000 Blackwell Server Edition,94.97,INTEL(R) XEON(R) GOLD 5512U,56,251.36,13.3.1,NVIDIA-Linux-x86_64-595.58.03,b8e83fdb33187b923d0c125c0f3b8bbe3b327524,229676,2026-09-21T01:59:49.387579,,ISAAC_LAB_SINGLE_GPU_GTL_PRESET_PHYSX_E8192,benchmark_rsl_rl_Isaac-Reorient-Cube-Shadow-Direct_8192,2026-09-20,,dirty working tree reported; Collection FPS coefficient of variation >25%,184926.96175270493,46385.87478257469,210915.38953924444,database,database
2026-09-21,measured,2026-09-21T09:38:35.732015Z,Isaac-Reorient-Cube-Shadow-Direct,training,rsl_rl,newton_mjwarp,none,8192,42,10,255202.0,63768.48845803249,276183.0,8.59,2.66,9.77,57.0,38.95,NVIDIA RTX PRO 6000 Blackwell Server Edition,94.97,INTEL(R) XEON(R) GOLD 5512U,56,251.36,13.3.1,NVIDIA-Linux-x86_64-595.58.03,b8e83fdb33187b923d0c125c0f3b8bbe3b327524,229817,2026-09-21T02:37:42.685980,,ISAAC_LAB_SINGLE_GPU_GTL_PRESET_NEWTON_MJWARP_E8192,benchmark_rsl_rl_Isaac-Reorient-Cube-Shadow-Direct_8192,2026-09-20,,dirty working tree reported; Collection FPS coefficient of variation >25%,317472.41167696146,81816.06874076647,345107.66108180926,database,database
2026-09-21,measured,2026-09-21T10:06:15.049694Z,Isaac-Reorient-Cube-Shadow-Direct,training,rsl_rl,ovphysx,none,8192,42,10,167955.5,37827.2125335129,183537.0,7.87,0.6,8.16,34.2,19.85,NVIDIA RTX PRO 6000 Blackwell Server Edition,94.97,INTEL(R) XEON(R) GOLD 5512U,56,251.36,13.3.1,NVIDIA-Linux-x86_64-595.58.03,b8e83fdb33187b923d0c125c0f3b8bbe3b327524,229940,2026-09-21T03:03:39.179501,,ISAAC_LAB_SINGLE_GPU_GTL_PRESET_OVPHYSX_E8192,benchmark_rsl_rl_Isaac-Reorient-Cube-Shadow-Direct_8192,2026-09-20,,dirty working tree reported,193176.81943986515,44171.42325993068,211987.55808648307,database,database
2026-09-21,measured,2026-09-21T09:04:48.307374Z,Isaac-Reorient-KukaAllegro,training,rsl_rl,isaacsim_physx,none,8192,42,10,60626.6,4390.040981838578,64070.0,17.41,1.48,17.97,74.33,14.49,NVIDIA RTX PRO 6000 Blackwell Server Edition,94.97,INTEL(R) XEON(R) GOLD 5512U,56,251.36,13.3.1,NVIDIA-Linux-x86_64-595.58.03,b8e83fdb33187b923d0c125c0f3b8bbe3b327524,229688,2026-09-21T02:00:14.074917,,ISAAC_LAB_SINGLE_GPU_GTL_PRESET_PHYSX_E8192,benchmark_rsl_rl_Isaac-Reorient-KukaAllegro_8192,2026-09-20,,dirty working tree reported,65216.68254057303,4651.85708896552,68935.47311560654,database,database
2026-09-21,measured,2026-09-21T09:37:41.543327Z,Isaac-Reorient-KukaAllegro,training,rsl_rl,newton_mjwarp,none,8192,42,10,167933.3,24076.976753044943,176538.0,9.59,1.75,10.38,66.65,19.25,NVIDIA RTX PRO 6000 Blackwell Server Edition,94.97,INTEL(R) XEON(R) GOLD 5512U,56,251.36,13.3.1,NVIDIA-Linux-x86_64-595.58.03,b8e83fdb33187b923d0c125c0f3b8bbe3b327524,229812,2026-09-21T02:36:19.655754,,ISAAC_LAB_SINGLE_GPU_GTL_PRESET_NEWTON_MJWARP_E8192,benchmark_rsl_rl_Isaac-Reorient-KukaAllegro_8192,2026-09-20,,dirty working tree reported,202586.39189710456,30609.07405415433,213746.92704881894,database,database
2026-09-21,measured,2026-09-21T10:05:18.150308Z,Isaac-Reorient-KukaAllegro,training,rsl_rl,ovphysx,none,8192,42,10,33256.3,758.7508813833431,34009.0,15.32,1.42,16.07,45.45,27.79,NVIDIA RTX PRO 6000 Blackwell Server Edition,94.97,INTEL(R) XEON(R) GOLD 5512U,56,251.36,13.3.1,NVIDIA-Linux-x86_64-595.58.03,b8e83fdb33187b923d0c125c0f3b8bbe3b327524,229935,2026-09-21T03:01:32.462991,,ISAAC_LAB_SINGLE_GPU_GTL_PRESET_OVPHYSX_E8192,benchmark_rsl_rl_Isaac-Reorient-KukaAllegro_8192,2026-09-20,,dirty working tree reported,34431.5582228333,697.1397045086059,35200.711977726365,database,database
2026-09-21,measured,2026-09-21T11:16:32.025975Z,Isaac-Reorient-KukaAllegro-Camera,training,rsl_rl,isaacsim_physx,isaacsim_rtx,8192,42,10,17476.1,3424.3582837599743,18712.0,33.55,2.57,34.88,40.09,33.6,NVIDIA RTX PRO 6000 Blackwell Server Edition,94.97,INTEL(R) XEON(R) GOLD 5512U,56,251.36,13.3.1,NVIDIA-Linux-x86_64-595.58.03,b8e83fdb33187b923d0c125c0f3b8bbe3b327524,230168,2026-09-21T04:07:49.387815,"cube,simple_shading_full_mdl64,single_camera",ISAAC_LAB_SINGLE_GPU_GTL_PRESET_PHYSX_ISAACSIMRTX_SSFM_E8192_R64,benchmark_rsl_rl_Isaac-Reorient-KukaAllegro-Camera_cube_single_camera_simple_shading_full_mdl64_r64_8192,2026-09-20,,dirty working tree reported; resolved camera dimensions not recorded; fixed profile selected by explicit preset,18758.863346324124,3725.2303513532993,20133.551839896027,database,database
2026-09-21,measured,2026-09-21T00:28:08.841914Z,Isaac-Reorient-KukaAllegro-Camera,training,rsl_rl,newton_mjwarp,newton_renderer,8192,42,10,95741.6,13447.011863029067,100812.0,24.8,2.3,31.24,81.34,24.75,NVIDIA RTX PRO 6000 Blackwell Server Edition,94.97,INTEL(R) XEON(R) GOLD 5512U,56,251.36,13.3.1,NVIDIA-Linux-x86_64-595.58.03,b8e83fdb33187b923d0c125c0f3b8bbe3b327524,228093,2026-09-20T17:25:07.018914,"cube,rgb64,single_camera",ISAAC_LAB_SINGLE_GPU_GTL_PRESET_NEWTON_WARP_RGB_E8192_R64,benchmark_rsl_rl_Isaac-Reorient-KukaAllegro-Camera_cube_single_camera_rgb64_r64_8192,2026-09-20,,dirty working tree reported; resolved camera dimensions not recorded; fixed profile selected by explicit preset,145985.5165131862,18513.666427090928,153676.61691053867,database,database
2026-09-21,measured,2026-09-21T11:09:28.998653Z,Isaac-Reorient-KukaAllegro-Camera,training,rsl_rl,newton_mjwarp,ovrtx,8192,42,10,66127.8,7254.646982758323,68662.0,29.82,1.96,30.59,58.33,27.0,NVIDIA RTX PRO 6000 Blackwell Server Edition,94.97,INTEL(R) XEON(R) GOLD 5512U,56,251.36,13.3.1,NVIDIA-Linux-x86_64-595.58.03,b8e83fdb33187b923d0c125c0f3b8bbe3b327524,230141,2026-09-21T04:07:03.046478,"cube,simple_shading_full_mdl64,single_camera",ISAAC_LAB_SINGLE_GPU_GTL_PRESET_NEWTON_OVRTX_SSFM_E8192_R64,benchmark_rsl_rl_Isaac-Reorient-KukaAllegro-Camera_cube_single_camera_simple_shading_full_mdl64_r64_8192,2026-09-20,,dirty working tree reported; resolved camera dimensions not recorded; fixed profile selected by explicit preset,87424.34383501782,7693.674881783987,90684.79681756227,database,database
2026-09-21,measured,2026-09-21T05:38:07.875567Z,Isaac-Reorient-KukaAllegro-Camera,training,rsl_rl,ovphysx,ovrtx,8192,42,10,24144.7,1237.5300714640343,25116.0,35.38,1.83,36.01,49.52,31.28,NVIDIA RTX PRO 6000 Blackwell Server Edition,94.97,INTEL(R) XEON(R) GOLD 5512U,56,251.36,13.3.1,NVIDIA-Linux-x86_64-595.58.03,b8e83fdb33187b923d0c125c0f3b8bbe3b327524,228871,2026-09-20T22:33:05.258101,"cube,simple_shading_full_mdl64,single_camera",ISAAC_LAB_SINGLE_GPU_GTL_PRESET_OVPHYSX_OVRTX_SSFM_E8192_R64,benchmark_rsl_rl_Isaac-Reorient-KukaAllegro-Camera_cube_single_camera_simple_shading_full_mdl64_r64_8192,2026-09-20,,dirty working tree reported; resolved camera dimensions not recorded; fixed profile selected by explicit preset,26545.816681952347,957.292726810197,27531.204651014184,database,database
2026-09-21,measured,2026-09-21T09:04:36.826736Z,Isaac-Shadow-Handover-Direct,training,rsl_rl,isaacsim_physx,none,8192,42,10,114930.3,25489.869861705192,132390.0,13.95,0.69,14.35,38.33,14.7,NVIDIA RTX PRO 6000 Blackwell Server Edition,94.97,INTEL(R) XEON(R) GOLD 5512U,56,251.36,13.3.1,NVIDIA-Linux-x86_64-595.58.03,b8e83fdb33187b923d0c125c0f3b8bbe3b327524,229686,2026-09-21T01:59:35.988612,,ISAAC_LAB_SINGLE_GPU_GTL_PRESET_PHYSX_E8192,benchmark_rsl_rl_Isaac-Shadow-Handover-Direct_8192,2026-09-20,,dirty working tree reported,129456.4685695711,29617.162887139544,148883.67910578116,database,database
2026-09-21,measured,2026-09-21T09:42:26.866388Z,Isaac-Shadow-Handover-Direct,training,rsl_rl,newton_mjwarp,none,8192,42,10,111713.6,17618.429247681404,118408.0,13.3,2.69,14.16,79.23,27.17,NVIDIA RTX PRO 6000 Blackwell Server Edition,94.97,INTEL(R) XEON(R) GOLD 5512U,56,251.36,13.3.1,NVIDIA-Linux-x86_64-595.58.03,b8e83fdb33187b923d0c125c0f3b8bbe3b327524,229843,2026-09-21T02:41:25.789182,,ISAAC_LAB_SINGLE_GPU_GTL_PRESET_NEWTON_MJWARP_E8192,benchmark_rsl_rl_Isaac-Shadow-Handover-Direct_8192,2026-09-20,,dirty working tree reported,122851.07735019512,18982.57741091167,130176.93549283082,database,database
2026-09-21,measured,2026-09-21T10:06:11.572945Z,Isaac-Shadow-Handover-Direct,training,rsl_rl,ovphysx,none,8192,42,10,122530.8,21277.233507515335,131707.0,12.0,0.62,12.26,38.08,14.91,NVIDIA RTX PRO 6000 Blackwell Server Edition,94.97,INTEL(R) XEON(R) GOLD 5512U,56,251.36,13.3.1,NVIDIA-Linux-x86_64-595.58.03,b8e83fdb33187b923d0c125c0f3b8bbe3b327524,229939,2026-09-21T03:01:14.951257,,ISAAC_LAB_SINGLE_GPU_GTL_PRESET_OVPHYSX_E8192,benchmark_rsl_rl_Isaac-Shadow-Handover-Direct_8192,2026-09-20,,dirty working tree reported,136222.76445984762,23527.284382021553,146741.992239506,database,database
2026-09-21,measured,2026-09-21T09:03:27.388697Z,Isaac-Velocity-Flat-AnymalD,training,rsl_rl,isaacsim_physx,none,8192,42,10,157897.4,28657.44742916849,170471.0,10.0,0.37,10.15,29.71,12.03,NVIDIA RTX PRO 6000 Blackwell Server Edition,94.97,INTEL(R) XEON(R) GOLD 5512U,56,251.36,13.3.1,NVIDIA-Linux-x86_64-595.58.03,b8e83fdb33187b923d0c125c0f3b8bbe3b327524,229681,2026-09-21T02:01:10.414099,,ISAAC_LAB_SINGLE_GPU_GTL_PRESET_PHYSX_E8192,benchmark_rsl_rl_Isaac-Velocity-Flat-AnymalD_8192,2026-09-20,,dirty working tree reported,170229.2093096243,30484.151912368907,185575.59180620272,database,database
2026-09-21,measured,2026-09-21T09:39:25.210924Z,Isaac-Velocity-Flat-AnymalD,training,rsl_rl,newton_mjwarp,none,8192,42,10,227906.2,44848.993584149815,245746.0,2.79,0.17,2.86,65.91,29.97,NVIDIA RTX PRO 6000 Blackwell Server Edition,94.97,INTEL(R) XEON(R) GOLD 5512U,56,251.36,13.3.1,NVIDIA-Linux-x86_64-595.58.03,b8e83fdb33187b923d0c125c0f3b8bbe3b327524,229826,2026-09-21T02:38:27.966489,,ISAAC_LAB_SINGLE_GPU_GTL_PRESET_NEWTON_MJWARP_E8192,benchmark_rsl_rl_Isaac-Velocity-Flat-AnymalD_8192,2026-09-20,,dirty working tree reported,247866.41022178208,47674.88713862761,267338.77525593253,database,database
2026-09-21,measured,2026-09-21T10:03:09.856439Z,Isaac-Velocity-Flat-AnymalD,training,rsl_rl,ovphysx,none,8192,42,10,200947.5,38470.21115457748,216522.0,6.92,0.42,7.08,29.09,15.82,NVIDIA RTX PRO 6000 Blackwell Server Edition,94.97,INTEL(R) XEON(R) GOLD 5512U,56,251.36,13.3.1,NVIDIA-Linux-x86_64-595.58.03,b8e83fdb33187b923d0c125c0f3b8bbe3b327524,229932,2026-09-21T03:01:29.471487,,ISAAC_LAB_SINGLE_GPU_GTL_PRESET_OVPHYSX_E8192,benchmark_rsl_rl_Isaac-Velocity-Flat-AnymalD_8192,2026-09-20,,dirty working tree reported,215979.69547805298,40344.502242410395,233093.8196290551,database,database
2026-09-21,measured,2026-09-21T09:03:06.391662Z,Isaac-Velocity-Flat-Cassie,training,rsl_rl,isaacsim_physx,none,8192,42,10,227859.1,52061.799521658235,251910.0,9.2,0.4,9.37,30.55,14.17,NVIDIA RTX PRO 6000 Blackwell Server Edition,94.97,INTEL(R) XEON(R) GOLD 5512U,56,251.36,13.3.1,NVIDIA-Linux-x86_64-595.58.03,b8e83fdb33187b923d0c125c0f3b8bbe3b327524,229678,2026-09-21T02:01:33.639243,,ISAAC_LAB_SINGLE_GPU_GTL_PRESET_PHYSX_E8192,benchmark_rsl_rl_Isaac-Velocity-Flat-Cassie_8192,2026-09-20,,dirty working tree reported,255395.43507498063,56519.03258795294,282692.46909810184,database,database
2026-09-21,measured,2026-09-21T09:38:19.850599Z,Isaac-Velocity-Flat-Cassie,training,rsl_rl,newton_mjwarp,none,8192,42,10,439267.4,113824.37869044868,476105.0,1.86,0.24,2.0,46.71,32.49,NVIDIA RTX PRO 6000 Blackwell Server Edition,94.97,INTEL(R) XEON(R) GOLD 5512U,56,251.36,13.3.1,NVIDIA-Linux-x86_64-595.58.03,b8e83fdb33187b923d0c125c0f3b8bbe3b327524,229815,2026-09-21T02:37:38.628522,,ISAAC_LAB_SINGLE_GPU_GTL_PRESET_NEWTON_MJWARP_E8192,benchmark_rsl_rl_Isaac-Velocity-Flat-Cassie_8192,2026-09-20,,dirty working tree reported; Total FPS coefficient of variation >25%; Collection FPS coefficient of variation >25%,522364.9212937819,133823.6461540341,565849.7113790427,database,database
2026-09-21,measured,2026-09-21T10:03:52.767269Z,Isaac-Velocity-Flat-Cassie,training,rsl_rl,ovphysx,none,8192,42,10,299628.5,73148.2892854569,332398.0,6.07,0.43,6.26,27.56,18.04,NVIDIA RTX PRO 6000 Blackwell Server Edition,94.97,INTEL(R) XEON(R) GOLD 5512U,56,251.36,13.3.1,NVIDIA-Linux-x86_64-595.58.03,b8e83fdb33187b923d0c125c0f3b8bbe3b327524,229933,2026-09-21T03:02:35.594941,,ISAAC_LAB_SINGLE_GPU_GTL_PRESET_OVPHYSX_E8192,benchmark_rsl_rl_Isaac-Velocity-Flat-Cassie_8192,2026-09-20,,dirty working tree reported,335806.0752975141,80310.96376700967,373513.3096980853,database,database
2026-09-21,measured,2026-09-21T09:06:01.195585Z,Isaac-Velocity-Flat-G1,training,rsl_rl,isaacsim_physx,none,8192,42,10,134557.7,27808.755008490083,145354.0,11.41,0.36,11.59,50.0,24.82,NVIDIA RTX PRO 6000 Blackwell Server Edition,94.97,INTEL(R) XEON(R) GOLD 5512U,56,251.36,13.3.1,NVIDIA-Linux-x86_64-595.58.03,b8e83fdb33187b923d0c125c0f3b8bbe3b327524,229693,2026-09-21T02:01:39.829836,,ISAAC_LAB_SINGLE_GPU_GTL_PRESET_PHYSX_E8192,benchmark_rsl_rl_Isaac-Velocity-Flat-G1_8192,2026-09-20,,dirty working tree reported,143725.0868543666,28494.456030505462,154997.27757117958,database,database
2026-09-21,measured,2026-09-21T09:39:10.936901Z,Isaac-Velocity-Flat-G1,training,rsl_rl,newton_mjwarp,none,8192,42,10,267017.7,62135.65260165321,288370.0,4.4,0.45,4.61,58.1,32.41,NVIDIA RTX PRO 6000 Blackwell Server Edition,94.97,INTEL(R) XEON(R) GOLD 5512U,56,251.36,13.3.1,NVIDIA-Linux-x86_64-595.58.03,b8e83fdb33187b923d0c125c0f3b8bbe3b327524,229819,2026-09-21T02:38:22.685951,,ISAAC_LAB_SINGLE_GPU_GTL_PRESET_NEWTON_MJWARP_E8192,benchmark_rsl_rl_Isaac-Velocity-Flat-G1_8192,2026-09-20,,dirty working tree reported,296533.3507350459,66664.67342454559,319611.2269538373,database,database
2026-09-21,measured,2026-09-21T10:07:35.770138Z,Isaac-Velocity-Flat-G1,training,rsl_rl,ovphysx,none,8192,42,10,177786.4,37042.4934461911,190813.0,9.37,0.39,9.58,57.85,25.75,NVIDIA RTX PRO 6000 Blackwell Server Edition,94.97,INTEL(R) XEON(R) GOLD 5512U,56,251.36,13.3.1,NVIDIA-Linux-x86_64-595.58.03,b8e83fdb33187b923d0c125c0f3b8bbe3b327524,229947,2026-09-21T03:04:13.635657,,ISAAC_LAB_SINGLE_GPU_GTL_PRESET_OVPHYSX_E8192,benchmark_rsl_rl_Isaac-Velocity-Flat-G1_8192,2026-09-20,,dirty working tree reported,189801.70025265173,37976.79617980972,203282.340829361,database,database
2026-09-21,measured,2026-09-21T09:02:39.496446Z,Isaac-Velocity-Flat-H1,training,rsl_rl,isaacsim_physx,none,8192,42,10,214997.9,49985.87418783653,243517.0,9.13,0.28,9.29,33.18,15.77,NVIDIA RTX PRO 6000 Blackwell Server Edition,94.97,INTEL(R) XEON(R) GOLD 5512U,56,251.36,13.3.1,NVIDIA-Linux-x86_64-595.58.03,b8e83fdb33187b923d0c125c0f3b8bbe3b327524,229675,2026-09-21T02:00:22.343848,,ISAAC_LAB_SINGLE_GPU_GTL_PRESET_PHYSX_E8192,benchmark_rsl_rl_Isaac-Velocity-Flat-H1_8192,2026-09-20,,dirty working tree reported,239155.65282099808,54944.89658937761,272515.3802739451,database,database
2026-09-21,measured,2026-09-21T09:38:49.795995Z,Isaac-Velocity-Flat-H1,training,rsl_rl,newton_mjwarp,none,8192,42,10,372173.8,94381.98523588422,405290.0,2.37,0.26,2.51,53.5,33.05,NVIDIA RTX PRO 6000 Blackwell Server Edition,94.97,INTEL(R) XEON(R) GOLD 5512U,56,251.36,13.3.1,NVIDIA-Linux-x86_64-595.58.03,b8e83fdb33187b923d0c125c0f3b8bbe3b327524,229818,2026-09-21T02:38:06.604978,,ISAAC_LAB_SINGLE_GPU_GTL_PRESET_NEWTON_MJWARP_E8192,benchmark_rsl_rl_Isaac-Velocity-Flat-H1_8192,2026-09-20,,dirty working tree reported; Total FPS coefficient of variation >25%; Collection FPS coefficient of variation >25%,431973.51493848156,108144.91935924366,470768.67617109336,database,database
2026-09-21,measured,2026-09-21T10:04:53.536464Z,Isaac-Velocity-Flat-H1,training,rsl_rl,ovphysx,none,8192,42,10,289290.3,71332.04492457946,316512.0,6.19,0.23,6.31,34.0,19.96,NVIDIA RTX PRO 6000 Blackwell Server Edition,94.97,INTEL(R) XEON(R) GOLD 5512U,56,251.36,13.3.1,NVIDIA-Linux-x86_64-595.58.03,b8e83fdb33187b923d0c125c0f3b8bbe3b327524,229934,2026-09-21T03:03:10.787185,,ISAAC_LAB_SINGLE_GPU_GTL_PRESET_OVPHYSX_E8192,benchmark_rsl_rl_Isaac-Velocity-Flat-H1_8192,2026-09-20,,dirty working tree reported,322478.4871205814,77826.05551310243,352716.57684381615,database,database
2026-09-21,measured,2026-09-21T09:05:47.902521Z,Isaac-Velocity-Flat-UnitreeGo2,training,rsl_rl,isaacsim_physx,none,8192,42,10,202127.6,42870.593934148696,223873.0,9.38,0.28,9.5,31.18,14.73,NVIDIA RTX PRO 6000 Blackwell Server Edition,94.97,INTEL(R) XEON(R) GOLD 5512U,56,251.36,13.3.1,NVIDIA-Linux-x86_64-595.58.03,b8e83fdb33187b923d0c125c0f3b8bbe3b327524,229692,2026-09-21T02:03:22.837704,,ISAAC_LAB_SINGLE_GPU_GTL_PRESET_PHYSX_E8192,benchmark_rsl_rl_Isaac-Velocity-Flat-UnitreeGo2_8192,2026-09-20,,dirty working tree reported,226439.66755192878,46070.475591139,255735.6661095872,database,database
2026-09-21,measured,2026-09-21T09:36:33.275164Z,Isaac-Velocity-Flat-UnitreeGo2,training,rsl_rl,newton_mjwarp,none,8192,42,10,468992.2,123594.80539048197,509528.0,2.2,0.24,2.34,47.29,32.33,NVIDIA RTX PRO 6000 Blackwell Server Edition,94.97,INTEL(R) XEON(R) GOLD 5512U,56,251.36,13.3.1,NVIDIA-Linux-x86_64-595.58.03,b8e83fdb33187b923d0c125c0f3b8bbe3b327524,229807,2026-09-21T02:35:43.905677,,ISAAC_LAB_SINGLE_GPU_GTL_PRESET_NEWTON_MJWARP_E8192,benchmark_rsl_rl_Isaac-Velocity-Flat-UnitreeGo2_8192,2026-09-20,,dirty working tree reported; Total FPS coefficient of variation >25%; Collection FPS coefficient of variation >25%,565739.1653954061,148126.55755883802,613867.2957683151,database,database
2026-09-21,measured,2026-09-21T10:06:05.227068Z,Isaac-Velocity-Flat-UnitreeGo2,training,rsl_rl,ovphysx,none,8192,42,10,270933.8,60230.325648574515,293886.0,6.47,0.3,6.62,36.0,18.43,NVIDIA RTX PRO 6000 Blackwell Server Edition,94.97,INTEL(R) XEON(R) GOLD 5512U,56,251.36,13.3.1,NVIDIA-Linux-x86_64-595.58.03,b8e83fdb33187b923d0c125c0f3b8bbe3b327524,229938,2026-09-21T03:04:12.139723,,ISAAC_LAB_SINGLE_GPU_GTL_PRESET_OVPHYSX_E8192,benchmark_rsl_rl_Isaac-Velocity-Flat-UnitreeGo2_8192,2026-09-20,,dirty working tree reported,299856.35533392476,64012.05038434259,324208.3721568057,database,database
2026-09-21,measured,2026-09-21T11:55:58.526818Z,Isaac-Velocity-Rough-AnymalD,training,rsl_rl,isaacsim_physx,none,8192,42,10,63048.5,7928.632238076544,67719.0,12.89,0.67,13.17,65.93,19.01,NVIDIA RTX PRO 6000 Blackwell Server Edition,94.97,INTEL(R) XEON(R) GOLD 5512U,56,251.36,13.3.1,NVIDIA-Linux-x86_64-595.58.03,b8e83fdb33187b923d0c125c0f3b8bbe3b327524,230262,2026-09-21T04:53:20.801935,,ISAAC_LAB_SINGLE_GPU_GTL_PRESET_PHYSX_E8192,benchmark_rsl_rl_Isaac-Velocity-Rough-AnymalD_8192,2026-09-20,,dirty working tree reported,65395.7635378173,7728.146695671916,70155.65059831066,database,database
2026-09-21,measured,2026-09-21T09:40:18.400313Z,Isaac-Velocity-Rough-AnymalD,training,rsl_rl,newton_mjwarp,none,8192,42,10,160628.0,24133.941336724187,183805.0,6.78,0.53,6.98,73.07,30.72,NVIDIA RTX PRO 6000 Blackwell Server Edition,94.97,INTEL(R) XEON(R) GOLD 5512U,56,251.36,13.3.1,NVIDIA-Linux-x86_64-595.58.03,b8e83fdb33187b923d0c125c0f3b8bbe3b327524,229829,2026-09-21T02:39:15.150580,,ISAAC_LAB_SINGLE_GPU_GTL_PRESET_NEWTON_MJWARP_E8192,benchmark_rsl_rl_Isaac-Velocity-Rough-AnymalD_8192,2026-09-20,,dirty working tree reported,175128.6330751423,25298.285006781996,201713.66950055526,database,database
2026-09-21,measured,2026-09-21T10:06:43.36593Z,Isaac-Velocity-Rough-AnymalD,training,rsl_rl,ovphysx,none,8192,42,10,76132.3,5243.132758401433,81959.0,9.55,0.62,9.78,66.31,22.96,NVIDIA RTX PRO 6000 Blackwell Server Edition,94.97,INTEL(R) XEON(R) GOLD 5512U,56,251.36,13.3.1,NVIDIA-Linux-x86_64-595.58.03,b8e83fdb33187b923d0c125c0f3b8bbe3b327524,229944,2026-09-21T03:04:44.661196,,ISAAC_LAB_SINGLE_GPU_GTL_PRESET_OVPHYSX_E8192,benchmark_rsl_rl_Isaac-Velocity-Rough-AnymalD_8192,2026-09-20,,dirty working tree reported,79323.95814129876,4719.692564933046,85264.43672631453,database,database
2026-09-21,measured,2026-09-21T09:03:24.788754Z,Isaac-Velocity-Rough-Cassie,training,rsl_rl,isaacsim_physx,none,8192,42,10,125497.2,21912.696257852178,145064.0,11.34,0.53,11.59,56.38,21.73,NVIDIA RTX PRO 6000 Blackwell Server Edition,94.97,INTEL(R) XEON(R) GOLD 5512U,56,251.36,13.3.1,NVIDIA-Linux-x86_64-595.58.03,b8e83fdb33187b923d0c125c0f3b8bbe3b327524,229680,2026-09-21T02:01:43.984821,,ISAAC_LAB_SINGLE_GPU_GTL_PRESET_PHYSX_E8192,benchmark_rsl_rl_Isaac-Velocity-Rough-Cassie_8192,2026-09-20,,dirty working tree reported,135402.0717581018,22594.54409723039,157075.8422494261,database,database
2026-09-21,measured,2026-09-21T09:39:15.531717Z,Isaac-Velocity-Rough-Cassie,training,rsl_rl,newton_mjwarp,none,8192,42,10,271503.6,59835.478158772064,291825.0,6.42,0.68,6.76,61.22,30.97,NVIDIA RTX PRO 6000 Blackwell Server Edition,94.97,INTEL(R) XEON(R) GOLD 5512U,56,251.36,13.3.1,NVIDIA-Linux-x86_64-595.58.03,b8e83fdb33187b923d0c125c0f3b8bbe3b327524,229823,2026-09-21T02:38:28.546225,,ISAAC_LAB_SINGLE_GPU_GTL_PRESET_NEWTON_MJWARP_E8192,benchmark_rsl_rl_Isaac-Velocity-Rough-Cassie_8192,2026-09-20,,dirty working tree reported,316752.3700569554,68120.74542570431,339830.50413767726,database,database
2026-09-21,measured,2026-09-21T10:05:33.710522Z,Isaac-Velocity-Rough-Cassie,training,rsl_rl,ovphysx,none,8192,42,10,155313.8,26929.21475027942,166870.0,8.09,0.61,8.39,59.57,18.88,NVIDIA RTX PRO 6000 Blackwell Server Edition,94.97,INTEL(R) XEON(R) GOLD 5512U,56,251.36,13.3.1,NVIDIA-Linux-x86_64-595.58.03,b8e83fdb33187b923d0c125c0f3b8bbe3b327524,229937,2026-09-21T03:04:05.400637,,ISAAC_LAB_SINGLE_GPU_GTL_PRESET_OVPHYSX_E8192,benchmark_rsl_rl_Isaac-Velocity-Rough-Cassie_8192,2026-09-20,,dirty working tree reported,169244.1593686244,27455.124700447206,181578.8302697104,database,database
2026-09-21,measured,2026-09-21T08:49:23.441963Z,Isaac-Velocity-Rough-G1,training,rsl_rl,isaacsim_physx,none,8192,42,10,111422.6,21001.199776309077,126690.0,13.07,0.54,13.31,55.44,25.48,NVIDIA RTX PRO 6000 Blackwell Server Edition,94.97,INTEL(R) XEON(R) GOLD 5512U,56,251.36,13.3.1,NVIDIA-Linux-x86_64-595.58.03,b8e83fdb33187b923d0c125c0f3b8bbe3b327524,229617,2026-09-21T01:45:01.264195,,ISAAC_LAB_SINGLE_GPU_GTL_PRESET_PHYSX_E8192,benchmark_rsl_rl_Isaac-Velocity-Rough-G1_8192,2026-09-20,,dirty working tree reported,119473.54703621822,21666.362888751246,136135.74863956487,database,database
2026-09-21,measured,2026-09-21T09:22:24.66809Z,Isaac-Velocity-Rough-G1,training,rsl_rl,newton_mjwarp,none,8192,42,10,206086.1,43241.95211815592,220917.0,7.12,0.64,7.43,68.25,31.99,NVIDIA RTX PRO 6000 Blackwell Server Edition,94.97,INTEL(R) XEON(R) GOLD 5512U,56,251.36,13.3.1,NVIDIA-Linux-x86_64-595.58.03,b8e83fdb33187b923d0c125c0f3b8bbe3b327524,229745,2026-09-21T02:21:31.380875,,ISAAC_LAB_SINGLE_GPU_GTL_PRESET_NEWTON_MJWARP_E8192,benchmark_rsl_rl_Isaac-Velocity-Rough-G1_8192,2026-09-20,,dirty working tree reported,232692.15154404347,47559.06039394908,249145.04411131126,database,database
2026-09-21,measured,2026-09-21T09:54:18.500985Z,Isaac-Velocity-Rough-G1,training,rsl_rl,ovphysx,none,8192,42,10,148353.1,26374.37251681176,158467.0,10.76,0.6,11.04,63.33,25.78,NVIDIA RTX PRO 6000 Blackwell Server Edition,94.97,INTEL(R) XEON(R) GOLD 5512U,56,251.36,13.3.1,NVIDIA-Linux-x86_64-595.58.03,b8e83fdb33187b923d0c125c0f3b8bbe3b327524,229898,2026-09-21T02:50:58.789314,,ISAAC_LAB_SINGLE_GPU_GTL_PRESET_OVPHYSX_E8192,benchmark_rsl_rl_Isaac-Velocity-Rough-G1_8192,2026-09-20,,dirty working tree reported,161750.09573313966,27302.349933768775,172419.43773656784,database,database
2026-09-21,measured,2026-09-21T09:07:18.075208Z,Isaac-Velocity-Rough-H1,training,rsl_rl,isaacsim_physx,none,8192,42,10,164833.7,33709.138210580226,185289.0,10.86,0.68,11.22,46.23,19.95,NVIDIA RTX PRO 6000 Blackwell Server Edition,94.97,INTEL(R) XEON(R) GOLD 5512U,56,251.36,13.3.1,NVIDIA-Linux-x86_64-595.58.03,b8e83fdb33187b923d0c125c0f3b8bbe3b327524,229699,2026-09-21T02:04:54.833590,,ISAAC_LAB_SINGLE_GPU_GTL_PRESET_PHYSX_E8192,benchmark_rsl_rl_Isaac-Velocity-Rough-H1_8192,2026-09-20,,dirty working tree reported,181671.6459991761,36279.72406940509,204839.3671035368,database,database
2026-09-21,measured,2026-09-21T09:40:47.013441Z,Isaac-Velocity-Rough-H1,training,rsl_rl,newton_mjwarp,none,8192,42,10,230326.1,50258.72232635623,249476.0,7.08,0.63,7.36,64.45,32.06,NVIDIA RTX PRO 6000 Blackwell Server Edition,94.97,INTEL(R) XEON(R) GOLD 5512U,56,251.36,13.3.1,NVIDIA-Linux-x86_64-595.58.03,b8e83fdb33187b923d0c125c0f3b8bbe3b327524,229831,2026-09-21T02:39:59.459050,,ISAAC_LAB_SINGLE_GPU_GTL_PRESET_NEWTON_MJWARP_E8192,benchmark_rsl_rl_Isaac-Velocity-Rough-H1_8192,2026-09-20,,dirty working tree reported,261529.35103281037,55430.23402170352,283469.9764192599,database,database
2026-09-21,measured,2026-09-21T10:06:24.982449Z,Isaac-Velocity-Rough-H1,training,rsl_rl,ovphysx,none,8192,42,10,216211.1,45509.98423410943,236447.0,7.83,0.62,8.12,47.91,23.69,NVIDIA RTX PRO 6000 Blackwell Server Edition,94.97,INTEL(R) XEON(R) GOLD 5512U,56,251.36,13.3.1,NVIDIA-Linux-x86_64-595.58.03,b8e83fdb33187b923d0c125c0f3b8bbe3b327524,229942,2026-09-21T03:04:37.599435,,ISAAC_LAB_SINGLE_GPU_GTL_PRESET_OVPHYSX_E8192,benchmark_rsl_rl_Isaac-Velocity-Rough-H1_8192,2026-09-20,,dirty working tree reported,243821.2765072302,49512.86572356985,267117.17362068256,database,database
2026-09-21,measured,2026-09-21T09:09:53.527099Z,Isaac-Velocity-Rough-UnitreeGo2,training,rsl_rl,isaacsim_physx,none,8192,42,10,80032.7,14761.204671179261,87787.0,12.47,0.58,12.75,60.96,23.39,NVIDIA RTX PRO 6000 Blackwell Server Edition,94.97,INTEL(R) XEON(R) GOLD 5512U,56,251.36,13.3.1,NVIDIA-Linux-x86_64-595.58.03,b8e83fdb33187b923d0c125c0f3b8bbe3b327524,229708,2026-09-21T02:07:11.876921,,ISAAC_LAB_SINGLE_GPU_GTL_PRESET_PHYSX_E8192,benchmark_rsl_rl_Isaac-Velocity-Rough-UnitreeGo2_8192,2026-09-20,,dirty working tree reported,83890.5885969654,14917.755698304216,91951.05683437924,database,database
2026-09-21,measured,2026-09-21T09:41:47.817736Z,Isaac-Velocity-Rough-UnitreeGo2,training,rsl_rl,newton_mjwarp,none,8192,42,10,246589.2,52088.38327475501,278703.0,6.67,0.65,6.97,63.4,33.87,NVIDIA RTX PRO 6000 Blackwell Server Edition,94.97,INTEL(R) XEON(R) GOLD 5512U,56,251.36,13.3.1,NVIDIA-Linux-x86_64-595.58.03,b8e83fdb33187b923d0c125c0f3b8bbe3b327524,229841,2026-09-21T02:40:56.819760,,ISAAC_LAB_SINGLE_GPU_GTL_PRESET_NEWTON_MJWARP_E8192,benchmark_rsl_rl_Isaac-Velocity-Rough-UnitreeGo2_8192,2026-09-20,,dirty working tree reported,283351.508706052,57851.775591060476,322246.53659005516,database,database
2026-09-21,measured,2026-09-21T10:09:22.221155Z,Isaac-Velocity-Rough-UnitreeGo2,training,rsl_rl,ovphysx,none,8192,42,10,94362.8,10557.591537214663,102107.0,9.12,0.56,9.34,70.18,23.26,NVIDIA RTX PRO 6000 Blackwell Server Edition,94.97,INTEL(R) XEON(R) GOLD 5512U,56,251.36,13.3.1,NVIDIA-Linux-x86_64-595.58.03,b8e83fdb33187b923d0c125c0f3b8bbe3b327524,229950,2026-09-21T03:07:10.944153,,ISAAC_LAB_SINGLE_GPU_GTL_PRESET_OVPHYSX_E8192,benchmark_rsl_rl_Isaac-Velocity-Rough-UnitreeGo2_8192,2026-09-20,,dirty working tree reported,99468.50612887513,9550.637555742507,107377.99935232072,database,database
2026-09-28,measured,2026-09-28T06:24:08.510564Z,Isaac-Ant,training,rsl_rl,isaacsim_physx,none,8192,42,10,389037.7,88596.12344924203,438048.0,8.57,0.54,8.84,20.11,12.53,NVIDIA RTX PRO 6000 Blackwell Server Edition,94.97,INTEL(R) XEON(R) GOLD 5512U,56,251.36,13.3.1,NVIDIA-Linux-x86_64-595.58.03,17a2cc297969c9854c2603ebed76e8897f65baae,245722,2026-09-27T23:22:28.546365,,ISAAC_LAB_SINGLE_GPU_GTL_PRESET_PHYSX_E8192,benchmark_rsl_rl_Isaac-Ant_8192,2026-09-27,,dirty working tree reported,466681.90524400154,105523.77735845315,527625.8660031623,database,database
2026-09-28,measured,2026-09-28T07:03:04.112179Z,Isaac-Ant,training,rsl_rl,newton_mjwarp,none,8192,42,10,774840.0,238338.90741220672,853528.0,1.98,0.64,2.5,34.14,32.89,NVIDIA RTX PRO 6000 Blackwell Server Edition,94.97,INTEL(R) XEON(R) GOLD 5512U,56,251.36,13.3.1,NVIDIA-Linux-x86_64-595.58.03,17a2cc297969c9854c2603ebed76e8897f65baae,245887,2026-09-28T00:02:05.477895,,ISAAC_LAB_SINGLE_GPU_GTL_PRESET_NEWTON_MJWARP_E8192,benchmark_rsl_rl_Isaac-Ant_8192,2026-09-27,,dirty working tree reported; Total FPS coefficient of variation >25%; Collection FPS coefficient of variation >25%,1112101.787232164,352004.5868745383,1231221.5534570701,database,database
2026-09-28,measured,2026-09-28T07:33:27.311087Z,Isaac-Ant,training,rsl_rl,ovphysx,none,8192,42,10,418131.6,97339.74831166238,459246.0,5.66,0.6,5.99,21.12,18.07,NVIDIA RTX PRO 6000 Blackwell Server Edition,94.97,INTEL(R) XEON(R) GOLD 5512U,56,251.36,13.3.1,NVIDIA-Linux-x86_64-595.58.03,17a2cc297969c9854c2603ebed76e8897f65baae,246020,2026-09-28T00:28:48.449288,,ISAAC_LAB_SINGLE_GPU_GTL_PRESET_OVPHYSX_E8192,benchmark_rsl_rl_Isaac-Ant_8192,2026-09-27,,dirty working tree reported,498205.6006981619,114497.61542698745,548748.5858586564,database,database
2026-09-28,measured,2026-09-28T06:25:52.624752Z,Isaac-Ant-Direct,training,rsl_rl,isaacsim_physx,none,8192,42,10,444198.7,87473.19292985962,495176.0,8.6,0.49,8.84,32.14,23.02,NVIDIA RTX PRO 6000 Blackwell Server Edition,94.97,INTEL(R) XEON(R) GOLD 5512U,56,251.36,13.3.1,NVIDIA-Linux-x86_64-595.58.03,17a2cc297969c9854c2603ebed76e8897f65baae,245730,2026-09-27T23:24:53.894044,,ISAAC_LAB_SINGLE_GPU_GTL_PRESET_PHYSX_E8192,benchmark_rsl_rl_Isaac-Ant-Direct_8192,2026-09-27,,dirty working tree reported,548366.3828419623,95794.4265734335,614351.8378821149,database,database
2026-09-28,measured,2026-09-28T07:03:04.112179Z,Isaac-Ant-Direct,training,rsl_rl,newton_mjwarp,none,8192,42,10,978968.9,284434.9125826114,1072261.0,2.01,0.67,2.49,36.4,32.92,NVIDIA RTX PRO 6000 Blackwell Server Edition,94.97,INTEL(R) XEON(R) GOLD 5512U,56,251.36,13.3.1,NVIDIA-Linux-x86_64-595.58.03,17a2cc297969c9854c2603ebed76e8897f65baae,245887,2026-09-28T00:02:25.905008,,ISAAC_LAB_SINGLE_GPU_GTL_PRESET_NEWTON_MJWARP_E8192,benchmark_rsl_rl_Isaac-Ant-Direct_8192,2026-09-27,,dirty working tree reported; Total FPS coefficient of variation >25%; Collection FPS coefficient of variation >25%,1585993.8569536607,480792.950601443,1748195.1848837968,database,database
2026-09-28,measured,2026-09-28T07:33:27.311087Z,Isaac-Ant-Direct,training,rsl_rl,ovphysx,none,8192,42,10,474537.9,85843.05166659287,515579.0,5.79,0.52,5.99,17.86,12.38,NVIDIA RTX PRO 6000 Blackwell Server Edition,94.97,INTEL(R) XEON(R) GOLD 5512U,56,251.36,13.3.1,NVIDIA-Linux-x86_64-595.58.03,17a2cc297969c9854c2603ebed76e8897f65baae,246020,2026-09-28T00:31:00.092029,,ISAAC_LAB_SINGLE_GPU_GTL_PRESET_OVPHYSX_E8192,benchmark_rsl_rl_Isaac-Ant-Direct_8192,2026-09-27,,dirty working tree reported,582993.8634237386,89356.61788077003,632193.5347185287,database,database
2026-09-28,measured,2026-09-28T06:25:31.543452Z,Isaac-Cartpole,training,rsl_rl,isaacsim_physx,none,8192,42,10,502783.9,118187.83761965997,560364.0,7.15,0.03,7.17,14.5,9.0,NVIDIA RTX PRO 6000 Blackwell Server Edition,94.97,INTEL(R) XEON(R) GOLD 5512U,56,251.36,13.3.1,NVIDIA-Linux-x86_64-595.58.03,17a2cc297969c9854c2603ebed76e8897f65baae,245726,2026-09-27T23:24:24.621559,,ISAAC_LAB_SINGLE_GPU_GTL_PRESET_PHYSX_E8192,benchmark_rsl_rl_Isaac-Cartpole_8192,2026-09-27,,dirty working tree reported,740077.7544904704,165510.53609463337,827381.0395739052,database,database
2026-09-28,measured,2026-09-28T07:08:03.785445Z,Isaac-Cartpole,training,rsl_rl,newton_mjwarp,none,8192,42,10,909834.8,294105.64350956917,1006980.0,0.97,0.05,1.01,12.5,14.43,NVIDIA RTX PRO 6000 Blackwell Server Edition,94.97,INTEL(R) XEON(R) GOLD 5512U,56,251.36,13.3.1,NVIDIA-Linux-x86_64-595.58.03,17a2cc297969c9854c2603ebed76e8897f65baae,245922,2026-09-28T00:07:08.341491,,ISAAC_LAB_SINGLE_GPU_GTL_PRESET_NEWTON_MJWARP_E8192,benchmark_rsl_rl_Isaac-Cartpole_8192,2026-09-27,,dirty working tree reported; Total FPS coefficient of variation >25%; Collection FPS coefficient of variation >25%,1667780.9307798797,555544.737333082,1853769.760312381,database,database
2026-09-28,measured,2026-09-28T07:31:32.409485Z,Isaac-Cartpole,training,rsl_rl,ovphysx,none,8192,42,10,551747.5,134381.23840051316,602560.0,4.16,0.04,4.17,13.25,8.34,NVIDIA RTX PRO 6000 Blackwell Server Edition,94.97,INTEL(R) XEON(R) GOLD 5512U,56,251.36,13.3.1,NVIDIA-Linux-x86_64-595.58.03,17a2cc297969c9854c2603ebed76e8897f65baae,246014,2026-09-28T00:29:48.568244,,ISAAC_LAB_SINGLE_GPU_GTL_PRESET_OVPHYSX_E8192,benchmark_rsl_rl_Isaac-Cartpole_8192,2026-09-27,,dirty working tree reported,765390.9931545772,173732.9739419388,835586.5898517771,database,database
2026-09-28,measured,2026-09-28T09:06:13.948958Z,Isaac-Cartpole-Camera,training,rsl_rl,isaacsim_physx,isaacsim_rtx,8192,42,10,69472.5,6235.509357257388,72661.0,65.76,2.31,69.31,52.63,33.05,NVIDIA RTX PRO 6000 Blackwell Server Edition,94.97,INTEL(R) XEON(R) GOLD 5512U,56,251.36,13.3.1,NVIDIA-Linux-x86_64-595.58.03,17a2cc297969c9854c2603ebed76e8897f65baae,246381,2026-09-28T02:03:58.256241,simple_shading_full_mdl,ISAAC_LAB_SINGLE_GPU_GTL_PRESET_PHYSX_ISAACSIMRTX_SSFM_E8192_R64,benchmark_rsl_rl_Isaac-Cartpole-Camera_r64_8192,2026-09-27,,dirty working tree reported; resolved camera dimensions not recorded; fixed profile selected by explicit preset,108343.36864250315,6981.045998900682,113135.42725906268,database,database
2026-09-28,measured,2026-09-28T08:35:07.651355Z,Isaac-Cartpole-Camera,training,rsl_rl,newton_mjwarp,newton_renderer,8192,42,10,148523.2,21765.499850298253,156050.0,59.26,3.31,73.99,86.05,22.86,NVIDIA RTX PRO 6000 Blackwell Server Edition,94.97,INTEL(R) XEON(R) GOLD 5512U,56,251.36,13.3.1,NVIDIA-Linux-x86_64-595.58.03,17a2cc297969c9854c2603ebed76e8897f65baae,246282,2026-09-28T01:33:56.681966,rgb,ISAAC_LAB_SINGLE_GPU_GTL_PRESET_NEWTON_WARP_RGB_E8192_R64,benchmark_rsl_rl_Isaac-Cartpole-Camera_r64_8192,2026-09-27,,dirty working tree reported; resolved camera dimensions not recorded; fixed profile selected by explicit preset,557907.9165197505,103161.203309374,594720.714250131,database,database
2026-09-28,measured,2026-09-28T09:05:35.399357Z,Isaac-Cartpole-Camera,training,rsl_rl,newton_mjwarp,ovrtx,8192,42,10,127161.4,17136.80049354475,134610.0,62.61,2.38,63.39,78.31,24.51,NVIDIA RTX PRO 6000 Blackwell Server Edition,94.97,INTEL(R) XEON(R) GOLD 5512U,56,251.36,13.3.1,NVIDIA-Linux-x86_64-595.58.03,17a2cc297969c9854c2603ebed76e8897f65baae,246377,2026-09-28T02:04:07.214445,simple_shading_full_mdl,ISAAC_LAB_SINGLE_GPU_GTL_PRESET_NEWTON_OVRTX_SSFM_E8192_R64,benchmark_rsl_rl_Isaac-Cartpole-Camera_r64_8192,2026-09-27,,dirty working tree reported; resolved camera dimensions not recorded; fixed profile selected by explicit preset,347896.05854729185,51399.074020684915,377545.7682360489,database,database
2026-09-28,measured,2026-09-28T01:24:07.089011Z,Isaac-Cartpole-Camera,training,rsl_rl,ovphysx,ovrtx,8192,42,10,65830.2,4473.424435237258,68851.0,65.64,2.28,66.35,43.4,36.87,NVIDIA RTX PRO 6000 Blackwell Server Edition,94.97,INTEL(R) XEON(R) GOLD 5512U,56,251.36,13.3.1,NVIDIA-Linux-x86_64-595.58.03,17a2cc297969c9854c2603ebed76e8897f65baae,244782,2026-09-27T18:21:33.323902,simple_shading_full_mdl,ISAAC_LAB_SINGLE_GPU_GTL_PRESET_OVPHYSX_OVRTX_SSFM_E8192_R64,benchmark_rsl_rl_Isaac-Cartpole-Camera_r64_8192,2026-09-27,,dirty working tree reported; resolved camera dimensions not recorded; fixed profile selected by explicit preset,98550.74255808277,2946.1037514935097,103546.59856326494,database,database
2026-09-28,measured,2026-09-28T09:06:13.948958Z,Isaac-Cartpole-Camera-Direct,training,rsl_rl,isaacsim_physx,isaacsim_rtx,8192,42,10,69549.3,6347.562752742189,72184.0,65.68,2.38,69.31,52.45,33.54,NVIDIA RTX PRO 6000 Blackwell Server Edition,94.97,INTEL(R) XEON(R) GOLD 5512U,56,251.36,13.3.1,NVIDIA-Linux-x86_64-595.58.03,17a2cc297969c9854c2603ebed76e8897f65baae,246381,2026-09-28T02:02:00.689686,simple_shading_full_mdl,ISAAC_LAB_SINGLE_GPU_GTL_PRESET_PHYSX_ISAACSIMRTX_SSFM_E8192_R64,benchmark_rsl_rl_Isaac-Cartpole-Camera-Direct_r64_8192,2026-09-27,,dirty working tree reported; resolved camera dimensions not recorded; fixed profile selected by explicit preset,108457.70154054587,7208.362825864696,112373.64642299917,database,database
2026-09-28,measured,2026-09-28T08:35:07.651355Z,Isaac-Cartpole-Camera-Direct,training,rsl_rl,newton_mjwarp,newton_renderer,8192,42,10,151496.6,22614.88736896806,158742.0,59.28,3.28,73.99,87.36,22.71,NVIDIA RTX PRO 6000 Blackwell Server Edition,94.97,INTEL(R) XEON(R) GOLD 5512U,56,251.36,13.3.1,NVIDIA-Linux-x86_64-595.58.03,17a2cc297969c9854c2603ebed76e8897f65baae,246282,2026-09-28T01:33:05.578129,rgb,ISAAC_LAB_SINGLE_GPU_GTL_PRESET_NEWTON_WARP_RGB_E8192_R64,benchmark_rsl_rl_Isaac-Cartpole-Camera-Direct_r64_8192,2026-09-27,,dirty working tree reported; resolved camera dimensions not recorded; fixed profile selected by explicit preset,597690.5279759795,114705.14195337893,635126.5013483659,database,database
2026-09-28,measured,2026-09-28T09:05:35.399357Z,Isaac-Cartpole-Camera-Direct,training,rsl_rl,newton_mjwarp,ovrtx,8192,42,10,129608.5,18417.55419430061,136543.0,62.79,2.44,66.11,82.61,22.44,NVIDIA RTX PRO 6000 Blackwell Server Edition,94.97,INTEL(R) XEON(R) GOLD 5512U,56,251.36,13.3.1,NVIDIA-Linux-x86_64-595.58.03,17a2cc297969c9854c2603ebed76e8897f65baae,246377,2026-09-28T02:02:44.766915,simple_shading_full_mdl,ISAAC_LAB_SINGLE_GPU_GTL_PRESET_NEWTON_OVRTX_SSFM_E8192_R64,benchmark_rsl_rl_Isaac-Cartpole-Camera-Direct_r64_8192,2026-09-27,,dirty working tree reported; resolved camera dimensions not recorded; fixed profile selected by explicit preset,366694.90329446807,59180.81787174711,394252.48270694946,database,database
2026-09-28,measured,2026-09-28T01:24:07.089011Z,Isaac-Cartpole-Camera-Direct,training,rsl_rl,ovphysx,ovrtx,8192,42,10,65217.4,4678.409896060365,67890.0,65.88,2.79,79.97,44.13,37.52,NVIDIA RTX PRO 6000 Blackwell Server Edition,94.97,INTEL(R) XEON(R) GOLD 5512U,56,251.36,13.3.1,NVIDIA-Linux-x86_64-595.58.03,17a2cc297969c9854c2603ebed76e8897f65baae,244782,2026-09-27T18:19:20.863814,simple_shading_full_mdl,ISAAC_LAB_SINGLE_GPU_GTL_PRESET_OVPHYSX_OVRTX_SSFM_E8192_R64,benchmark_rsl_rl_Isaac-Cartpole-Camera-Direct_r64_8192,2026-09-27,,dirty working tree reported; resolved camera dimensions not recorded; fixed profile selected by explicit preset,96982.04448428252,3681.511564349641,100654.66749166918,database,database
2026-09-28,measured,2026-09-28T06:27:10.684609Z,Isaac-Cartpole-Direct,training,rsl_rl,isaacsim_physx,none,8192,42,10,544221.6,135126.90454959573,603422.0,7.16,0.03,7.17,14.25,8.85,NVIDIA RTX PRO 6000 Blackwell Server Edition,94.97,INTEL(R) XEON(R) GOLD 5512U,56,251.36,13.3.1,NVIDIA-Linux-x86_64-595.58.03,17a2cc297969c9854c2603ebed76e8897f65baae,245732,2026-09-27T23:26:27.709292,,ISAAC_LAB_SINGLE_GPU_GTL_PRESET_PHYSX_E8192,benchmark_rsl_rl_Isaac-Cartpole-Direct_8192,2026-09-27,,dirty working tree reported,845929.8168502278,200862.74506493055,939356.9106514002,database,database
2026-09-28,measured,2026-09-28T07:08:03.785445Z,Isaac-Cartpole-Direct,training,rsl_rl,newton_mjwarp,none,8192,42,10,994036.0,313745.85428407567,1104466.0,0.97,0.05,1.01,12.5,12.71,NVIDIA RTX PRO 6000 Blackwell Server Edition,94.97,INTEL(R) XEON(R) GOLD 5512U,56,251.36,13.3.1,NVIDIA-Linux-x86_64-595.58.03,17a2cc297969c9854c2603ebed76e8897f65baae,245922,2026-09-28T00:07:28.846936,,ISAAC_LAB_SINGLE_GPU_GTL_PRESET_NEWTON_MJWARP_E8192,benchmark_rsl_rl_Isaac-Cartpole-Direct_8192,2026-09-27,,dirty working tree reported; Total FPS coefficient of variation >25%; Collection FPS coefficient of variation >25%,2059149.899703926,675879.4710487453,2283570.1570464894,database,database
2026-09-28,measured,2026-09-28T07:31:32.409485Z,Isaac-Cartpole-Direct,training,rsl_rl,ovphysx,none,8192,42,10,611434.0,155471.14377844456,679804.0,4.16,0.04,4.17,12.75,8.54,NVIDIA RTX PRO 6000 Blackwell Server Edition,94.97,INTEL(R) XEON(R) GOLD 5512U,56,251.36,13.3.1,NVIDIA-Linux-x86_64-595.58.03,17a2cc297969c9854c2603ebed76e8897f65baae,246014,2026-09-28T00:30:33.611289,,ISAAC_LAB_SINGLE_GPU_GTL_PRESET_OVPHYSX_E8192,benchmark_rsl_rl_Isaac-Cartpole-Direct_8192,2026-09-27,,dirty working tree reported; Total FPS coefficient of variation >25%,879151.8323704628,208301.26988344875,983104.2229454725,database,database
2026-09-28,measured,2026-09-28T06:30:25.824841Z,Isaac-Humanoid,training,rsl_rl,isaacsim_physx,none,8192,42,10,266320.7,54258.4262909151,300788.0,9.61,0.62,9.88,23.18,12.24,NVIDIA RTX PRO 6000 Blackwell Server Edition,94.97,INTEL(R) XEON(R) GOLD 5512U,56,251.36,13.3.1,NVIDIA-Linux-x86_64-595.58.03,17a2cc297969c9854c2603ebed76e8897f65baae,245745,2026-09-27T23:28:17.864228,,ISAAC_LAB_SINGLE_GPU_GTL_PRESET_PHYSX_E8192,benchmark_rsl_rl_Isaac-Humanoid_8192,2026-09-27,,dirty working tree reported,302408.1178253049,59375.89844821267,343495.62310165615,database,database
2026-09-28,measured,2026-09-28T07:06:51.759397Z,Isaac-Humanoid,training,rsl_rl,newton_mjwarp,none,8192,42,10,533548.9,156272.40074053738,584662.0,2.54,0.68,3.04,43.38,32.42,NVIDIA RTX PRO 6000 Blackwell Server Edition,94.97,INTEL(R) XEON(R) GOLD 5512U,56,251.36,13.3.1,NVIDIA-Linux-x86_64-595.58.03,17a2cc297969c9854c2603ebed76e8897f65baae,245913,2026-09-28T00:05:46.488634,,ISAAC_LAB_SINGLE_GPU_GTL_PRESET_NEWTON_MJWARP_E8192,benchmark_rsl_rl_Isaac-Humanoid_8192,2026-09-27,,dirty working tree reported; Total FPS coefficient of variation >25%; Collection FPS coefficient of variation >25%,680227.350518049,203701.89995186127,747491.6483569974,database,database
2026-09-28,measured,2026-09-28T07:37:41.313712Z,Isaac-Humanoid,training,rsl_rl,ovphysx,none,8192,42,10,285300.4,58364.34102581625,311624.0,6.85,0.62,7.12,27.09,20.15,NVIDIA RTX PRO 6000 Blackwell Server Edition,94.97,INTEL(R) XEON(R) GOLD 5512U,56,251.36,13.3.1,NVIDIA-Linux-x86_64-595.58.03,17a2cc297969c9854c2603ebed76e8897f65baae,246032,2026-09-28T00:31:11.683181,,ISAAC_LAB_SINGLE_GPU_GTL_PRESET_OVPHYSX_E8192,benchmark_rsl_rl_Isaac-Humanoid_8192,2026-09-27,,dirty working tree reported,322528.8396770171,63701.52522617987,352412.6558799726,database,database
2026-09-28,measured,2026-09-28T06:30:25.824841Z,Isaac-Humanoid-Direct,training,rsl_rl,isaacsim_physx,none,8192,42,10,293517.0,46023.23553259689,323881.0,9.59,0.65,9.9,30.6,15.25,NVIDIA RTX PRO 6000 Blackwell Server Edition,94.97,INTEL(R) XEON(R) GOLD 5512U,56,251.36,13.3.1,NVIDIA-Linux-x86_64-595.58.03,17a2cc297969c9854c2603ebed76e8897f65baae,245745,2026-09-27T23:29:13.656231,,ISAAC_LAB_SINGLE_GPU_GTL_PRESET_PHYSX_E8192,benchmark_rsl_rl_Isaac-Humanoid-Direct_8192,2026-09-27,,dirty working tree reported,340064.00837939954,45619.16156726776,373858.80009969464,database,database
2026-09-28,measured,2026-09-28T07:06:51.759397Z,Isaac-Humanoid-Direct,training,rsl_rl,newton_mjwarp,none,8192,42,10,626794.6,168214.01878242294,684195.0,2.65,0.67,3.04,53.0,35.87,NVIDIA RTX PRO 6000 Blackwell Server Edition,94.97,INTEL(R) XEON(R) GOLD 5512U,56,251.36,13.3.1,NVIDIA-Linux-x86_64-595.58.03,17a2cc297969c9854c2603ebed76e8897f65baae,245913,2026-09-28T00:06:09.865110,,ISAAC_LAB_SINGLE_GPU_GTL_PRESET_NEWTON_MJWARP_E8192,benchmark_rsl_rl_Isaac-Humanoid-Direct_8192,2026-09-27,,dirty working tree reported; Total FPS coefficient of variation >25%; Collection FPS coefficient of variation >25%,839162.325579478,230266.97442619162,919558.606313483,database,database
2026-09-28,measured,2026-09-28T07:37:41.313712Z,Isaac-Humanoid-Direct,training,rsl_rl,ovphysx,none,8192,42,10,313844.2,50156.53411249403,345635.0,6.86,0.66,7.16,25.6,9.51,NVIDIA RTX PRO 6000 Blackwell Server Edition,94.97,INTEL(R) XEON(R) GOLD 5512U,56,251.36,13.3.1,NVIDIA-Linux-x86_64-595.58.03,17a2cc297969c9854c2603ebed76e8897f65baae,246032,2026-09-28T00:34:14.403760,,ISAAC_LAB_SINGLE_GPU_GTL_PRESET_OVPHYSX_E8192,benchmark_rsl_rl_Isaac-Humanoid-Direct_8192,2026-09-27,,dirty working tree reported,360466.42240256624,49265.60762148146,396164.8719426358,database,database
2026-09-28,measured,2026-09-28T06:31:07.330178Z,Isaac-Lift-Franka,training,rsl_rl,isaacsim_physx,none,8192,42,10,143778.1,16206.621057456734,154293.0,14.92,1.16,15.39,47.22,12.45,NVIDIA RTX PRO 6000 Blackwell Server Edition,94.97,INTEL(R) XEON(R) GOLD 5512U,56,251.36,13.3.1,NVIDIA-Linux-x86_64-595.58.03,17a2cc297969c9854c2603ebed76e8897f65baae,245749,2026-09-27T23:28:21.049810,,ISAAC_LAB_SINGLE_GPU_GTL_PRESET_PHYSX_E8192,benchmark_rsl_rl_Isaac-Lift-Franka_8192,2026-09-27,,dirty working tree reported,167828.4624444267,17839.75928071327,179364.42334515436,database,database
2026-09-28,measured,2026-09-28T07:06:58.477312Z,Isaac-Lift-Franka,training,rsl_rl,newton_mjwarp,none,8192,42,10,273166.3,85790.5120188448,301983.0,5.65,1.9,7.49,40.89,34.04,NVIDIA RTX PRO 6000 Blackwell Server Edition,94.97,INTEL(R) XEON(R) GOLD 5512U,56,251.36,13.3.1,NVIDIA-Linux-x86_64-595.58.03,17a2cc297969c9854c2603ebed76e8897f65baae,245915,2026-09-28T00:05:59.603276,,ISAAC_LAB_SINGLE_GPU_GTL_PRESET_NEWTON_MJWARP_E8192,benchmark_rsl_rl_Isaac-Lift-Franka_8192,2026-09-27,,dirty working tree reported; Total FPS coefficient of variation >25%; Collection FPS coefficient of variation >25%,368969.63266281335,119076.42008511689,410801.4139997549,database,database
2026-09-28,measured,2026-09-28T07:36:29.65137Z,Isaac-Lift-Franka,training,rsl_rl,ovphysx,none,8192,42,10,142833.0,14481.324103056937,150493.0,11.63,1.34,12.2,42.63,16.87,NVIDIA RTX PRO 6000 Blackwell Server Edition,94.97,INTEL(R) XEON(R) GOLD 5512U,56,251.36,13.3.1,NVIDIA-Linux-x86_64-595.58.03,17a2cc297969c9854c2603ebed76e8897f65baae,246031,2026-09-28T00:33:06.876603,,ISAAC_LAB_SINGLE_GPU_GTL_PRESET_OVPHYSX_E8192,benchmark_rsl_rl_Isaac-Lift-Franka_8192,2026-09-27,,dirty working tree reported,163594.65844125746,16438.34985652089,172841.2214763518,database,database
2026-09-28,measured,2026-09-28T06:31:39.025783Z,Isaac-Lift-KukaAllegro,training,rsl_rl,isaacsim_physx,none,8192,42,10,58172.5,3361.7501807507615,60597.0,17.09,1.46,17.81,75.83,12.97,NVIDIA RTX PRO 6000 Blackwell Server Edition,94.97,INTEL(R) XEON(R) GOLD 5512U,56,251.36,13.3.1,NVIDIA-Linux-x86_64-595.58.03,17a2cc297969c9854c2603ebed76e8897f65baae,245752,2026-09-27T23:27:55.974257,,ISAAC_LAB_SINGLE_GPU_GTL_PRESET_PHYSX_E8192,benchmark_rsl_rl_Isaac-Lift-KukaAllegro_8192,2026-09-27,,dirty working tree reported,62208.77810718131,3496.200037538301,64652.42692330263,database,database
2026-09-28,measured,2026-09-28T07:06:24.516952Z,Isaac-Lift-KukaAllegro,training,rsl_rl,newton_mjwarp,none,8192,42,10,198435.9,61395.25984317609,219251.0,7.36,2.35,9.57,48.68,38.63,NVIDIA RTX PRO 6000 Blackwell Server Edition,94.97,INTEL(R) XEON(R) GOLD 5512U,56,251.36,13.3.1,NVIDIA-Linux-x86_64-595.58.03,17a2cc297969c9854c2603ebed76e8897f65baae,245909,2026-09-28T00:05:14.861269,,ISAAC_LAB_SINGLE_GPU_GTL_PRESET_NEWTON_MJWARP_E8192,benchmark_rsl_rl_Isaac-Lift-KukaAllegro_8192,2026-09-27,,dirty working tree reported; Total FPS coefficient of variation >25%; Collection FPS coefficient of variation >25%,252539.29755056178,80122.61798201199,280716.17170405807,database,database
2026-09-28,measured,2026-09-28T07:38:42.910112Z,Isaac-Lift-KukaAllegro,training,rsl_rl,ovphysx,none,8192,42,10,50696.2,1731.2096477447335,53573.0,14.78,1.4,15.52,74.14,13.74,NVIDIA RTX PRO 6000 Blackwell Server Edition,94.97,INTEL(R) XEON(R) GOLD 5512U,56,251.36,13.3.1,NVIDIA-Linux-x86_64-595.58.03,17a2cc297969c9854c2603ebed76e8897f65baae,246035,2026-09-28T00:32:29.151260,,ISAAC_LAB_SINGLE_GPU_GTL_PRESET_OVPHYSX_E8192,benchmark_rsl_rl_Isaac-Lift-KukaAllegro_8192,2026-09-27,,dirty working tree reported,53485.00538722912,1710.24351792066,56563.88393697343,database,database
2026-09-28,measured,2026-09-28T08:53:49.697109Z,Isaac-Lift-KukaAllegro-Camera,training,rsl_rl,isaacsim_physx,isaacsim_rtx,8192,42,10,18218.6,3555.8679578034576,19679.0,33.26,2.52,34.61,43.82,32.9,NVIDIA RTX PRO 6000 Blackwell Server Edition,94.97,INTEL(R) XEON(R) GOLD 5512U,56,251.36,13.3.1,NVIDIA-Linux-x86_64-595.58.03,17a2cc297969c9854c2603ebed76e8897f65baae,246338,2026-09-28T01:46:12.857041,"cube,simple_shading_full_mdl64,single_camera",ISAAC_LAB_SINGLE_GPU_GTL_PRESET_PHYSX_ISAACSIMRTX_SSFM_E8192_R64,benchmark_rsl_rl_Isaac-Lift-KukaAllegro-Camera_cube_single_camera_simple_shading_full_mdl64_r64_8192,2026-09-27,,dirty working tree reported; resolved camera dimensions not recorded; fixed profile selected by explicit preset,19622.78787428386,3877.371496617957,21193.49613035333,database,database
2026-09-28,measured,2026-09-28T08:33:23.558817Z,Isaac-Lift-KukaAllegro-Camera,training,rsl_rl,newton_mjwarp,newton_renderer,8192,42,10,107622.1,30752.39927207126,118901.0,22.25,3.39,26.97,60.21,40.55,NVIDIA RTX PRO 6000 Blackwell Server Edition,94.97,INTEL(R) XEON(R) GOLD 5512U,56,251.36,13.3.1,NVIDIA-Linux-x86_64-595.58.03,17a2cc297969c9854c2603ebed76e8897f65baae,246272,2026-09-28T01:31:55.144497,"cube,rgb64,single_camera",ISAAC_LAB_SINGLE_GPU_GTL_PRESET_NEWTON_WARP_RGB_E8192_R64,benchmark_rsl_rl_Isaac-Lift-KukaAllegro-Camera_cube_single_camera_rgb64_r64_8192,2026-09-27,,dirty working tree reported; resolved camera dimensions not recorded; fixed profile selected by explicit preset; Total FPS coefficient of variation >25%; Collection FPS coefficient of variation >25%,182672.6515414767,56070.65099937408,205223.62377522734,database,database
2026-09-28,measured,2026-09-28T08:54:28.681616Z,Isaac-Lift-KukaAllegro-Camera,training,rsl_rl,newton_mjwarp,ovrtx,8192,42,10,91636.9,26915.664903752815,103395.0,27.33,3.23,29.64,52.38,36.2,NVIDIA RTX PRO 6000 Blackwell Server Edition,94.97,INTEL(R) XEON(R) GOLD 5512U,56,251.36,13.3.1,NVIDIA-Linux-x86_64-595.58.03,17a2cc297969c9854c2603ebed76e8897f65baae,246340,2026-09-28T01:52:08.781269,"cube,simple_shading_full_mdl64,single_camera",ISAAC_LAB_SINGLE_GPU_GTL_PRESET_NEWTON_OVRTX_SSFM_E8192_R64,benchmark_rsl_rl_Isaac-Lift-KukaAllegro-Camera_cube_single_camera_simple_shading_full_mdl64_r64_8192,2026-09-27,,dirty working tree reported; resolved camera dimensions not recorded; fixed profile selected by explicit preset; Total FPS coefficient of variation >25%; Collection FPS coefficient of variation >25%,141981.76158240554,45693.048017020636,163546.46920755247,database,database
2026-09-28,measured,2026-09-28T01:28:12.410177Z,Isaac-Lift-KukaAllegro-Camera,training,rsl_rl,ovphysx,ovrtx,8192,42,10,10979.7,349.5943840128633,11332.0,34.31,1.84,34.95,24.17,33.08,NVIDIA RTX PRO 6000 Blackwell Server Edition,94.97,INTEL(R) XEON(R) GOLD 5512U,56,251.36,13.3.1,NVIDIA-Linux-x86_64-595.58.03,17a2cc297969c9854c2603ebed76e8897f65baae,244798,2026-09-27T18:18:10.503218,"cube,simple_shading_full_mdl64,single_camera",ISAAC_LAB_SINGLE_GPU_GTL_PRESET_OVPHYSX_OVRTX_SSFM_E8192_R64,benchmark_rsl_rl_Isaac-Lift-KukaAllegro-Camera_cube_single_camera_simple_shading_full_mdl64_r64_8192,2026-09-27,,dirty working tree reported; resolved camera dimensions not recorded; fixed profile selected by explicit preset,11452.29859682622,267.99427291184594,11791.902689293267,database,database
2026-09-28,measured,2026-09-28T06:34:36.905186Z,Isaac-Open-Drawer-Franka,training,rsl_rl,isaacsim_physx,none,8192,42,10,273950.8,22660.83360141703,290555.0,11.42,0.66,11.88,54.5,12.94,NVIDIA RTX PRO 6000 Blackwell Server Edition,94.97,INTEL(R) XEON(R) GOLD 5512U,56,251.36,13.3.1,NVIDIA-Linux-x86_64-595.58.03,17a2cc297969c9854c2603ebed76e8897f65baae,245770,2026-09-27T23:30:51.935268,,ISAAC_LAB_SINGLE_GPU_GTL_PRESET_PHYSX_E8192,benchmark_rsl_rl_Isaac-Open-Drawer-Franka_8192,2026-09-27,,dirty working tree reported,293346.05516450986,18965.882560630103,309617.0422952025,database,database
2026-09-28,measured,2026-09-28T07:11:09.762056Z,Isaac-Open-Drawer-Franka,training,rsl_rl,newton_mjwarp,none,8192,42,10,333820.5,52927.392198600195,353325.0,7.08,1.7,7.72,71.08,20.85,NVIDIA RTX PRO 6000 Blackwell Server Edition,94.97,INTEL(R) XEON(R) GOLD 5512U,56,251.36,13.3.1,NVIDIA-Linux-x86_64-595.58.03,17a2cc297969c9854c2603ebed76e8897f65baae,245932,2026-09-28T00:09:08.896370,,ISAAC_LAB_SINGLE_GPU_GTL_PRESET_NEWTON_MJWARP_E8192,benchmark_rsl_rl_Isaac-Open-Drawer-Franka_8192,2026-09-27,,dirty working tree reported,359046.01534785883,55325.56435451008,379714.7861950356,database,database
2026-09-28,measured,2026-09-28T07:43:29.506611Z,Isaac-Open-Drawer-Franka,training,rsl_rl,ovphysx,none,8192,42,10,289197.8,18108.87437326425,301250.0,8.71,0.66,8.94,50.15,14.61,NVIDIA RTX PRO 6000 Blackwell Server Edition,94.97,INTEL(R) XEON(R) GOLD 5512U,56,251.36,13.3.1,NVIDIA-Linux-x86_64-595.58.03,17a2cc297969c9854c2603ebed76e8897f65baae,246062,2026-09-28T00:34:52.430101,,ISAAC_LAB_SINGLE_GPU_GTL_PRESET_OVPHYSX_E8192,benchmark_rsl_rl_Isaac-Open-Drawer-Franka_8192,2026-09-27,,dirty working tree reported,308951.4112883026,14244.223755488436,320547.0459477976,database,database
2026-09-28,measured,2026-09-28T06:34:36.905186Z,Isaac-Open-Drawer-Franka-Direct,training,rsl_rl,isaacsim_physx,none,8192,42,10,269747.4,25142.818401196702,292956.0,11.4,0.75,11.87,55.25,13.19,NVIDIA RTX PRO 6000 Blackwell Server Edition,94.97,INTEL(R) XEON(R) GOLD 5512U,56,251.36,13.3.1,NVIDIA-Linux-x86_64-595.58.03,17a2cc297969c9854c2603ebed76e8897f65baae,245770,2026-09-27T23:32:36.957179,,ISAAC_LAB_SINGLE_GPU_GTL_PRESET_PHYSX_E8192,benchmark_rsl_rl_Isaac-Open-Drawer-Franka-Direct_8192,2026-09-27,,dirty working tree reported,289089.975607424,23132.76687306875,312165.533648647,database,database
2026-09-28,measured,2026-09-28T07:10:33.364739Z,Isaac-Open-Drawer-Franka-Direct,training,rsl_rl,newton_mjwarp,none,8192,42,10,340245.0,53805.4271859881,358953.0,6.99,1.73,7.66,74.67,21.53,NVIDIA RTX PRO 6000 Blackwell Server Edition,94.97,INTEL(R) XEON(R) GOLD 5512U,56,251.36,13.3.1,NVIDIA-Linux-x86_64-595.58.03,17a2cc297969c9854c2603ebed76e8897f65baae,245930,2026-09-28T00:09:32.198746,,ISAAC_LAB_SINGLE_GPU_GTL_PRESET_NEWTON_MJWARP_E8192,benchmark_rsl_rl_Isaac-Open-Drawer-Franka-Direct_8192,2026-09-27,,dirty working tree reported,366708.93277800985,56318.43369976425,386444.99591275916,database,database
2026-09-28,measured,2026-09-28T07:43:29.506611Z,Isaac-Open-Drawer-Franka-Direct,training,rsl_rl,ovphysx,none,8192,42,10,277515.8,19602.459782157726,293014.0,8.7,0.64,8.93,51.24,12.8,NVIDIA RTX PRO 6000 Blackwell Server Edition,94.97,INTEL(R) XEON(R) GOLD 5512U,56,251.36,13.3.1,NVIDIA-Linux-x86_64-595.58.03,17a2cc297969c9854c2603ebed76e8897f65baae,246062,2026-09-28T00:39:01.986020,,ISAAC_LAB_SINGLE_GPU_GTL_PRESET_OVPHYSX_E8192,benchmark_rsl_rl_Isaac-Open-Drawer-Franka-Direct_8192,2026-09-27,,dirty working tree reported,295700.54739498586,16219.380637388947,311177.51622384205,database,database
2026-09-28,measured,2026-09-28T06:35:29.433497Z,Isaac-Reach-Franka,training,rsl_rl,isaacsim_physx,none,8192,42,10,241743.6,57906.60152387156,273183.0,7.98,0.11,8.04,25.3,13.17,NVIDIA RTX PRO 6000 Blackwell Server Edition,94.97,INTEL(R) XEON(R) GOLD 5512U,56,251.36,13.3.1,NVIDIA-Linux-x86_64-595.58.03,17a2cc297969c9854c2603ebed76e8897f65baae,245774,2026-09-27T23:33:00.779816,,ISAAC_LAB_SINGLE_GPU_GTL_PRESET_PHYSX_E8192,benchmark_rsl_rl_Isaac-Reach-Franka_8192,2026-09-27,,dirty working tree reported,290862.79955246235,70103.78724540111,329992.2170608524,database,database
2026-09-28,measured,2026-09-28T07:14:06.288815Z,Isaac-Reach-Franka,training,rsl_rl,newton_mjwarp,none,8192,42,10,478003.8,147815.5331920311,527049.0,2.04,0.53,2.37,38.62,33.5,NVIDIA RTX PRO 6000 Blackwell Server Edition,94.97,INTEL(R) XEON(R) GOLD 5512U,56,251.36,13.3.1,NVIDIA-Linux-x86_64-595.58.03,17a2cc297969c9854c2603ebed76e8897f65baae,245938,2026-09-28T00:13:04.201025,,ISAAC_LAB_SINGLE_GPU_GTL_PRESET_NEWTON_MJWARP_E8192,benchmark_rsl_rl_Isaac-Reach-Franka_8192,2026-09-27,,dirty working tree reported; Total FPS coefficient of variation >25%; Collection FPS coefficient of variation >25%,645363.636974906,204430.7889149422,714511.7421139186,database,database
2026-09-28,measured,2026-09-28T07:43:22.599644Z,Isaac-Reach-Franka,training,rsl_rl,ovphysx,none,8192,42,10,257648.4,62635.13839549029,284264.0,5.08,0.15,5.16,22.9,10.61,NVIDIA RTX PRO 6000 Blackwell Server Edition,94.97,INTEL(R) XEON(R) GOLD 5512U,56,251.36,13.3.1,NVIDIA-Linux-x86_64-595.58.03,17a2cc297969c9854c2603ebed76e8897f65baae,246060,2026-09-28T00:38:13.361928,,ISAAC_LAB_SINGLE_GPU_GTL_PRESET_OVPHYSX_E8192,benchmark_rsl_rl_Isaac-Reach-Franka_8192,2026-09-27,,dirty working tree reported,297839.3949855652,72065.89183414324,328782.446634643,database,database
2026-09-28,measured,2026-09-28T06:35:29.433497Z,Isaac-Reach-Franka-OSC,training,rsl_rl,isaacsim_physx,none,8192,42,10,138757.7,25500.975049114408,151109.0,8.38,0.22,8.47,30.33,12.41,NVIDIA RTX PRO 6000 Blackwell Server Edition,94.97,INTEL(R) XEON(R) GOLD 5512U,56,251.36,13.3.1,NVIDIA-Linux-x86_64-595.58.03,17a2cc297969c9854c2603ebed76e8897f65baae,245774,2026-09-27T23:34:02.067762,,ISAAC_LAB_SINGLE_GPU_GTL_PRESET_PHYSX_E8192,benchmark_rsl_rl_Isaac-Reach-Franka-OSC_8192,2026-09-27,,dirty working tree reported,154068.1464869041,27732.52581408383,166682.94905422512,database,database
2026-09-28,measured,2026-09-28T07:14:06.288815Z,Isaac-Reach-Franka-OSC,training,rsl_rl,newton_mjwarp,none,8192,42,10,380720.6,110749.94223344368,419112.0,2.18,0.52,2.46,41.56,30.7,NVIDIA RTX PRO 6000 Blackwell Server Edition,94.97,INTEL(R) XEON(R) GOLD 5512U,56,251.36,13.3.1,NVIDIA-Linux-x86_64-595.58.03,17a2cc297969c9854c2603ebed76e8897f65baae,245938,2026-09-28T00:13:25.123147,,ISAAC_LAB_SINGLE_GPU_GTL_PRESET_NEWTON_MJWARP_E8192,benchmark_rsl_rl_Isaac-Reach-Franka-OSC_8192,2026-09-27,,dirty working tree reported; Total FPS coefficient of variation >25%; Collection FPS coefficient of variation >25%,479474.14913239656,142565.1132813354,530359.8471319227,database,database
2026-09-28,measured,2026-09-28T07:43:22.599644Z,Isaac-Reach-Franka-OSC,training,rsl_rl,ovphysx,none,8192,42,10,153930.2,29646.07887056904,166984.0,5.5,0.26,5.63,30.8,12.23,NVIDIA RTX PRO 6000 Blackwell Server Edition,94.97,INTEL(R) XEON(R) GOLD 5512U,56,251.36,13.3.1,NVIDIA-Linux-x86_64-595.58.03,17a2cc297969c9854c2603ebed76e8897f65baae,246060,2026-09-28T00:40:35.430238,,ISAAC_LAB_SINGLE_GPU_GTL_PRESET_OVPHYSX_E8192,benchmark_rsl_rl_Isaac-Reach-Franka-OSC_8192,2026-09-27,,dirty working tree reported,167737.53440888214,31292.341623199405,181815.55467725973,database,database
2026-09-28,measured,2026-09-28T06:33:25.433077Z,Isaac-Reach-UR10,training,rsl_rl,isaacsim_physx,none,8192,42,10,239081.2,56635.13823649296,266059.0,8.68,0.4,8.87,39.7,22.35,NVIDIA RTX PRO 6000 Blackwell Server Edition,94.97,INTEL(R) XEON(R) GOLD 5512U,56,251.36,13.3.1,NVIDIA-Linux-x86_64-595.58.03,17a2cc297969c9854c2603ebed76e8897f65baae,245763,2026-09-27T23:32:19.502463,,ISAAC_LAB_SINGLE_GPU_GTL_PRESET_PHYSX_E8192,benchmark_rsl_rl_Isaac-Reach-UR10_8192,2026-09-27,,dirty working tree reported,286074.5402852046,68591.6002011818,318396.68412718823,database,database
2026-09-28,measured,2026-09-28T07:13:13.369311Z,Isaac-Reach-UR10,training,rsl_rl,newton_mjwarp,none,8192,42,10,533351.7,165827.99878994434,598543.0,2.66,0.66,2.97,25.14,25.17,NVIDIA RTX PRO 6000 Blackwell Server Edition,94.97,INTEL(R) XEON(R) GOLD 5512U,56,251.36,13.3.1,NVIDIA-Linux-x86_64-595.58.03,17a2cc297969c9854c2603ebed76e8897f65baae,245936,2026-09-28T00:12:34.209534,,ISAAC_LAB_SINGLE_GPU_GTL_PRESET_NEWTON_MJWARP_E8192,benchmark_rsl_rl_Isaac-Reach-UR10_8192,2026-09-27,,dirty working tree reported; Total FPS coefficient of variation >25%; Collection FPS coefficient of variation >25%,753704.2684509801,240821.3599080182,852438.5618421679,database,database
2026-09-28,measured,2026-09-28T07:39:31.525919Z,Isaac-Reach-UR10,training,rsl_rl,ovphysx,none,8192,42,10,255659.3,61454.491462382146,282457.0,5.42,0.28,5.53,35.1,18.54,NVIDIA RTX PRO 6000 Blackwell Server Edition,94.97,INTEL(R) XEON(R) GOLD 5512U,56,251.36,13.3.1,NVIDIA-Linux-x86_64-595.58.03,17a2cc297969c9854c2603ebed76e8897f65baae,246037,2026-09-28T00:37:13.768336,,ISAAC_LAB_SINGLE_GPU_GTL_PRESET_OVPHYSX_E8192,benchmark_rsl_rl_Isaac-Reach-UR10_8192,2026-09-27,,dirty working tree reported,297215.33836968057,71483.59078170589,329740.18960365216,database,database
2026-09-28,measured,2026-09-28T06:35:07.217282Z,Isaac-Reorient-Cube-Allegro,training,rsl_rl,isaacsim_physx,none,8192,42,10,113386.9,13355.15161900705,122059.0,10.37,0.52,10.58,51.59,13.9,NVIDIA RTX PRO 6000 Blackwell Server Edition,94.97,INTEL(R) XEON(R) GOLD 5512U,56,251.36,13.3.1,NVIDIA-Linux-x86_64-595.58.03,17a2cc297969c9854c2603ebed76e8897f65baae,245772,2026-09-27T23:31:30.046090,,ISAAC_LAB_SINGLE_GPU_GTL_PRESET_PHYSX_E8192,benchmark_rsl_rl_Isaac-Reorient-Cube-Allegro_8192,2026-09-27,,dirty working tree reported,121572.47097481819,12210.267552339745,130478.11975395295,database,database
2026-09-28,measured,2026-09-28T07:14:47.711764Z,Isaac-Reorient-Cube-Allegro,training,rsl_rl,newton_mjwarp,none,8192,42,10,166626.5,37170.46908875079,182210.0,7.31,2.42,8.36,77.14,31.74,NVIDIA RTX PRO 6000 Blackwell Server Edition,94.97,INTEL(R) XEON(R) GOLD 5512U,56,251.36,13.3.1,NVIDIA-Linux-x86_64-595.58.03,17a2cc297969c9854c2603ebed76e8897f65baae,245940,2026-09-28T00:13:30.156824,,ISAAC_LAB_SINGLE_GPU_GTL_PRESET_NEWTON_MJWARP_E8192,benchmark_rsl_rl_Isaac-Reorient-Cube-Allegro_8192,2026-09-27,,dirty working tree reported,181841.0843299101,40075.155682107616,198860.3066683483,database,database
2026-09-28,measured,2026-09-28T07:45:26.466399Z,Isaac-Reorient-Cube-Allegro,training,rsl_rl,ovphysx,none,8192,42,10,121831.8,13640.733727414454,128088.0,7.36,0.54,7.57,43.88,13.69,NVIDIA RTX PRO 6000 Blackwell Server Edition,94.97,INTEL(R) XEON(R) GOLD 5512U,56,251.36,13.3.1,NVIDIA-Linux-x86_64-595.58.03,17a2cc297969c9854c2603ebed76e8897f65baae,246076,2026-09-28T00:38:44.464332,,ISAAC_LAB_SINGLE_GPU_GTL_PRESET_OVPHYSX_E8192,benchmark_rsl_rl_Isaac-Reorient-Cube-Allegro_8192,2026-09-27,,dirty working tree reported,130535.12193786114,11349.015654919544,136281.31186833442,database,database
2026-09-28,measured,2026-09-28T06:38:27.226445Z,Isaac-Reorient-Cube-Allegro-Direct,training,rsl_rl,isaacsim_physx,none,8192,42,10,99603.0,19199.964542791335,108607.0,10.19,0.82,10.59,44.57,19.15,NVIDIA RTX PRO 6000 Blackwell Server Edition,94.97,INTEL(R) XEON(R) GOLD 5512U,56,251.36,13.3.1,NVIDIA-Linux-x86_64-595.58.03,17a2cc297969c9854c2603ebed76e8897f65baae,245782,2026-09-27T23:36:27.841390,,ISAAC_LAB_SINGLE_GPU_GTL_PRESET_PHYSX_E8192,benchmark_rsl_rl_Isaac-Reorient-Cube-Allegro-Direct_8192,2026-09-27,,dirty working tree reported,111893.43596008158,21893.411280284672,122015.60182696317,database,database
2026-09-28,measured,2026-09-28T07:14:47.711764Z,Isaac-Reorient-Cube-Allegro-Direct,training,rsl_rl,newton_mjwarp,none,8192,42,10,146508.1,36341.96681355837,158848.0,7.86,2.06,8.71,62.75,38.21,NVIDIA RTX PRO 6000 Blackwell Server Edition,94.97,INTEL(R) XEON(R) GOLD 5512U,56,251.36,13.3.1,NVIDIA-Linux-x86_64-595.58.03,17a2cc297969c9854c2603ebed76e8897f65baae,245940,2026-09-28T00:14:00.644698,,ISAAC_LAB_SINGLE_GPU_GTL_PRESET_NEWTON_MJWARP_E8192,benchmark_rsl_rl_Isaac-Reorient-Cube-Allegro-Direct_8192,2026-09-27,,dirty working tree reported; Collection FPS coefficient of variation >25%,171207.56207162555,43614.61244205635,186167.57033758028,database,database
2026-09-28,measured,2026-09-28T07:45:26.466399Z,Isaac-Reorient-Cube-Allegro-Direct,training,rsl_rl,ovphysx,none,8192,42,10,106646.5,19606.938036487663,116710.0,7.45,0.82,7.85,45.0,22.53,NVIDIA RTX PRO 6000 Blackwell Server Edition,94.97,INTEL(R) XEON(R) GOLD 5512U,56,251.36,13.3.1,NVIDIA-Linux-x86_64-595.58.03,17a2cc297969c9854c2603ebed76e8897f65baae,246076,2026-09-28T00:41:56.086739,,ISAAC_LAB_SINGLE_GPU_GTL_PRESET_OVPHYSX_E8192,benchmark_rsl_rl_Isaac-Reorient-Cube-Allegro-Direct_8192,2026-09-27,,dirty working tree reported,119318.73881529858,22117.061959097933,131284.59426217765,database,database
2026-09-28,measured,2026-09-28T06:41:11.08467Z,Isaac-Reorient-Cube-Shadow,training,rsl_rl,isaacsim_physx,none,8192,42,10,157322.5,30725.09680755023,177690.0,10.74,0.55,11.0,39.8,17.32,NVIDIA RTX PRO 6000 Blackwell Server Edition,94.97,INTEL(R) XEON(R) GOLD 5512U,56,251.36,13.3.1,NVIDIA-Linux-x86_64-595.58.03,17a2cc297969c9854c2603ebed76e8897f65baae,245798,2026-09-27T23:37:23.832415,,ISAAC_LAB_SINGLE_GPU_GTL_PRESET_PHYSX_E8192,benchmark_rsl_rl_Isaac-Reorient-Cube-Shadow_8192,2026-09-27,,dirty working tree reported,184316.089168398,34801.50272024139,207777.35342941445,database,database
2026-09-28,measured,2026-09-28T07:15:34.609165Z,Isaac-Reorient-Cube-Shadow,training,rsl_rl,newton_mjwarp,none,8192,42,10,258261.0,73693.89673055249,284068.0,7.31,3.24,9.23,52.0,38.74,NVIDIA RTX PRO 6000 Blackwell Server Edition,94.97,INTEL(R) XEON(R) GOLD 5512U,56,251.36,13.3.1,NVIDIA-Linux-x86_64-595.58.03,17a2cc297969c9854c2603ebed76e8897f65baae,245944,2026-09-28T00:14:19.860043,,ISAAC_LAB_SINGLE_GPU_GTL_PRESET_NEWTON_MJWARP_E8192,benchmark_rsl_rl_Isaac-Reorient-Cube-Shadow_8192,2026-09-27,,dirty working tree reported; Total FPS coefficient of variation >25%; Collection FPS coefficient of variation >25%,324076.96829048183,94404.61117894652,358505.14806513605,database,database
2026-09-28,measured,2026-09-28T07:45:51.888355Z,Isaac-Reorient-Cube-Shadow,training,rsl_rl,ovphysx,none,8192,42,10,153513.4,24673.705775807393,163750.0,7.64,0.54,7.9,39.5,13.73,NVIDIA RTX PRO 6000 Blackwell Server Edition,94.97,INTEL(R) XEON(R) GOLD 5512U,56,251.36,13.3.1,NVIDIA-Linux-x86_64-595.58.03,17a2cc297969c9854c2603ebed76e8897f65baae,246079,2026-09-28T00:38:25.093169,,ISAAC_LAB_SINGLE_GPU_GTL_PRESET_OVPHYSX_E8192,benchmark_rsl_rl_Isaac-Reorient-Cube-Shadow_8192,2026-09-27,,dirty working tree reported,175265.2172038432,24417.298960537475,186056.99524193245,database,database
2026-09-28,measured,2026-09-28T10:29:48.462117Z,Isaac-Reorient-Cube-Shadow-Camera,training,rsl_rl,isaacsim_physx,isaacsim_rtx,8192,42,10,41848.3,8664.7489166674,44879.0,18.08,2.29,19.27,41.43,22.55,NVIDIA RTX PRO 6000 Blackwell Server Edition,94.97,INTEL(R) XEON(R) GOLD 5512U,56,251.36,13.3.1,NVIDIA-Linux-x86_64-595.58.03,17a2cc297969c9854c2603ebed76e8897f65baae,246570,2026-09-28T03:24:35.048911,simple_shading_full_mdl,ISAAC_LAB_SINGLE_GPU_GTL_PRESET_PHYSX_ISAACSIMRTX_SSFM_E8192_R64,benchmark_rsl_rl_Isaac-Reorient-Cube-Shadow-Camera_r64_8192,2026-09-27,,dirty working tree reported; resolved camera dimensions not recorded; fixed profile selected by explicit preset,43961.21280880527,9258.318750424229,47219.065967193426,database,database
2026-09-28,measured,2026-09-28T08:37:04.574428Z,Isaac-Reorient-Cube-Shadow-Camera,training,rsl_rl,newton_mjwarp,newton_renderer,8192,42,10,121468.1,10241.589323819706,124954.0,15.49,2.28,16.17,84.35,22.99,NVIDIA RTX PRO 6000 Blackwell Server Edition,94.97,INTEL(R) XEON(R) GOLD 5512U,56,251.36,13.3.1,NVIDIA-Linux-x86_64-595.58.03,17a2cc297969c9854c2603ebed76e8897f65baae,246288,2026-09-28T01:35:36.751045,rgb,ISAAC_LAB_SINGLE_GPU_GTL_PRESET_NEWTON_WARP_RGB_E8192_R64,benchmark_rsl_rl_Isaac-Reorient-Cube-Shadow-Camera_r64_8192,2026-09-27,,dirty working tree reported; resolved camera dimensions not recorded; fixed profile selected by explicit preset,139006.91919272757,11999.302314480012,143112.26348830207,database,database
2026-09-28,measured,2026-09-28T01:13:03.674097Z,Isaac-Reorient-Cube-Shadow-Camera,training,rsl_rl,newton_mjwarp,ovrtx,8192,42,10,110156.3,14855.369497255866,117452.0,19.65,2.89,20.63,78.0,18.35,NVIDIA RTX PRO 6000 Blackwell Server Edition,94.97,INTEL(R) XEON(R) GOLD 5512U,56,251.36,13.3.1,NVIDIA-Linux-x86_64-595.58.03,17a2cc297969c9854c2603ebed76e8897f65baae,244748,2026-09-27T18:10:57.813109,simple_shading_full_mdl,ISAAC_LAB_SINGLE_GPU_GTL_PRESET_NEWTON_OVRTX_SSFM_E8192_R64,benchmark_rsl_rl_Isaac-Reorient-Cube-Shadow-Camera_r64_8192,2026-09-27,,dirty working tree reported; resolved camera dimensions not recorded; fixed profile selected by explicit preset,124674.90059549417,17648.064462306906,133567.21555097107,database,database
2026-09-28,measured,2026-09-28T01:40:53.953078Z,Isaac-Reorient-Cube-Shadow-Camera,training,rsl_rl,ovphysx,ovrtx,8192,42,10,14205.6,172.0776310596793,14378.0,18.92,1.06,19.26,10.91,20.49,NVIDIA RTX PRO 6000 Blackwell Server Edition,94.97,INTEL(R) XEON(R) GOLD 5512U,56,251.36,13.3.1,NVIDIA-Linux-x86_64-595.58.03,17a2cc297969c9854c2603ebed76e8897f65baae,244828,2026-09-27T18:30:23.432436,simple_shading_full_mdl,ISAAC_LAB_SINGLE_GPU_GTL_PRESET_OVPHYSX_OVRTX_SSFM_E8192_R64,benchmark_rsl_rl_Isaac-Reorient-Cube-Shadow-Camera_r64_8192,2026-09-27,,dirty working tree reported; resolved camera dimensions not recorded; fixed profile selected by explicit preset,14422.43564438123,174.4310336323673,14594.074623817978,database,database
2026-09-28,measured,2026-09-28T10:29:48.462117Z,Isaac-Reorient-Cube-Shadow-Camera-Direct,training,rsl_rl,isaacsim_physx,isaacsim_rtx,8192,42,10,39098.7,7511.724939497363,41779.0,18.22,2.2,19.35,39.83,21.32,NVIDIA RTX PRO 6000 Blackwell Server Edition,94.97,INTEL(R) XEON(R) GOLD 5512U,56,251.36,13.3.1,NVIDIA-Linux-x86_64-595.58.03,17a2cc297969c9854c2603ebed76e8897f65baae,246570,2026-09-28T03:19:30.847795,simple_shading_full_mdl,ISAAC_LAB_SINGLE_GPU_GTL_PRESET_PHYSX_ISAACSIMRTX_SSFM_E8192_R64,benchmark_rsl_rl_Isaac-Reorient-Cube-Shadow-Camera-Direct_r64_8192,2026-09-27,,dirty working tree reported; resolved camera dimensions not recorded; fixed profile selected by explicit preset,40902.18056771135,8017.864375124981,43701.07886969657,database,database
2026-09-28,measured,2026-09-28T08:37:04.574428Z,Isaac-Reorient-Cube-Shadow-Camera-Direct,training,rsl_rl,newton_mjwarp,newton_renderer,8192,42,10,118733.5,15807.48118420164,123827.0,15.17,2.88,16.18,85.73,23.33,NVIDIA RTX PRO 6000 Blackwell Server Edition,94.97,INTEL(R) XEON(R) GOLD 5512U,56,251.36,13.3.1,NVIDIA-Linux-x86_64-595.58.03,17a2cc297969c9854c2603ebed76e8897f65baae,246288,2026-09-28T01:34:27.061156,rgb,ISAAC_LAB_SINGLE_GPU_GTL_PRESET_NEWTON_WARP_RGB_E8192_R64,benchmark_rsl_rl_Isaac-Reorient-Cube-Shadow-Camera-Direct_r64_8192,2026-09-27,,dirty working tree reported; resolved camera dimensions not recorded; fixed profile selected by explicit preset,135341.46964082448,19384.250144765865,141592.17041258453,database,database
2026-09-28,measured,2026-09-28T01:13:03.674097Z,Isaac-Reorient-Cube-Shadow-Camera-Direct,training,rsl_rl,newton_mjwarp,ovrtx,8192,42,10,107572.7,17757.37717776286,115643.0,19.49,2.97,20.64,74.9,20.73,NVIDIA RTX PRO 6000 Blackwell Server Edition,94.97,INTEL(R) XEON(R) GOLD 5512U,56,251.36,13.3.1,NVIDIA-Linux-x86_64-595.58.03,17a2cc297969c9854c2603ebed76e8897f65baae,244748,2026-09-27T18:09:10.955427,simple_shading_full_mdl,ISAAC_LAB_SINGLE_GPU_GTL_PRESET_NEWTON_OVRTX_SSFM_E8192_R64,benchmark_rsl_rl_Isaac-Reorient-Cube-Shadow-Camera-Direct_r64_8192,2026-09-27,,dirty working tree reported; resolved camera dimensions not recorded; fixed profile selected by explicit preset,121338.475155528,21239.362629066673,131168.1094838312,database,database
2026-09-28,measured,2026-09-28T01:40:53.953078Z,Isaac-Reorient-Cube-Shadow-Camera-Direct,training,rsl_rl,ovphysx,ovrtx,8192,42,10,14534.0,213.3817653356954,14805.0,18.9,1.13,19.27,8.87,18.67,NVIDIA RTX PRO 6000 Blackwell Server Edition,94.97,INTEL(R) XEON(R) GOLD 5512U,56,251.36,13.3.1,NVIDIA-Linux-x86_64-595.58.03,17a2cc297969c9854c2603ebed76e8897f65baae,244828,2026-09-27T18:20:21.451216,simple_shading_full_mdl,ISAAC_LAB_SINGLE_GPU_GTL_PRESET_OVPHYSX_OVRTX_SSFM_E8192_R64,benchmark_rsl_rl_Isaac-Reorient-Cube-Shadow-Camera-Direct_r64_8192,2026-09-27,,dirty working tree reported; resolved camera dimensions not recorded; fixed profile selected by explicit preset,14756.412540594889,215.07810102022566,15033.498954516319,database,database
2026-09-28,measured,2026-09-28T06:41:11.08467Z,Isaac-Reorient-Cube-Shadow-Direct,training,rsl_rl,isaacsim_physx,none,8192,42,10,154363.1,37657.30813371792,178412.0,10.61,0.63,11.0,36.2,19.25,NVIDIA RTX PRO 6000 Blackwell Server Edition,94.97,INTEL(R) XEON(R) GOLD 5512U,56,251.36,13.3.1,NVIDIA-Linux-x86_64-595.58.03,17a2cc297969c9854c2603ebed76e8897f65baae,245798,2026-09-27T23:39:07.246697,,ISAAC_LAB_SINGLE_GPU_GTL_PRESET_PHYSX_E8192,benchmark_rsl_rl_Isaac-Reorient-Cube-Shadow-Direct_8192,2026-09-27,,dirty working tree reported; Collection FPS coefficient of variation >25%,181558.11379511876,45753.96141342971,207833.51639173832,database,database
2026-09-28,measured,2026-09-28T07:16:25.692266Z,Isaac-Reorient-Cube-Shadow-Direct,training,rsl_rl,newton_mjwarp,none,8192,42,10,249206.0,74205.32554413538,274043.0,7.4,3.04,9.24,45.89,40.58,NVIDIA RTX PRO 6000 Blackwell Server Edition,94.97,INTEL(R) XEON(R) GOLD 5512U,56,251.36,13.3.1,NVIDIA-Linux-x86_64-595.58.03,17a2cc297969c9854c2603ebed76e8897f65baae,245946,2026-09-28T00:15:37.524965,,ISAAC_LAB_SINGLE_GPU_GTL_PRESET_NEWTON_MJWARP_E8192,benchmark_rsl_rl_Isaac-Reorient-Cube-Shadow-Direct_8192,2026-09-27,,dirty working tree reported; Total FPS coefficient of variation >25%; Collection FPS coefficient of variation >25%,310846.0623213828,94895.2958245763,343192.20238605794,database,database
2026-09-28,measured,2026-09-28T07:45:51.888355Z,Isaac-Reorient-Cube-Shadow-Direct,training,rsl_rl,ovphysx,none,8192,42,10,149836.0,32630.28449155784,162389.0,7.66,0.55,7.9,39.18,21.73,NVIDIA RTX PRO 6000 Blackwell Server Edition,94.97,INTEL(R) XEON(R) GOLD 5512U,56,251.36,13.3.1,NVIDIA-Linux-x86_64-595.58.03,17a2cc297969c9854c2603ebed76e8897f65baae,246079,2026-09-28T00:41:57.014650,,ISAAC_LAB_SINGLE_GPU_GTL_PRESET_OVPHYSX_E8192,benchmark_rsl_rl_Isaac-Reorient-Cube-Shadow-Direct_8192,2026-09-27,,dirty working tree reported,169735.07845971457,37024.8708744137,184144.54796818446,database,database
2026-09-28,measured,2026-09-28T06:43:55.382884Z,Isaac-Reorient-KukaAllegro,training,rsl_rl,isaacsim_physx,none,8192,42,10,57156.6,3706.9019769433703,59735.0,17.13,1.48,17.81,75.66,15.59,NVIDIA RTX PRO 6000 Blackwell Server Edition,94.97,INTEL(R) XEON(R) GOLD 5512U,56,251.36,13.3.1,NVIDIA-Linux-x86_64-595.58.03,17a2cc297969c9854c2603ebed76e8897f65baae,245812,2026-09-27T23:40:09.483890,,ISAAC_LAB_SINGLE_GPU_GTL_PRESET_PHYSX_E8192,benchmark_rsl_rl_Isaac-Reorient-KukaAllegro_8192,2026-09-27,,dirty working tree reported,61237.67142764594,3905.338778528408,63663.172502154506,database,database
2026-09-28,measured,2026-09-28T07:15:53.889612Z,Isaac-Reorient-KukaAllegro,training,rsl_rl,newton_mjwarp,none,8192,42,10,194824.3,60395.754792038155,216522.0,7.35,2.37,9.57,44.77,37.95,NVIDIA RTX PRO 6000 Blackwell Server Edition,94.97,INTEL(R) XEON(R) GOLD 5512U,56,251.36,13.3.1,NVIDIA-Linux-x86_64-595.58.03,17a2cc297969c9854c2603ebed76e8897f65baae,245945,2026-09-28T00:14:43.463296,,ISAAC_LAB_SINGLE_GPU_GTL_PRESET_NEWTON_MJWARP_E8192,benchmark_rsl_rl_Isaac-Reorient-KukaAllegro_8192,2026-09-27,,dirty working tree reported; Total FPS coefficient of variation >25%; Collection FPS coefficient of variation >25%,246878.04863829084,78436.68703408544,276546.6586187703,database,database
2026-09-28,measured,2026-09-28T07:44:17.240401Z,Isaac-Reorient-KukaAllegro,training,rsl_rl,ovphysx,none,8192,42,10,50665.7,2085.848138181578,52449.0,14.73,1.49,15.52,75.2,15.55,NVIDIA RTX PRO 6000 Blackwell Server Edition,94.97,INTEL(R) XEON(R) GOLD 5512U,56,251.36,13.3.1,NVIDIA-Linux-x86_64-595.58.03,17a2cc297969c9854c2603ebed76e8897f65baae,246070,2026-09-28T00:38:04.285942,,ISAAC_LAB_SINGLE_GPU_GTL_PRESET_OVPHYSX_E8192,benchmark_rsl_rl_Isaac-Reorient-KukaAllegro_8192,2026-09-27,,dirty working tree reported,53466.883323845395,1951.5060640147224,55321.86305842792,database,database
2026-09-28,measured,2026-09-28T08:58:07.886555Z,Isaac-Reorient-KukaAllegro-Camera,training,rsl_rl,isaacsim_physx,isaacsim_rtx,8192,42,10,18172.4,3570.046535644412,19633.0,33.31,2.54,34.78,42.57,32.53,NVIDIA RTX PRO 6000 Blackwell Server Edition,94.97,INTEL(R) XEON(R) GOLD 5512U,56,251.36,13.3.1,NVIDIA-Linux-x86_64-595.58.03,17a2cc297969c9854c2603ebed76e8897f65baae,246353,2026-09-28T01:50:29.026809,"cube,simple_shading_full_mdl64,single_camera",ISAAC_LAB_SINGLE_GPU_GTL_PRESET_PHYSX_ISAACSIMRTX_SSFM_E8192_R64,benchmark_rsl_rl_Isaac-Reorient-KukaAllegro-Camera_cube_single_camera_simple_shading_full_mdl64_r64_8192,2026-09-27,,dirty working tree reported; resolved camera dimensions not recorded; fixed profile selected by explicit preset,19611.934142968425,3906.2415014123862,21232.133291354854,database,database
2026-09-28,measured,2026-09-28T08:35:13.872898Z,Isaac-Reorient-KukaAllegro-Camera,training,rsl_rl,newton_mjwarp,newton_renderer,8192,42,10,107571.4,30749.307490666444,118757.0,22.13,3.29,24.54,60.36,41.09,NVIDIA RTX PRO 6000 Blackwell Server Edition,94.97,INTEL(R) XEON(R) GOLD 5512U,56,251.36,13.3.1,NVIDIA-Linux-x86_64-595.58.03,17a2cc297969c9854c2603ebed76e8897f65baae,246283,2026-09-28T01:33:49.990040,"cube,rgb64,single_camera",ISAAC_LAB_SINGLE_GPU_GTL_PRESET_NEWTON_WARP_RGB_E8192_R64,benchmark_rsl_rl_Isaac-Reorient-KukaAllegro-Camera_cube_single_camera_rgb64_r64_8192,2026-09-27,,dirty working tree reported; resolved camera dimensions not recorded; fixed profile selected by explicit preset; Total FPS coefficient of variation >25%; Collection FPS coefficient of variation >25%,179269.74139186548,54896.17229075376,200273.6639685715,database,database
2026-09-28,measured,2026-09-28T09:04:31.905011Z,Isaac-Reorient-KukaAllegro-Camera,training,rsl_rl,newton_mjwarp,ovrtx,8192,42,10,90874.3,26688.20982735427,102407.0,27.24,3.26,29.61,52.24,34.37,NVIDIA RTX PRO 6000 Blackwell Server Edition,94.97,INTEL(R) XEON(R) GOLD 5512U,56,251.36,13.3.1,NVIDIA-Linux-x86_64-595.58.03,17a2cc297969c9854c2603ebed76e8897f65baae,246368,2026-09-28T02:02:30.073679,"cube,simple_shading_full_mdl64,single_camera",ISAAC_LAB_SINGLE_GPU_GTL_PRESET_NEWTON_OVRTX_SSFM_E8192_R64,benchmark_rsl_rl_Isaac-Reorient-KukaAllegro-Camera_cube_single_camera_simple_shading_full_mdl64_r64_8192,2026-09-27,,dirty working tree reported; resolved camera dimensions not recorded; fixed profile selected by explicit preset; Total FPS coefficient of variation >25%; Collection FPS coefficient of variation >25%,139705.38274976955,44847.23228518381,160545.27106471854,database,database
2026-09-28,measured,2026-09-28T01:32:43.483055Z,Isaac-Reorient-KukaAllegro-Camera,training,rsl_rl,ovphysx,ovrtx,8192,42,10,11179.4,239.01287738436932,11466.0,34.34,1.78,34.94,22.28,33.69,NVIDIA RTX PRO 6000 Blackwell Server Edition,94.97,INTEL(R) XEON(R) GOLD 5512U,56,251.36,13.3.1,NVIDIA-Linux-x86_64-595.58.03,17a2cc297969c9854c2603ebed76e8897f65baae,244807,2026-09-27T18:22:50.206547,"cube,simple_shading_full_mdl64,single_camera",ISAAC_LAB_SINGLE_GPU_GTL_PRESET_OVPHYSX_OVRTX_SSFM_E8192_R64,benchmark_rsl_rl_Isaac-Reorient-KukaAllegro-Camera_cube_single_camera_simple_shading_full_mdl64_r64_8192,2026-09-27,,dirty working tree reported; resolved camera dimensions not recorded; fixed profile selected by explicit preset,11669.673772547543,171.11283477428367,11944.347941922078,database,database
2026-09-28,measured,2026-09-28T06:41:20.138069Z,Isaac-Shadow-Handover-Direct,training,rsl_rl,isaacsim_physx,none,8192,42,10,111698.3,23696.614062163208,122860.0,13.51,0.65,13.85,36.38,16.33,NVIDIA RTX PRO 6000 Blackwell Server Edition,94.97,INTEL(R) XEON(R) GOLD 5512U,56,251.36,13.3.1,NVIDIA-Linux-x86_64-595.58.03,17a2cc297969c9854c2603ebed76e8897f65baae,245800,2026-09-27T23:37:47.940641,,ISAAC_LAB_SINGLE_GPU_GTL_PRESET_PHYSX_E8192,benchmark_rsl_rl_Isaac-Shadow-Handover-Direct_8192,2026-09-27,,dirty working tree reported,128547.96706280635,28759.92591621792,147608.83304684501,database,database
2026-09-28,measured,2026-09-28T07:18:08.595924Z,Isaac-Shadow-Handover-Direct,training,rsl_rl,newton_mjwarp,none,8192,42,10,110534.9,27673.830949713727,119812.0,11.31,3.38,12.79,70.67,36.92,NVIDIA RTX PRO 6000 Blackwell Server Edition,94.97,INTEL(R) XEON(R) GOLD 5512U,56,251.36,13.3.1,NVIDIA-Linux-x86_64-595.58.03,17a2cc297969c9854c2603ebed76e8897f65baae,245953,2026-09-28T00:17:08.566545,,ISAAC_LAB_SINGLE_GPU_GTL_PRESET_NEWTON_MJWARP_E8192,benchmark_rsl_rl_Isaac-Shadow-Handover-Direct_8192,2026-09-27,,dirty working tree reported; Total FPS coefficient of variation >25%; Collection FPS coefficient of variation >25%,121434.47536826345,30860.20774959725,131761.00924102866,database,database
2026-09-28,measured,2026-09-28T07:47:19.886233Z,Isaac-Shadow-Handover-Direct,training,rsl_rl,ovphysx,none,8192,42,10,104429.5,17484.99383439665,111021.0,11.65,0.63,11.91,33.07,11.39,NVIDIA RTX PRO 6000 Blackwell Server Edition,94.97,INTEL(R) XEON(R) GOLD 5512U,56,251.36,13.3.1,NVIDIA-Linux-x86_64-595.58.03,17a2cc297969c9854c2603ebed76e8897f65baae,246087,2026-09-28T00:39:11.808190,,ISAAC_LAB_SINGLE_GPU_GTL_PRESET_OVPHYSX_E8192,benchmark_rsl_rl_Isaac-Shadow-Handover-Direct_8192,2026-09-27,,dirty working tree reported,114543.55181388062,18273.191068836717,121560.23848948932,database,database
2026-09-28,measured,2026-09-28T06:39:31.019087Z,Isaac-Velocity-Flat-AnymalD,training,rsl_rl,isaacsim_physx,none,8192,42,10,161556.7,30751.85445555366,174847.0,9.9,0.38,10.06,28.85,12.22,NVIDIA RTX PRO 6000 Blackwell Server Edition,94.97,INTEL(R) XEON(R) GOLD 5512U,56,251.36,13.3.1,NVIDIA-Linux-x86_64-595.58.03,17a2cc297969c9854c2603ebed76e8897f65baae,245789,2026-09-27T23:37:31.244543,,ISAAC_LAB_SINGLE_GPU_GTL_PRESET_PHYSX_E8192,benchmark_rsl_rl_Isaac-Velocity-Flat-AnymalD_8192,2026-09-27,,dirty working tree reported,174550.47942464025,32863.07769930479,189098.83182059688,database,database
2026-09-28,measured,2026-09-28T07:15:17.683317Z,Isaac-Velocity-Flat-AnymalD,training,rsl_rl,newton_mjwarp,none,8192,42,10,222074.2,71582.24359248132,248510.0,2.36,0.28,2.64,33.5,39.25,NVIDIA RTX PRO 6000 Blackwell Server Edition,94.97,INTEL(R) XEON(R) GOLD 5512U,56,251.36,13.3.1,NVIDIA-Linux-x86_64-595.58.03,17a2cc297969c9854c2603ebed76e8897f65baae,245942,2026-09-28T00:14:21.659282,,ISAAC_LAB_SINGLE_GPU_GTL_PRESET_NEWTON_MJWARP_E8192,benchmark_rsl_rl_Isaac-Velocity-Flat-AnymalD_8192,2026-09-27,,dirty working tree reported; Total FPS coefficient of variation >25%; Collection FPS coefficient of variation >25%,241515.09341626894,78289.29899163332,271009.9624236357,database,database
2026-09-28,measured,2026-09-28T07:43:34.249672Z,Isaac-Velocity-Flat-AnymalD,training,rsl_rl,ovphysx,none,8192,42,10,173066.0,32838.36776969553,188415.0,6.8,0.39,6.96,26.38,11.74,NVIDIA RTX PRO 6000 Blackwell Server Edition,94.97,INTEL(R) XEON(R) GOLD 5512U,56,251.36,13.3.1,NVIDIA-Linux-x86_64-595.58.03,17a2cc297969c9854c2603ebed76e8897f65baae,246063,2026-09-28T00:39:55.567225,,ISAAC_LAB_SINGLE_GPU_GTL_PRESET_OVPHYSX_E8192,benchmark_rsl_rl_Isaac-Velocity-Flat-AnymalD_8192,2026-09-27,,dirty working tree reported,184363.31897299155,34322.13962507935,200866.84427902446,database,database
2026-09-28,measured,2026-09-28T06:38:12.865964Z,Isaac-Velocity-Flat-Cassie,training,rsl_rl,isaacsim_physx,none,8192,42,10,233303.5,54277.84344412041,261881.0,9.04,0.53,9.31,29.9,15.31,NVIDIA RTX PRO 6000 Blackwell Server Edition,94.97,INTEL(R) XEON(R) GOLD 5512U,56,251.36,13.3.1,NVIDIA-Linux-x86_64-595.58.03,17a2cc297969c9854c2603ebed76e8897f65baae,245781,2026-09-27T23:36:51.718719,,ISAAC_LAB_SINGLE_GPU_GTL_PRESET_PHYSX_E8192,benchmark_rsl_rl_Isaac-Velocity-Flat-Cassie_8192,2026-09-27,,dirty working tree reported,261213.845296456,60719.7099315866,294232.4172748684,database,database
2026-09-28,measured,2026-09-28T07:18:45.327469Z,Isaac-Velocity-Flat-Cassie,training,rsl_rl,newton_mjwarp,none,8192,42,10,440833.6,127349.14945246658,481463.0,1.66,0.25,1.84,38.75,31.15,NVIDIA RTX PRO 6000 Blackwell Server Edition,94.97,INTEL(R) XEON(R) GOLD 5512U,56,251.36,13.3.1,NVIDIA-Linux-x86_64-595.58.03,17a2cc297969c9854c2603ebed76e8897f65baae,245959,2026-09-28T00:18:05.158766,,ISAAC_LAB_SINGLE_GPU_GTL_PRESET_NEWTON_MJWARP_E8192,benchmark_rsl_rl_Isaac-Velocity-Flat-Cassie_8192,2026-09-27,,dirty working tree reported; Total FPS coefficient of variation >25%; Collection FPS coefficient of variation >25%,523775.7321399637,153972.63320067522,573251.8797680114,database,database
2026-09-28,measured,2026-09-28T07:40:59.942254Z,Isaac-Velocity-Flat-Cassie,training,rsl_rl,ovphysx,none,8192,42,10,251723.3,58664.69841025919,273541.0,6.05,0.4,6.24,27.3,14.65,NVIDIA RTX PRO 6000 Blackwell Server Edition,94.97,INTEL(R) XEON(R) GOLD 5512U,56,251.36,13.3.1,NVIDIA-Linux-x86_64-595.58.03,17a2cc297969c9854c2603ebed76e8897f65baae,246047,2026-09-28T00:38:32.536605,,ISAAC_LAB_SINGLE_GPU_GTL_PRESET_OVPHYSX_E8192,benchmark_rsl_rl_Isaac-Velocity-Flat-Cassie_8192,2026-09-27,,dirty working tree reported,276592.04164030234,63987.31172639361,300834.6198960802,database,database
2026-09-28,measured,2026-09-28T06:44:12.861105Z,Isaac-Velocity-Flat-G1,training,rsl_rl,isaacsim_physx,none,8192,42,10,137779.2,28811.963926273558,151026.0,10.76,0.36,10.94,51.6,22.2,NVIDIA RTX PRO 6000 Blackwell Server Edition,94.97,INTEL(R) XEON(R) GOLD 5512U,56,251.36,13.3.1,NVIDIA-Linux-x86_64-595.58.03,17a2cc297969c9854c2603ebed76e8897f65baae,245814,2026-09-27T23:40:33.674817,,ISAAC_LAB_SINGLE_GPU_GTL_PRESET_PHYSX_E8192,benchmark_rsl_rl_Isaac-Velocity-Flat-G1_8192,2026-09-27,,dirty working tree reported,147068.21018129776,30345.99247707819,161302.21878931654,database,database
2026-09-28,measured,2026-09-28T07:18:21.622002Z,Isaac-Velocity-Flat-G1,training,rsl_rl,newton_mjwarp,none,8192,42,10,267246.3,72177.9313610931,291052.0,3.08,0.48,3.37,47.1,40.04,NVIDIA RTX PRO 6000 Blackwell Server Edition,94.97,INTEL(R) XEON(R) GOLD 5512U,56,235.61,13.3.1,NVIDIA-Linux-x86_64-595.58.03,17a2cc297969c9854c2603ebed76e8897f65baae,245956,2026-09-28T00:17:34.282074,,ISAAC_LAB_SINGLE_GPU_GTL_PRESET_NEWTON_MJWARP_E8192,benchmark_rsl_rl_Isaac-Velocity-Flat-G1_8192,2026-09-27,,dirty working tree reported; Total FPS coefficient of variation >25%; Collection FPS coefficient of variation >25%,296409.6882968359,80880.25218725354,323300.8271677638,database,database
2026-09-28,measured,2026-09-28T07:45:57.43919Z,Isaac-Velocity-Flat-G1,training,rsl_rl,ovphysx,none,8192,42,10,156120.0,31054.112076967984,168167.0,8.3,0.37,8.48,52.36,21.6,NVIDIA RTX PRO 6000 Blackwell Server Edition,94.97,INTEL(R) XEON(R) GOLD 5512U,56,251.36,13.3.1,NVIDIA-Linux-x86_64-595.58.03,17a2cc297969c9854c2603ebed76e8897f65baae,246081,2026-09-28T00:40:19.475245,,ISAAC_LAB_SINGLE_GPU_GTL_PRESET_OVPHYSX_E8192,benchmark_rsl_rl_Isaac-Velocity-Flat-G1_8192,2026-09-27,,dirty working tree reported,165755.33625160877,32592.301763588643,178477.93094229724,database,database
2026-09-28,measured,2026-09-28T06:43:30.018762Z,Isaac-Velocity-Flat-H1,training,rsl_rl,isaacsim_physx,none,8192,42,10,212491.4,49416.01425134254,236409.0,8.97,0.28,9.13,32.09,14.92,NVIDIA RTX PRO 6000 Blackwell Server Edition,94.97,INTEL(R) XEON(R) GOLD 5512U,56,251.36,13.3.1,NVIDIA-Linux-x86_64-595.58.03,17a2cc297969c9854c2603ebed76e8897f65baae,245806,2026-09-27T23:41:29.205908,,ISAAC_LAB_SINGLE_GPU_GTL_PRESET_PHYSX_E8192,benchmark_rsl_rl_Isaac-Velocity-Flat-H1_8192,2026-09-27,,dirty working tree reported,235341.84248907192,55195.68093632026,263452.91980605084,database,database
2026-09-28,measured,2026-09-28T07:17:14.65308Z,Isaac-Velocity-Flat-H1,training,rsl_rl,newton_mjwarp,none,8192,42,10,382203.0,108453.57291588979,419615.0,1.93,0.29,2.13,44.12,34.56,NVIDIA RTX PRO 6000 Blackwell Server Edition,94.97,INTEL(R) XEON(R) GOLD 5512U,56,251.36,13.3.1,NVIDIA-Linux-x86_64-595.58.03,17a2cc297969c9854c2603ebed76e8897f65baae,245947,2026-09-28T00:16:30.786968,,ISAAC_LAB_SINGLE_GPU_GTL_PRESET_NEWTON_MJWARP_E8192,benchmark_rsl_rl_Isaac-Velocity-Flat-H1_8192,2026-09-27,,dirty working tree reported; Total FPS coefficient of variation >25%; Collection FPS coefficient of variation >25%,443294.7538627294,127712.49792469516,488263.5738839998,database,database
2026-09-28,measured,2026-09-28T07:42:47.662619Z,Isaac-Velocity-Flat-H1,training,rsl_rl,ovphysx,none,8192,42,10,238766.1,55760.80843796614,259388.0,5.93,0.26,6.09,30.2,15.95,NVIDIA RTX PRO 6000 Blackwell Server Edition,94.97,INTEL(R) XEON(R) GOLD 5512U,56,251.36,13.3.1,NVIDIA-Linux-x86_64-595.58.03,17a2cc297969c9854c2603ebed76e8897f65baae,246057,2026-09-28T00:39:31.024917,,ISAAC_LAB_SINGLE_GPU_GTL_PRESET_OVPHYSX_E8192,benchmark_rsl_rl_Isaac-Velocity-Flat-H1_8192,2026-09-27,,dirty working tree reported,259231.16084318966,60382.07619096213,281828.16527045646,database,database
2026-09-28,measured,2026-09-28T06:43:48.064081Z,Isaac-Velocity-Flat-UnitreeGo2,training,rsl_rl,isaacsim_physx,none,8192,42,10,198350.8,41513.60770692478,222149.0,9.32,0.28,9.44,31.27,13.06,NVIDIA RTX PRO 6000 Blackwell Server Edition,94.97,INTEL(R) XEON(R) GOLD 5512U,56,251.36,13.3.1,NVIDIA-Linux-x86_64-595.58.03,17a2cc297969c9854c2603ebed76e8897f65baae,245809,2026-09-27T23:41:47.934663,,ISAAC_LAB_SINGLE_GPU_GTL_PRESET_PHYSX_E8192,benchmark_rsl_rl_Isaac-Velocity-Flat-UnitreeGo2_8192,2026-09-27,,dirty working tree reported,221014.99288454672,45621.09228996266,245785.43231907522,database,database
2026-09-28,measured,2026-09-28T07:17:55.217581Z,Isaac-Velocity-Flat-UnitreeGo2,training,rsl_rl,newton_mjwarp,none,8192,42,10,477165.1,160053.82226853148,529301.0,1.73,0.25,2.09,20.54,31.43,NVIDIA RTX PRO 6000 Blackwell Server Edition,94.97,INTEL(R) XEON(R) GOLD 5512U,56,251.36,13.3.1,NVIDIA-Linux-x86_64-595.58.03,17a2cc297969c9854c2603ebed76e8897f65baae,245951,2026-09-28T00:17:05.994961,,ISAAC_LAB_SINGLE_GPU_GTL_PRESET_NEWTON_MJWARP_E8192,benchmark_rsl_rl_Isaac-Velocity-Flat-UnitreeGo2_8192,2026-09-27,,dirty working tree reported; Total FPS coefficient of variation >25%; Collection FPS coefficient of variation >25%,570567.1555462278,192695.18836842928,632902.7842684884,database,database
2026-09-28,measured,2026-09-28T07:44:41.460805Z,Isaac-Velocity-Flat-UnitreeGo2,training,rsl_rl,ovphysx,none,8192,42,10,206944.4,42002.24684254668,222175.0,6.33,0.28,6.46,27.82,13.3,NVIDIA RTX PRO 6000 Blackwell Server Edition,94.97,INTEL(R) XEON(R) GOLD 5512U,56,251.36,13.3.1,NVIDIA-Linux-x86_64-595.58.03,17a2cc297969c9854c2603ebed76e8897f65baae,246072,2026-09-28T00:40:27.558762,,ISAAC_LAB_SINGLE_GPU_GTL_PRESET_OVPHYSX_E8192,benchmark_rsl_rl_Isaac-Velocity-Flat-UnitreeGo2_8192,2026-09-27,,dirty working tree reported,223856.74671139228,44168.79958685002,239887.58407998175,database,database
2026-09-28,measured,2026-09-28T06:44:55.475643Z,Isaac-Velocity-Rough-AnymalD,training,rsl_rl,isaacsim_physx,none,8192,42,10,62502.3,7830.241504009382,68151.0,12.85,0.69,13.15,64.5,21.71,NVIDIA RTX PRO 6000 Blackwell Server Edition,94.97,INTEL(R) XEON(R) GOLD 5512U,56,251.36,13.3.1,NVIDIA-Linux-x86_64-595.58.03,17a2cc297969c9854c2603ebed76e8897f65baae,245819,2026-09-27T23:42:35.213051,,ISAAC_LAB_SINGLE_GPU_GTL_PRESET_PHYSX_E8192,benchmark_rsl_rl_Isaac-Velocity-Rough-AnymalD_8192,2026-09-27,,dirty working tree reported,64993.01871942602,7974.037736078518,70938.9861776143,database,database
2026-09-28,measured,2026-09-28T07:18:27.976755Z,Isaac-Velocity-Rough-AnymalD,training,rsl_rl,newton_mjwarp,none,8192,42,10,154856.7,48608.3406241494,185523.0,5.94,0.86,6.76,46.86,43.38,NVIDIA RTX PRO 6000 Blackwell Server Edition,94.97,INTEL(R) XEON(R) GOLD 5512U,56,251.36,13.3.1,NVIDIA-Linux-x86_64-595.58.03,17a2cc297969c9854c2603ebed76e8897f65baae,245957,2026-09-28T00:17:24.218171,,ISAAC_LAB_SINGLE_GPU_GTL_PRESET_NEWTON_MJWARP_E8192,benchmark_rsl_rl_Isaac-Velocity-Rough-AnymalD_8192,2026-09-27,,dirty working tree reported; Total FPS coefficient of variation >25%; Collection FPS coefficient of variation >25%,168500.63763226836,53413.03381461445,203731.1266325185,database,database
2026-09-28,measured,2026-09-28T07:45:16.355537Z,Isaac-Velocity-Rough-AnymalD,training,rsl_rl,ovphysx,none,8192,42,10,74296.5,6321.285299156599,80699.0,9.63,0.67,9.89,66.67,19.23,NVIDIA RTX PRO 6000 Blackwell Server Edition,94.97,INTEL(R) XEON(R) GOLD 5512U,56,251.36,13.3.1,NVIDIA-Linux-x86_64-595.58.03,17a2cc297969c9854c2603ebed76e8897f65baae,246074,2026-09-28T00:41:18.849329,,ISAAC_LAB_SINGLE_GPU_GTL_PRESET_OVPHYSX_E8192,benchmark_rsl_rl_Isaac-Velocity-Rough-AnymalD_8192,2026-09-27,,dirty working tree reported,77343.00594327609,5798.88862504726,83896.62852629175,database,database
2026-09-28,measured,2026-09-28T06:44:48.795111Z,Isaac-Velocity-Rough-Cassie,training,rsl_rl,isaacsim_physx,none,8192,42,10,128366.0,22447.96396607546,147317.0,11.27,0.53,11.52,57.12,22.02,NVIDIA RTX PRO 6000 Blackwell Server Edition,94.97,INTEL(R) XEON(R) GOLD 5512U,56,251.36,13.3.1,NVIDIA-Linux-x86_64-595.58.03,17a2cc297969c9854c2603ebed76e8897f65baae,245817,2026-09-27T23:43:19.817393,,ISAAC_LAB_SINGLE_GPU_GTL_PRESET_PHYSX_E8192,benchmark_rsl_rl_Isaac-Velocity-Rough-Cassie_8192,2026-09-27,,dirty working tree reported,138683.47337505678,23990.03563928925,159662.1714545934,database,database
2026-09-28,measured,2026-09-28T07:17:30.560259Z,Isaac-Velocity-Rough-Cassie,training,rsl_rl,newton_mjwarp,none,8192,42,10,274475.4,71000.78671426426,297800.0,6.16,0.71,6.6,55.7,36.73,NVIDIA RTX PRO 6000 Blackwell Server Edition,94.97,INTEL(R) XEON(R) GOLD 5512U,56,251.36,13.3.1,NVIDIA-Linux-x86_64-595.58.03,17a2cc297969c9854c2603ebed76e8897f65baae,245948,2026-09-28T00:16:42.669216,,ISAAC_LAB_SINGLE_GPU_GTL_PRESET_NEWTON_MJWARP_E8192,benchmark_rsl_rl_Isaac-Velocity-Rough-Cassie_8192,2026-09-27,,dirty working tree reported; Total FPS coefficient of variation >25%; Collection FPS coefficient of variation >25%,319859.4908376069,84503.59230032083,347917.0639599494,database,database
2026-09-28,measured,2026-09-28T07:40:52.0918Z,Isaac-Velocity-Rough-Cassie,training,rsl_rl,ovphysx,none,8192,42,10,149238.3,25591.265285249185,161966.0,8.07,0.59,8.35,54.13,21.99,NVIDIA RTX PRO 6000 Blackwell Server Edition,94.97,INTEL(R) XEON(R) GOLD 5512U,56,251.36,13.3.1,NVIDIA-Linux-x86_64-595.58.03,17a2cc297969c9854c2603ebed76e8897f65baae,246045,2026-09-28T00:38:13.544209,,ISAAC_LAB_SINGLE_GPU_GTL_PRESET_OVPHYSX_E8192,benchmark_rsl_rl_Isaac-Velocity-Rough-Cassie_8192,2026-09-27,,dirty working tree reported,161674.0013229842,27311.303521640428,175802.33360955442,database,database
2026-09-28,measured,2026-09-28T06:25:49.354219Z,Isaac-Velocity-Rough-G1,training,rsl_rl,isaacsim_physx,none,8192,42,10,112484.0,21405.8955793855,127008.0,12.64,0.54,12.88,61.56,19.78,NVIDIA RTX PRO 6000 Blackwell Server Edition,94.97,INTEL(R) XEON(R) GOLD 5512U,56,251.36,13.3.1,NVIDIA-Linux-x86_64-595.58.03,17a2cc297969c9854c2603ebed76e8897f65baae,245729,2026-09-27T23:22:03.269912,,ISAAC_LAB_SINGLE_GPU_GTL_PRESET_PHYSX_E8192,benchmark_rsl_rl_Isaac-Velocity-Rough-G1_8192,2026-09-27,,dirty working tree reported,121482.30439611438,22967.468301015855,136652.8352616846,database,database
2026-09-28,measured,2026-09-28T07:00:51.274594Z,Isaac-Velocity-Rough-G1,training,rsl_rl,newton_mjwarp,none,8192,42,10,205792.5,51884.807093856165,223138.0,5.78,0.71,6.16,62.0,37.52,NVIDIA RTX PRO 6000 Blackwell Server Edition,94.97,INTEL(R) XEON(R) GOLD 5512U,56,251.36,13.3.1,NVIDIA-Linux-x86_64-595.58.03,17a2cc297969c9854c2603ebed76e8897f65baae,245878,2026-09-27T23:59:56.490414,,ISAAC_LAB_SINGLE_GPU_GTL_PRESET_NEWTON_MJWARP_E8192,benchmark_rsl_rl_Isaac-Velocity-Rough-G1_8192,2026-09-27,,dirty working tree reported; Total FPS coefficient of variation >25%; Collection FPS coefficient of variation >25%,232126.3009382963,59535.227755382686,252070.40834959017,database,database
2026-09-28,measured,2026-09-28T07:35:15.643474Z,Isaac-Velocity-Rough-G1,training,rsl_rl,ovphysx,none,8192,42,10,143225.2,25488.069596054804,153309.0,9.78,0.62,10.07,61.73,24.17,NVIDIA RTX PRO 6000 Blackwell Server Edition,94.97,INTEL(R) XEON(R) GOLD 5512U,56,251.36,13.3.1,NVIDIA-Linux-x86_64-595.58.03,17a2cc297969c9854c2603ebed76e8897f65baae,246027,2026-09-28T00:29:30.549265,,ISAAC_LAB_SINGLE_GPU_GTL_PRESET_OVPHYSX_E8192,benchmark_rsl_rl_Isaac-Velocity-Rough-G1_8192,2026-09-27,,dirty working tree reported,155327.89240177482,27382.162148589017,166236.52172104007,database,database
2026-09-28,measured,2026-09-28T06:43:35.062162Z,Isaac-Velocity-Rough-H1,training,rsl_rl,isaacsim_physx,none,8192,42,10,165944.7,34220.83485587886,186755.0,10.72,0.68,11.07,47.69,19.7,NVIDIA RTX PRO 6000 Blackwell Server Edition,94.97,INTEL(R) XEON(R) GOLD 5512U,56,251.36,13.3.1,NVIDIA-Linux-x86_64-595.58.03,17a2cc297969c9854c2603ebed76e8897f65baae,245807,2026-09-27T23:41:29.357664,,ISAAC_LAB_SINGLE_GPU_GTL_PRESET_PHYSX_E8192,benchmark_rsl_rl_Isaac-Velocity-Rough-H1_8192,2026-09-27,,dirty working tree reported,182712.8417725711,38008.21491902846,206807.80672110428,database,database
2026-09-28,measured,2026-09-28T07:18:18.417608Z,Isaac-Velocity-Rough-H1,training,rsl_rl,newton_mjwarp,none,8192,42,10,228696.5,57272.65208582928,254294.0,6.6,0.69,7.0,55.09,37.66,NVIDIA RTX PRO 6000 Blackwell Server Edition,94.97,INTEL(R) XEON(R) GOLD 5512U,56,251.36,13.3.1,NVIDIA-Linux-x86_64-595.58.03,17a2cc297969c9854c2603ebed76e8897f65baae,245954,2026-09-28T00:17:27.615072,,ISAAC_LAB_SINGLE_GPU_GTL_PRESET_NEWTON_MJWARP_E8192,benchmark_rsl_rl_Isaac-Velocity-Rough-H1_8192,2026-09-27,,dirty working tree reported; Total FPS coefficient of variation >25%; Collection FPS coefficient of variation >25%,259264.80265715427,66038.68026768997,289805.70205494977,database,database
2026-09-28,measured,2026-09-28T07:46:35.887917Z,Isaac-Velocity-Rough-H1,training,rsl_rl,ovphysx,none,8192,42,10,205118.6,43354.50574866598,221616.0,7.64,0.71,8.03,47.83,22.75,NVIDIA RTX PRO 6000 Blackwell Server Edition,94.97,INTEL(R) XEON(R) GOLD 5512U,56,235.61,13.3.1,NVIDIA-Linux-x86_64-595.58.03,17a2cc297969c9854c2603ebed76e8897f65baae,246083,2026-09-28T00:43:16.370732,,ISAAC_LAB_SINGLE_GPU_GTL_PRESET_OVPHYSX_E8192,benchmark_rsl_rl_Isaac-Velocity-Rough-H1_8192,2026-09-27,,dirty working tree reported,228576.78930209018,47927.28552125252,247023.60732341424,database,database
2026-09-28,measured,2026-09-28T06:47:43.589032Z,Isaac-Velocity-Rough-UnitreeGo2,training,rsl_rl,isaacsim_physx,none,8192,42,10,78951.0,14460.48634497932,87359.0,12.42,0.58,12.69,60.5,23.67,NVIDIA RTX PRO 6000 Blackwell Server Edition,94.97,INTEL(R) XEON(R) GOLD 5512U,56,251.36,13.3.1,NVIDIA-Linux-x86_64-595.58.03,17a2cc297969c9854c2603ebed76e8897f65baae,245825,2026-09-27T23:45:25.806347,,ISAAC_LAB_SINGLE_GPU_GTL_PRESET_PHYSX_E8192,benchmark_rsl_rl_Isaac-Velocity-Rough-UnitreeGo2_8192,2026-09-27,,dirty working tree reported,82649.5173174422,14880.621602801179,91502.59298512505,database,database
2026-09-28,measured,2026-09-28T07:20:13.500351Z,Isaac-Velocity-Rough-UnitreeGo2,training,rsl_rl,newton_mjwarp,none,8192,42,10,250249.6,63286.146307773306,281764.0,6.36,0.69,6.75,60.36,36.34,NVIDIA RTX PRO 6000 Blackwell Server Edition,94.97,INTEL(R) XEON(R) GOLD 5512U,56,251.36,13.3.1,NVIDIA-Linux-x86_64-595.58.03,17a2cc297969c9854c2603ebed76e8897f65baae,245967,2026-09-28T00:19:23.639774,,ISAAC_LAB_SINGLE_GPU_GTL_PRESET_NEWTON_MJWARP_E8192,benchmark_rsl_rl_Isaac-Velocity-Rough-UnitreeGo2_8192,2026-09-27,,dirty working tree reported; Total FPS coefficient of variation >25%; Collection FPS coefficient of variation >25%,286102.0616500028,73712.53987621758,325822.4134337971,database,database
2026-09-28,measured,2026-09-28T07:49:29.32658Z,Isaac-Velocity-Rough-UnitreeGo2,training,rsl_rl,ovphysx,none,8192,42,10,90193.7,10375.512293108444,96877.0,9.26,0.6,9.49,65.91,23.54,NVIDIA RTX PRO 6000 Blackwell Server Edition,94.97,INTEL(R) XEON(R) GOLD 5512U,56,251.36,13.3.1,NVIDIA-Linux-x86_64-595.58.03,17a2cc297969c9854c2603ebed76e8897f65baae,246093,2026-09-28T00:45:01.464903,,ISAAC_LAB_SINGLE_GPU_GTL_PRESET_OVPHYSX_E8192,benchmark_rsl_rl_Isaac-Velocity-Rough-UnitreeGo2_8192,2026-09-27,,dirty working tree reported,94615.11746870124,10266.629231502315,101654.02566418808,database,database
2026-10-05,measured,2026-10-05T06:23:08.018969Z,Isaac-Ant,training,rsl_rl,isaacsim_physx,none,8192,42,10,416913.1,96199.72957509923,458413.0,8.53,0.57,8.84,25.38,18.63,NVIDIA RTX PRO 6000 Blackwell Server Edition,94.97,INTEL(R) XEON(R) GOLD 5512U,56,251.36,13.3.1,NVIDIA-Linux-x86_64-595.58.03,a710e671a2a28492ebdbc433972190b7d7730670,260907,2026-10-04T23:21:25.247694,,ISAAC_LAB_SINGLE_GPU_GTL_PRESET_PHYSX_E8192,benchmark_rsl_rl_Isaac-Ant_8192,2026-10-04,,dirty working tree reported,505829.2496114593,115547.91879434287,558829.528949554,database,database
2026-10-05,measured,2026-10-05T07:05:09.329439Z,Isaac-Ant,training,rsl_rl,newton_mjwarp,none,8192,42,10,886862.8,276567.9624455604,977862.0,2.02,0.6,2.5,36.33,28.68,NVIDIA RTX PRO 6000 Blackwell Server Edition,94.97,INTEL(R) XEON(R) GOLD 5512U,56,251.36,13.3.1,NVIDIA-Linux-x86_64-595.58.03,a710e671a2a28492ebdbc433972190b7d7730670,261024,2026-10-05T00:04:08.005762,,ISAAC_LAB_SINGLE_GPU_GTL_PRESET_NEWTON_MJWARP_E8192,benchmark_rsl_rl_Isaac-Ant_8192,2026-10-04,,dirty working tree reported; Total FPS coefficient of variation >25%; Collection FPS coefficient of variation >25%,1362814.181067836,438557.0994202739,1509494.9976125658,database,database
2026-10-05,measured,2026-10-05T07:36:18.442777Z,Isaac-Ant,training,rsl_rl,ovphysx,none,8192,42,10,435499.7,101468.86387792946,474596.0,5.66,0.6,5.98,24.62,19.36,NVIDIA RTX PRO 6000 Blackwell Server Edition,94.97,INTEL(R) XEON(R) GOLD 5512U,56,251.36,13.3.1,NVIDIA-Linux-x86_64-595.58.03,a710e671a2a28492ebdbc433972190b7d7730670,261140,2026-10-05T00:31:34.655842,,ISAAC_LAB_SINGLE_GPU_GTL_PRESET_OVPHYSX_E8192,benchmark_rsl_rl_Isaac-Ant_8192,2026-10-04,,dirty working tree reported,524470.3708526667,120329.58174844607,572598.1870655109,database,database
2026-10-05,measured,2026-10-05T06:23:08.018969Z,Isaac-Ant-Direct,training,rsl_rl,isaacsim_physx,none,8192,42,10,465697.0,82796.594170426,503971.0,8.65,0.5,8.84,19.57,10.88,NVIDIA RTX PRO 6000 Blackwell Server Edition,94.97,INTEL(R) XEON(R) GOLD 5512U,56,251.36,13.3.1,NVIDIA-Linux-x86_64-595.58.03,a710e671a2a28492ebdbc433972190b7d7730670,260907,2026-10-04T23:22:06.971274,,ISAAC_LAB_SINGLE_GPU_GTL_PRESET_PHYSX_E8192,benchmark_rsl_rl_Isaac-Ant-Direct_8192,2026-10-04,,dirty working tree reported,581495.2781854192,87099.63784223526,627456.9446257269,database,database
2026-10-05,measured,2026-10-05T07:05:09.329439Z,Isaac-Ant-Direct,training,rsl_rl,newton_mjwarp,none,8192,42,10,1005952.5,291549.0824960315,1103515.0,2.01,0.66,2.49,37.4,31.9,NVIDIA RTX PRO 6000 Blackwell Server Edition,94.97,INTEL(R) XEON(R) GOLD 5512U,56,251.36,13.3.1,NVIDIA-Linux-x86_64-595.58.03,a710e671a2a28492ebdbc433972190b7d7730670,261024,2026-10-05T00:04:27.142591,,ISAAC_LAB_SINGLE_GPU_GTL_PRESET_NEWTON_MJWARP_E8192,benchmark_rsl_rl_Isaac-Ant-Direct_8192,2026-10-04,,dirty working tree reported; Total FPS coefficient of variation >25%; Collection FPS coefficient of variation >25%,1654986.9709166111,501210.7955005486,1825073.081454333,database,database
2026-10-05,measured,2026-10-05T07:36:18.442777Z,Isaac-Ant-Direct,training,rsl_rl,ovphysx,none,8192,42,10,478766.6,86678.72716749928,517160.0,5.77,0.51,5.98,20.86,15.5,NVIDIA RTX PRO 6000 Blackwell Server Edition,94.97,INTEL(R) XEON(R) GOLD 5512U,56,251.36,13.3.1,NVIDIA-Linux-x86_64-595.58.03,a710e671a2a28492ebdbc433972190b7d7730670,261140,2026-10-05T00:33:47.617117,,ISAAC_LAB_SINGLE_GPU_GTL_PRESET_OVPHYSX_E8192,benchmark_rsl_rl_Isaac-Ant-Direct_8192,2026-10-04,,dirty working tree reported,590914.4876893796,90971.16667192735,636097.4562595782,database,database
2026-10-05,measured,2026-10-05T06:24:58.878896Z,Isaac-Cartpole,training,rsl_rl,isaacsim_physx,none,8192,42,10,547741.6,129198.10764799236,603325.0,7.16,0.03,7.17,15.75,6.5,NVIDIA RTX PRO 6000 Blackwell Server Edition,94.97,INTEL(R) XEON(R) GOLD 5512U,56,251.36,13.3.1,NVIDIA-Linux-x86_64-595.58.03,a710e671a2a28492ebdbc433972190b7d7730670,260916,2026-10-04T23:23:53.071057,,ISAAC_LAB_SINGLE_GPU_GTL_PRESET_PHYSX_E8192,benchmark_rsl_rl_Isaac-Cartpole_8192,2026-10-04,,dirty working tree reported,842459.8054789694,187190.8970051687,936963.459046736,database,database
2026-10-05,measured,2026-10-05T07:07:59.915424Z,Isaac-Cartpole,training,rsl_rl,newton_mjwarp,none,8192,42,10,1016685.5,330994.85373550584,1126927.0,0.97,0.05,1.01,12.75,14.15,NVIDIA RTX PRO 6000 Blackwell Server Edition,94.97,INTEL(R) XEON(R) GOLD 5512U,56,251.36,13.3.1,NVIDIA-Linux-x86_64-595.58.03,a710e671a2a28492ebdbc433972190b7d7730670,261034,2026-10-05T00:07:11.002891,,ISAAC_LAB_SINGLE_GPU_GTL_PRESET_NEWTON_MJWARP_E8192,benchmark_rsl_rl_Isaac-Cartpole_8192,2026-10-04,,dirty working tree reported; Total FPS coefficient of variation >25%; Collection FPS coefficient of variation >25%,2108660.149009737,709610.1176572421,2349052.543393453,database,database
2026-10-05,measured,2026-10-05T07:35:42.831784Z,Isaac-Cartpole,training,rsl_rl,ovphysx,none,8192,42,10,608327.3,151826.5631451083,669126.0,4.15,0.04,4.17,13.0,8.68,NVIDIA RTX PRO 6000 Blackwell Server Edition,94.97,INTEL(R) XEON(R) GOLD 5512U,56,251.36,13.3.1,NVIDIA-Linux-x86_64-595.58.03,a710e671a2a28492ebdbc433972190b7d7730670,261136,2026-10-05T00:33:37.268087,,ISAAC_LAB_SINGLE_GPU_GTL_PRESET_OVPHYSX_E8192,benchmark_rsl_rl_Isaac-Cartpole_8192,2026-10-04,,dirty working tree reported,858691.7159816677,201319.0861613209,949526.3453216783,database,database
2026-10-05,measured,2026-10-05T09:40:22.353375Z,Isaac-Cartpole-Camera,training,rsl_rl,isaacsim_physx,isaacsim_rtx,8192,42,10,70426.0,5990.529210530754,72717.0,65.77,2.28,69.31,54.65,33.85,NVIDIA RTX PRO 6000 Blackwell Server Edition,94.97,INTEL(R) XEON(R) GOLD 5512U,56,251.36,13.3.1,NVIDIA-Linux-x86_64-595.58.03,a710e671a2a28492ebdbc433972190b7d7730670,261491,2026-10-05T02:38:11.466068,simple_shading_full_mdl,ISAAC_LAB_SINGLE_GPU_GTL_PRESET_PHYSX_ISAACSIMRTX_SSFM_E8192_R64,benchmark_rsl_rl_Isaac-Cartpole-Camera_r64_8192,2026-10-04,,dirty working tree reported; resolved camera dimensions not recorded; fixed profile selected by explicit preset,110161.48312349232,6248.377771505669,112901.13392571831,database,database
2026-10-05,measured,2026-10-05T09:21:47.715636Z,Isaac-Cartpole-Camera,training,rsl_rl,newton_mjwarp,newton_renderer,8192,42,10,151724.3,22501.61956171155,158975.0,59.26,3.31,73.99,86.86,22.35,NVIDIA RTX PRO 6000 Blackwell Server Edition,94.97,INTEL(R) XEON(R) GOLD 5512U,56,235.61,13.3.1,NVIDIA-Linux-x86_64-595.58.03,a710e671a2a28492ebdbc433972190b7d7730670,261435,2026-10-05T02:20:36.024239,rgb,ISAAC_LAB_SINGLE_GPU_GTL_PRESET_NEWTON_WARP_RGB_E8192_R64,benchmark_rsl_rl_Isaac-Cartpole-Camera_r64_8192,2026-10-04,,dirty working tree reported; resolved camera dimensions not recorded; fixed profile selected by explicit preset,602991.3101672139,116943.28361544933,640695.8645550051,database,database
2026-10-05,measured,2026-10-05T10:04:31.542316Z,Isaac-Cartpole-Camera,training,rsl_rl,newton_mjwarp,ovrtx,8192,42,10,130798.9,17456.98823107812,137649.0,62.64,2.38,63.39,76.81,27.29,NVIDIA RTX PRO 6000 Blackwell Server Edition,94.97,INTEL(R) XEON(R) GOLD 5512U,56,251.36,13.3.1,NVIDIA-Linux-x86_64-595.58.03,a710e671a2a28492ebdbc433972190b7d7730670,261556,2026-10-05T03:03:01.722144,simple_shading_full_mdl,ISAAC_LAB_SINGLE_GPU_GTL_PRESET_NEWTON_OVRTX_SSFM_E8192_R64,benchmark_rsl_rl_Isaac-Cartpole-Camera_r64_8192,2026-10-04,,dirty working tree reported; resolved camera dimensions not recorded; fixed profile selected by explicit preset,374557.54547089647,54474.75058979593,401558.5301528189,database,database
2026-10-05,measured,2026-10-05T02:48:19.028304Z,Isaac-Cartpole-Camera,training,rsl_rl,ovphysx,ovrtx,8192,42,10,66696.3,4320.769197209631,70113.0,65.57,2.29,66.32,44.08,36.74,NVIDIA RTX PRO 6000 Blackwell Server Edition,94.97,INTEL(R) XEON(R) GOLD 5512U,56,251.36,13.3.1,NVIDIA-Linux-x86_64-595.58.03,a710e671a2a28492ebdbc433972190b7d7730670,260272,2026-10-04T19:45:40.213793,simple_shading_full_mdl,ISAAC_LAB_SINGLE_GPU_GTL_PRESET_OVPHYSX_OVRTX_SSFM_E8192_R64,benchmark_rsl_rl_Isaac-Cartpole-Camera_r64_8192,2026-10-04,,dirty working tree reported; resolved camera dimensions not recorded; fixed profile selected by explicit preset,100294.72329641065,2802.2199956990135,105781.14317622154,database,database
2026-10-05,measured,2026-10-05T09:40:22.353375Z,Isaac-Cartpole-Camera-Direct,training,rsl_rl,isaacsim_physx,isaacsim_rtx,8192,42,10,71063.0,6592.81806210364,74390.0,65.94,2.94,81.18,52.47,32.06,NVIDIA RTX PRO 6000 Blackwell Server Edition,94.97,INTEL(R) XEON(R) GOLD 5512U,56,251.36,13.3.1,NVIDIA-Linux-x86_64-595.58.03,a710e671a2a28492ebdbc433972190b7d7730670,261491,2026-10-05T02:36:15.400429,simple_shading_full_mdl,ISAAC_LAB_SINGLE_GPU_GTL_PRESET_PHYSX_ISAACSIMRTX_SSFM_E8192_R64,benchmark_rsl_rl_Isaac-Cartpole-Camera-Direct_r64_8192,2026-10-04,,dirty working tree reported; resolved camera dimensions not recorded; fixed profile selected by explicit preset,111651.92664582447,7727.682720800304,117223.3475921758,database,database
2026-10-05,measured,2026-10-05T09:21:47.715636Z,Isaac-Cartpole-Camera-Direct,training,rsl_rl,newton_mjwarp,newton_renderer,8192,42,10,153595.6,22917.982455317095,160889.0,59.28,3.28,73.99,87.14,22.47,NVIDIA RTX PRO 6000 Blackwell Server Edition,94.97,INTEL(R) XEON(R) GOLD 5512U,56,235.61,13.3.1,NVIDIA-Linux-x86_64-595.58.03,a710e671a2a28492ebdbc433972190b7d7730670,261435,2026-10-05T02:19:45.442675,rgb,ISAAC_LAB_SINGLE_GPU_GTL_PRESET_NEWTON_WARP_RGB_E8192_R64,benchmark_rsl_rl_Isaac-Cartpole-Camera-Direct_r64_8192,2026-10-04,,dirty working tree reported; resolved camera dimensions not recorded; fixed profile selected by explicit preset,630333.0334972331,122662.73619625969,669699.4958735801,database,database
2026-10-05,measured,2026-10-05T10:04:31.542316Z,Isaac-Cartpole-Camera-Direct,training,rsl_rl,newton_mjwarp,ovrtx,8192,42,10,131324.6,18307.2182497627,138373.0,62.6,2.5,63.47,82.55,21.12,NVIDIA RTX PRO 6000 Blackwell Server Edition,94.97,INTEL(R) XEON(R) GOLD 5512U,56,251.36,13.3.1,NVIDIA-Linux-x86_64-595.58.03,a710e671a2a28492ebdbc433972190b7d7730670,261556,2026-10-05T03:01:39.292118,simple_shading_full_mdl,ISAAC_LAB_SINGLE_GPU_GTL_PRESET_NEWTON_OVRTX_SSFM_E8192_R64,benchmark_rsl_rl_Isaac-Cartpole-Camera-Direct_r64_8192,2026-10-04,,dirty working tree reported; resolved camera dimensions not recorded; fixed profile selected by explicit preset,380375.22133012407,60118.54018491759,409410.27773734607,database,database
2026-10-05,measured,2026-10-05T02:48:19.028304Z,Isaac-Cartpole-Camera-Direct,training,rsl_rl,ovphysx,ovrtx,8192,42,10,65951.3,4455.312660184468,69640.0,65.72,2.25,69.04,43.19,36.81,NVIDIA RTX PRO 6000 Blackwell Server Edition,94.97,INTEL(R) XEON(R) GOLD 5512U,56,251.36,13.3.1,NVIDIA-Linux-x86_64-595.58.03,a710e671a2a28492ebdbc433972190b7d7730670,260272,2026-10-04T19:43:18.745174,simple_shading_full_mdl,ISAAC_LAB_SINGLE_GPU_GTL_PRESET_OVPHYSX_OVRTX_SSFM_E8192_R64,benchmark_rsl_rl_Isaac-Cartpole-Camera-Direct_r64_8192,2026-10-04,,dirty working tree reported; resolved camera dimensions not recorded; fixed profile selected by explicit preset,98695.36235168006,3139.8012013651132,104380.52052966075,database,database
2026-10-05,measured,2026-10-05T06:24:58.878896Z,Isaac-Cartpole-Direct,training,rsl_rl,isaacsim_physx,none,8192,42,10,594597.1,145722.31031615502,670455.0,7.16,0.03,7.17,16.75,7.18,NVIDIA RTX PRO 6000 Blackwell Server Edition,94.97,INTEL(R) XEON(R) GOLD 5512U,56,251.36,13.3.1,NVIDIA-Linux-x86_64-595.58.03,a710e671a2a28492ebdbc433972190b7d7730670,260916,2026-10-04T23:24:17.362773,,ISAAC_LAB_SINGLE_GPU_GTL_PRESET_PHYSX_E8192,benchmark_rsl_rl_Isaac-Cartpole-Direct_8192,2026-10-04,,dirty working tree reported,943894.3023652737,215134.53489167578,1082577.9435824829,database,database
2026-10-05,measured,2026-10-05T07:07:59.915424Z,Isaac-Cartpole-Direct,training,rsl_rl,newton_mjwarp,none,8192,42,10,1091728.7,346489.2819121698,1207800.0,0.97,0.05,1.01,13.25,14.73,NVIDIA RTX PRO 6000 Blackwell Server Edition,94.97,INTEL(R) XEON(R) GOLD 5512U,56,251.36,13.3.1,NVIDIA-Linux-x86_64-595.58.03,a710e671a2a28492ebdbc433972190b7d7730670,261034,2026-10-05T00:07:26.157018,,ISAAC_LAB_SINGLE_GPU_GTL_PRESET_NEWTON_MJWARP_E8192,benchmark_rsl_rl_Isaac-Cartpole-Direct_8192,2026-10-04,,dirty working tree reported; Total FPS coefficient of variation >25%; Collection FPS coefficient of variation >25%,2429121.1492304923,803627.851126886,2702113.568118592,database,database
2026-10-05,measured,2026-10-05T07:36:00.670336Z,Isaac-Cartpole-Direct,training,rsl_rl,ovphysx,none,8192,42,10,615650.8,156060.85496782622,681734.0,4.15,0.03,4.17,12.0,8.12,NVIDIA RTX PRO 6000 Blackwell Server Edition,94.97,INTEL(R) XEON(R) GOLD 5512U,56,251.36,13.3.1,NVIDIA-Linux-x86_64-595.58.03,a710e671a2a28492ebdbc433972190b7d7730670,261138,2026-10-05T00:34:50.965877,,ISAAC_LAB_SINGLE_GPU_GTL_PRESET_OVPHYSX_E8192,benchmark_rsl_rl_Isaac-Cartpole-Direct_8192,2026-10-04,,dirty working tree reported; Total FPS coefficient of variation >25%,894251.0629001373,211132.12648162118,994403.2086244008,database,database
2026-10-05,measured,2026-10-05T06:26:31.135429Z,Isaac-Humanoid,training,rsl_rl,isaacsim_physx,none,8192,42,10,282962.4,57989.291044314574,319656.0,9.61,0.62,9.88,26.91,19.38,NVIDIA RTX PRO 6000 Blackwell Server Edition,94.97,INTEL(R) XEON(R) GOLD 5512U,56,251.36,13.3.1,NVIDIA-Linux-x86_64-595.58.03,a710e671a2a28492ebdbc433972190b7d7730670,260919,2026-10-04T23:24:24.191805,,ISAAC_LAB_SINGLE_GPU_GTL_PRESET_PHYSX_E8192,benchmark_rsl_rl_Isaac-Humanoid_8192,2026-10-04,,dirty working tree reported,323326.9805076039,64408.76403190729,367886.88535634964,database,database
2026-10-05,measured,2026-10-05T07:07:00.498346Z,Isaac-Humanoid,training,rsl_rl,newton_mjwarp,none,8192,42,10,589476.5,174812.65552537475,645845.0,2.54,0.68,3.04,50.62,31.46,NVIDIA RTX PRO 6000 Blackwell Server Edition,94.97,INTEL(R) XEON(R) GOLD 5512U,56,251.36,13.3.1,NVIDIA-Linux-x86_64-595.58.03,a710e671a2a28492ebdbc433972190b7d7730670,261031,2026-10-05T00:05:59.718860,,ISAAC_LAB_SINGLE_GPU_GTL_PRESET_NEWTON_MJWARP_E8192,benchmark_rsl_rl_Isaac-Humanoid_8192,2026-10-04,,dirty working tree reported; Total FPS coefficient of variation >25%; Collection FPS coefficient of variation >25%,773074.8440866212,234863.8257312582,848891.6485818757,database,database
2026-10-05,measured,2026-10-05T07:40:47.551872Z,Isaac-Humanoid,training,rsl_rl,ovphysx,none,8192,42,10,303508.8,62880.558666234654,334749.0,6.84,0.62,7.11,26.0,20.76,NVIDIA RTX PRO 6000 Blackwell Server Edition,94.97,INTEL(R) XEON(R) GOLD 5512U,56,251.36,13.3.1,NVIDIA-Linux-x86_64-595.58.03,a710e671a2a28492ebdbc433972190b7d7730670,261150,2026-10-05T00:34:27.296244,,ISAAC_LAB_SINGLE_GPU_GTL_PRESET_OVPHYSX_E8192,benchmark_rsl_rl_Isaac-Humanoid_8192,2026-10-04,,dirty working tree reported,346096.61992382177,69477.1666459129,382806.8542334265,database,database
2026-10-05,measured,2026-10-05T06:26:31.135429Z,Isaac-Humanoid-Direct,training,rsl_rl,isaacsim_physx,none,8192,42,10,303153.7,47651.72534372006,330813.0,9.59,0.65,9.9,32.1,17.19,NVIDIA RTX PRO 6000 Blackwell Server Edition,94.97,INTEL(R) XEON(R) GOLD 5512U,56,251.36,13.3.1,NVIDIA-Linux-x86_64-595.58.03,a710e671a2a28492ebdbc433972190b7d7730670,260919,2026-10-04T23:25:19.514930,,ISAAC_LAB_SINGLE_GPU_GTL_PRESET_PHYSX_E8192,benchmark_rsl_rl_Isaac-Humanoid-Direct_8192,2026-10-04,,dirty working tree reported,351310.5610614647,47317.68414799798,382471.81940424774,database,database
2026-10-05,measured,2026-10-05T07:10:53.028842Z,Isaac-Humanoid-Direct,training,rsl_rl,newton_mjwarp,none,8192,42,10,630361.8,181771.00602913668,689707.0,2.65,0.67,3.04,47.57,35.4,NVIDIA RTX PRO 6000 Blackwell Server Edition,94.97,INTEL(R) XEON(R) GOLD 5512U,56,251.36,13.3.1,NVIDIA-Linux-x86_64-595.58.03,a710e671a2a28492ebdbc433972190b7d7730670,261041,2026-10-05T00:10:12.919655,,ISAAC_LAB_SINGLE_GPU_GTL_PRESET_NEWTON_MJWARP_E8192,benchmark_rsl_rl_Isaac-Humanoid-Direct_8192,2026-10-04,,dirty working tree reported; Total FPS coefficient of variation >25%; Collection FPS coefficient of variation >25%,848753.4743619832,251530.40818839264,932389.2467917923,database,database
2026-10-05,measured,2026-10-05T07:40:47.551872Z,Isaac-Humanoid-Direct,training,rsl_rl,ovphysx,none,8192,42,10,323761.9,49455.73875800462,352785.0,6.81,0.65,7.11,26.9,10.17,NVIDIA RTX PRO 6000 Blackwell Server Edition,94.97,INTEL(R) XEON(R) GOLD 5512U,56,251.36,13.3.1,NVIDIA-Linux-x86_64-595.58.03,a710e671a2a28492ebdbc433972190b7d7730670,261150,2026-10-05T00:37:29.029567,,ISAAC_LAB_SINGLE_GPU_GTL_PRESET_OVPHYSX_E8192,benchmark_rsl_rl_Isaac-Humanoid-Direct_8192,2026-10-04,,dirty working tree reported,374441.0802987741,46952.8773897968,406593.44774876453,database,database
2026-10-05,measured,2026-10-05T06:38:08.964962Z,Isaac-Lift-Franka,training,rsl_rl,isaacsim_physx,none,8192,42,10,166340.2,20838.634289863305,176165.0,14.79,1.41,15.42,51.24,21.21,NVIDIA RTX PRO 6000 Blackwell Server Edition,94.97,INTEL(R) XEON(R) GOLD 5512U,56,251.36,13.3.1,NVIDIA-Linux-x86_64-595.58.03,a710e671a2a28492ebdbc433972190b7d7730670,260954,2026-10-04T23:35:21.709886,,ISAAC_LAB_SINGLE_GPU_GTL_PRESET_PHYSX_E8192,benchmark_rsl_rl_Isaac-Lift-Franka_8192,2026-10-04,,dirty working tree reported,197366.13417127135,25570.22654238507,210187.42092267002,database,database
2026-10-05,measured,2026-10-05T07:09:56.931804Z,Isaac-Lift-Franka,training,rsl_rl,newton_mjwarp,none,8192,42,10,315918.0,100664.3114768641,348426.0,5.54,1.9,7.49,41.94,38.99,NVIDIA RTX PRO 6000 Blackwell Server Edition,94.97,INTEL(R) XEON(R) GOLD 5512U,56,251.36,13.3.1,NVIDIA-Linux-x86_64-595.58.03,a710e671a2a28492ebdbc433972190b7d7730670,261038,2026-10-05T00:09:02.590214,,ISAAC_LAB_SINGLE_GPU_GTL_PRESET_NEWTON_MJWARP_E8192,benchmark_rsl_rl_Isaac-Lift-Franka_8192,2026-10-04,,dirty working tree reported; Total FPS coefficient of variation >25%; Collection FPS coefficient of variation >25%,450693.49958670745,147623.58187310625,499793.006415647,database,database
2026-10-05,measured,2026-10-05T07:37:22.110114Z,Isaac-Lift-Franka,training,rsl_rl,ovphysx,none,8192,42,10,157291.1,18027.921020523198,164533.0,11.41,1.39,12.02,43.06,14.44,NVIDIA RTX PRO 6000 Blackwell Server Edition,94.97,INTEL(R) XEON(R) GOLD 5512U,56,251.36,13.3.1,NVIDIA-Linux-x86_64-595.58.03,a710e671a2a28492ebdbc433972190b7d7730670,261146,2026-10-05T00:34:16.399713,,ISAAC_LAB_SINGLE_GPU_GTL_PRESET_OVPHYSX_E8192,benchmark_rsl_rl_Isaac-Lift-Franka_8192,2026-10-04,,dirty working tree reported,182948.5796008677,21282.56224911697,191752.58575949963,database,database
2026-10-05,measured,2026-10-05T06:28:55.032394Z,Isaac-Lift-KukaAllegro,training,rsl_rl,isaacsim_physx,none,8192,42,10,61320.0,3605.698730250953,64455.0,17.39,1.46,18.07,75.45,17.33,NVIDIA RTX PRO 6000 Blackwell Server Edition,94.97,INTEL(R) XEON(R) GOLD 5512U,56,251.36,13.3.1,NVIDIA-Linux-x86_64-595.58.03,a710e671a2a28492ebdbc433972190b7d7730670,260926,2026-10-04T23:25:07.475073,,ISAAC_LAB_SINGLE_GPU_GTL_PRESET_PHYSX_E8192,benchmark_rsl_rl_Isaac-Lift-KukaAllegro_8192,2026-10-04,,dirty working tree reported,65605.60364391409,3710.3821602451585,69052.84661625161,database,database
2026-10-05,measured,2026-10-05T07:18:11.048256Z,Isaac-Lift-KukaAllegro,training,rsl_rl,newton_mjwarp,none,8192,42,10,221688.4,69400.12763228737,246378.0,7.22,2.41,9.57,45.73,42.58,NVIDIA RTX PRO 6000 Blackwell Server Edition,94.97,INTEL(R) XEON(R) GOLD 5512U,56,251.36,13.3.1,NVIDIA-Linux-x86_64-595.58.03,a710e671a2a28492ebdbc433972190b7d7730670,261080,2026-10-05T00:17:10.122685,,ISAAC_LAB_SINGLE_GPU_GTL_PRESET_NEWTON_MJWARP_E8192,benchmark_rsl_rl_Isaac-Lift-KukaAllegro_8192,2026-10-04,,dirty working tree reported; Total FPS coefficient of variation >25%; Collection FPS coefficient of variation >25%,291217.61616485927,93555.07349939279,325519.746294458,database,database
2026-10-05,measured,2026-10-05T07:43:19.23758Z,Isaac-Lift-KukaAllegro,training,rsl_rl,ovphysx,none,8192,42,10,59824.6,2895.5290132662576,62395.0,14.5,1.42,15.05,74.36,17.22,NVIDIA RTX PRO 6000 Blackwell Server Edition,94.97,INTEL(R) XEON(R) GOLD 5512U,56,251.36,13.3.1,NVIDIA-Linux-x86_64-595.58.03,a710e671a2a28492ebdbc433972190b7d7730670,261156,2026-10-05T00:36:47.758299,,ISAAC_LAB_SINGLE_GPU_GTL_PRESET_OVPHYSX_E8192,benchmark_rsl_rl_Isaac-Lift-KukaAllegro_8192,2026-10-04,,dirty working tree reported,63711.032828657684,2891.212067927204,66491.20679121123,database,database
2026-10-05,measured,2026-10-05T09:41:46.388271Z,Isaac-Lift-KukaAllegro-Camera,training,rsl_rl,isaacsim_physx,isaacsim_rtx,8192,42,10,28560.6,5501.193955254926,30723.0,24.15,2.66,25.46,52.03,28.49,NVIDIA RTX PRO 6000 Blackwell Server Edition,94.97,INTEL(R) XEON(R) GOLD 5512U,56,251.36,13.3.1,NVIDIA-Linux-x86_64-595.58.03,a710e671a2a28492ebdbc433972190b7d7730670,261498,2026-10-05T02:35:52.440140,"cube,simple_shading_full_mdl64,single_camera",ISAAC_LAB_SINGLE_GPU_GTL_PRESET_PHYSX_ISAACSIMRTX_SSFM_E8192_R64,benchmark_rsl_rl_Isaac-Lift-KukaAllegro-Camera_cube_single_camera_simple_shading_full_mdl64_r64_8192,2026-10-04,,dirty working tree reported; resolved camera dimensions not recorded; fixed profile selected by explicit preset,31966.97042655044,6264.502741338102,34434.52585383881,database,database
2026-10-05,measured,2026-10-05T09:18:48.791849Z,Isaac-Lift-KukaAllegro-Camera,training,rsl_rl,newton_mjwarp,newton_renderer,8192,42,10,117658.4,33866.578914584476,129905.0,13.4,3.54,16.02,64.44,42.68,NVIDIA RTX PRO 6000 Blackwell Server Edition,94.97,INTEL(R) XEON(R) GOLD 5512U,56,251.36,13.3.1,NVIDIA-Linux-x86_64-595.58.03,a710e671a2a28492ebdbc433972190b7d7730670,261425,2026-10-05T02:17:35.286295,"cube,rgb64,single_camera",ISAAC_LAB_SINGLE_GPU_GTL_PRESET_NEWTON_WARP_RGB_E8192_R64,benchmark_rsl_rl_Isaac-Lift-KukaAllegro-Camera_cube_single_camera_rgb64_r64_8192,2026-10-04,,dirty working tree reported; resolved camera dimensions not recorded; fixed profile selected by explicit preset; Total FPS coefficient of variation >25%; Collection FPS coefficient of variation >25%,206015.44401979257,63758.25659530731,230805.96881140067,database,database
2026-10-05,measured,2026-10-05T10:00:01.884111Z,Isaac-Lift-KukaAllegro-Camera,training,rsl_rl,newton_mjwarp,ovrtx,8192,42,10,100444.1,29910.606351630893,112891.0,18.24,3.49,20.86,53.94,37.27,NVIDIA RTX PRO 6000 Blackwell Server Edition,94.97,INTEL(R) XEON(R) GOLD 5512U,56,251.36,13.3.1,NVIDIA-Linux-x86_64-595.58.03,a710e671a2a28492ebdbc433972190b7d7730670,261548,2026-10-05T02:58:11.628932,"cube,simple_shading_full_mdl64,single_camera",ISAAC_LAB_SINGLE_GPU_GTL_PRESET_NEWTON_OVRTX_SSFM_E8192_R64,benchmark_rsl_rl_Isaac-Lift-KukaAllegro-Camera_cube_single_camera_simple_shading_full_mdl64_r64_8192,2026-10-04,,dirty working tree reported; resolved camera dimensions not recorded; fixed profile selected by explicit preset; Total FPS coefficient of variation >25%; Collection FPS coefficient of variation >25%,159599.73403451807,52324.60417720629,184090.71663121067,database,database
2026-10-05,measured,2026-10-05T02:52:20.24439Z,Isaac-Lift-KukaAllegro-Camera,training,rsl_rl,ovphysx,ovrtx,8192,42,10,11548.4,233.91413429338172,11727.0,25.49,2.03,26.18,17.11,28.29,NVIDIA RTX PRO 6000 Blackwell Server Edition,94.97,INTEL(R) XEON(R) GOLD 5512U,56,235.61,13.3.1,NVIDIA-Linux-x86_64-595.58.03,a710e671a2a28492ebdbc433972190b7d7730670,260281,2026-10-04T19:42:39.714004,"cube,simple_shading_full_mdl64,single_camera",ISAAC_LAB_SINGLE_GPU_GTL_PRESET_OVPHYSX_OVRTX_SSFM_E8192_R64,benchmark_rsl_rl_Isaac-Lift-KukaAllegro-Camera_cube_single_camera_simple_shading_full_mdl64_r64_8192,2026-10-04,,dirty working tree reported; resolved camera dimensions not recorded; fixed profile selected by explicit preset,12073.987957848532,138.9663153097857,12224.093376276896,database,database
2026-10-05,measured,2026-10-05T06:33:14.260419Z,Isaac-Open-Drawer-Franka,training,rsl_rl,isaacsim_physx,none,8192,42,10,307550.5,22153.439207541167,319923.0,11.62,0.68,11.85,56.67,16.22,NVIDIA RTX PRO 6000 Blackwell Server Edition,94.97,INTEL(R) XEON(R) GOLD 5512U,56,235.61,13.3.1,NVIDIA-Linux-x86_64-595.58.03,a710e671a2a28492ebdbc433972190b7d7730670,260939,2026-10-04T23:28:11.439335,,ISAAC_LAB_SINGLE_GPU_GTL_PRESET_PHYSX_E8192,benchmark_rsl_rl_Isaac-Open-Drawer-Franka_8192,2026-10-04,,dirty working tree reported,331299.8741985023,18162.793315598705,343217.0919917171,database,database
2026-10-05,measured,2026-10-05T07:15:01.629598Z,Isaac-Open-Drawer-Franka,training,rsl_rl,newton_mjwarp,none,8192,42,10,404379.8,70978.88326318531,431118.0,7.0,1.8,7.72,69.36,26.2,NVIDIA RTX PRO 6000 Blackwell Server Edition,94.97,INTEL(R) XEON(R) GOLD 5512U,56,251.36,13.3.1,NVIDIA-Linux-x86_64-595.58.03,a710e671a2a28492ebdbc433972190b7d7730670,261057,2026-10-05T00:13:25.956168,,ISAAC_LAB_SINGLE_GPU_GTL_PRESET_NEWTON_MJWARP_E8192,benchmark_rsl_rl_Isaac-Open-Drawer-Franka_8192,2026-10-04,,dirty working tree reported,442125.8193632964,76297.885437619,471254.4784886071,database,database
2026-10-05,measured,2026-10-05T07:44:50.762244Z,Isaac-Open-Drawer-Franka,training,rsl_rl,ovphysx,none,8192,42,10,308386.3,19487.25561346298,319113.0,8.73,0.68,8.97,55.52,15.96,NVIDIA RTX PRO 6000 Blackwell Server Edition,94.97,INTEL(R) XEON(R) GOLD 5512U,56,251.36,13.3.1,NVIDIA-Linux-x86_64-595.58.03,a710e671a2a28492ebdbc433972190b7d7730670,261163,2026-10-05T00:36:39.652575,,ISAAC_LAB_SINGLE_GPU_GTL_PRESET_OVPHYSX_E8192,benchmark_rsl_rl_Isaac-Open-Drawer-Franka_8192,2026-10-04,,dirty working tree reported,330620.00939939515,14711.845975404143,340424.8369650092,database,database
2026-10-05,measured,2026-10-05T06:33:14.260419Z,Isaac-Open-Drawer-Franka-Direct,training,rsl_rl,isaacsim_physx,none,8192,42,10,298353.2,23142.33864490699,308649.0,11.59,0.69,11.85,60.63,14.71,NVIDIA RTX PRO 6000 Blackwell Server Edition,94.97,INTEL(R) XEON(R) GOLD 5512U,56,235.61,13.3.1,NVIDIA-Linux-x86_64-595.58.03,a710e671a2a28492ebdbc433972190b7d7730670,260939,2026-10-04T23:30:35.928308,,ISAAC_LAB_SINGLE_GPU_GTL_PRESET_PHYSX_E8192,benchmark_rsl_rl_Isaac-Open-Drawer-Franka-Direct_8192,2026-10-04,,dirty working tree reported,320639.33191677294,19785.603137574166,330301.07932539383,database,database
2026-10-05,measured,2026-10-05T07:15:01.629598Z,Isaac-Open-Drawer-Franka-Direct,training,rsl_rl,newton_mjwarp,none,8192,42,10,403458.5,61476.74952053915,424749.0,7.19,1.4,7.69,71.48,23.17,NVIDIA RTX PRO 6000 Blackwell Server Edition,94.97,INTEL(R) XEON(R) GOLD 5512U,56,251.36,13.3.1,NVIDIA-Linux-x86_64-595.58.03,a710e671a2a28492ebdbc433972190b7d7730670,261057,2026-10-05T00:14:04.701538,,ISAAC_LAB_SINGLE_GPU_GTL_PRESET_NEWTON_MJWARP_E8192,benchmark_rsl_rl_Isaac-Open-Drawer-Franka-Direct_8192,2026-10-04,,dirty working tree reported,440941.76211444085,64397.634358578835,463455.7887141665,database,database
2026-10-05,measured,2026-10-05T07:44:50.762244Z,Isaac-Open-Drawer-Franka-Direct,training,rsl_rl,ovphysx,none,8192,42,10,290446.9,20852.85572476292,303161.0,8.71,0.67,8.96,54.25,11.39,NVIDIA RTX PRO 6000 Blackwell Server Edition,94.97,INTEL(R) XEON(R) GOLD 5512U,56,251.36,13.3.1,NVIDIA-Linux-x86_64-595.58.03,a710e671a2a28492ebdbc433972190b7d7730670,261163,2026-10-05T00:40:36.492669,,ISAAC_LAB_SINGLE_GPU_GTL_PRESET_OVPHYSX_E8192,benchmark_rsl_rl_Isaac-Open-Drawer-Franka-Direct_8192,2026-10-04,,dirty working tree reported,310150.50910777214,17302.754860412366,322510.7253924279,database,database
2026-10-05,measured,2026-10-05T06:33:19.40818Z,Isaac-Reach-Franka,training,rsl_rl,isaacsim_physx,none,8192,42,10,298854.6,74035.34582766681,324265.0,8.33,0.09,8.38,29.44,16.59,NVIDIA RTX PRO 6000 Blackwell Server Edition,94.97,INTEL(R) XEON(R) GOLD 5512U,56,251.36,13.3.1,NVIDIA-Linux-x86_64-595.58.03,a710e671a2a28492ebdbc433972190b7d7730670,260940,2026-10-04T23:29:36.656518,,ISAAC_LAB_SINGLE_GPU_GTL_PRESET_PHYSX_E8192,benchmark_rsl_rl_Isaac-Reach-Franka_8192,2026-10-04,,dirty working tree reported; Collection FPS coefficient of variation >25%,375874.81895870983,94587.38824696855,409112.68982925726,database,database
2026-10-05,measured,2026-10-05T07:14:29.839068Z,Isaac-Reach-Franka,training,rsl_rl,newton_mjwarp,none,8192,42,10,548520.3,171523.1228973387,609556.0,2.11,0.54,2.43,36.62,37.84,NVIDIA RTX PRO 6000 Blackwell Server Edition,94.97,INTEL(R) XEON(R) GOLD 5512U,56,251.36,13.3.1,NVIDIA-Linux-x86_64-595.58.03,a710e671a2a28492ebdbc433972190b7d7730670,261056,2026-10-05T00:13:26.888997,,ISAAC_LAB_SINGLE_GPU_GTL_PRESET_NEWTON_MJWARP_E8192,benchmark_rsl_rl_Isaac-Reach-Franka_8192,2026-10-04,,dirty working tree reported; Total FPS coefficient of variation >25%; Collection FPS coefficient of variation >25%,776575.8596870945,249202.9076723092,868646.2911099595,database,database
2026-10-05,measured,2026-10-05T07:42:08.530605Z,Isaac-Reach-Franka,training,rsl_rl,ovphysx,none,8192,42,10,296275.0,72796.26801636956,327483.0,4.92,0.09,4.96,24.78,14.66,NVIDIA RTX PRO 6000 Blackwell Server Edition,94.97,INTEL(R) XEON(R) GOLD 5512U,56,251.36,13.3.1,NVIDIA-Linux-x86_64-595.58.03,a710e671a2a28492ebdbc433972190b7d7730670,261152,2026-10-05T00:36:47.258763,,ISAAC_LAB_SINGLE_GPU_GTL_PRESET_OVPHYSX_E8192,benchmark_rsl_rl_Isaac-Reach-Franka_8192,2026-10-04,,dirty working tree reported,353185.9330373415,86825.14220659164,392086.19306911627,database,database
2026-10-05,measured,2026-10-05T06:33:19.40818Z,Isaac-Reach-Franka-OSC,training,rsl_rl,isaacsim_physx,none,8192,42,10,197281.2,41987.089202912524,213888.0,8.27,0.14,8.34,29.67,14.22,NVIDIA RTX PRO 6000 Blackwell Server Edition,94.97,INTEL(R) XEON(R) GOLD 5512U,56,251.36,13.3.1,NVIDIA-Linux-x86_64-595.58.03,a710e671a2a28492ebdbc433972190b7d7730670,260940,2026-10-04T23:31:15.290179,,ISAAC_LAB_SINGLE_GPU_GTL_PRESET_PHYSX_E8192,benchmark_rsl_rl_Isaac-Reach-Franka-OSC_8192,2026-10-04,,dirty working tree reported,227418.49990488793,48021.492825855115,247052.247595788,database,database
2026-10-05,measured,2026-10-05T07:14:29.839068Z,Isaac-Reach-Franka-OSC,training,rsl_rl,newton_mjwarp,none,8192,42,10,403416.5,118108.83788104559,444592.0,2.2,0.55,2.52,38.38,31.6,NVIDIA RTX PRO 6000 Blackwell Server Edition,94.97,INTEL(R) XEON(R) GOLD 5512U,56,251.36,13.3.1,NVIDIA-Linux-x86_64-595.58.03,a710e671a2a28492ebdbc433972190b7d7730670,261056,2026-10-05T00:13:47.917642,,ISAAC_LAB_SINGLE_GPU_GTL_PRESET_NEWTON_MJWARP_E8192,benchmark_rsl_rl_Isaac-Reach-Franka-OSC_8192,2026-10-04,,dirty working tree reported; Total FPS coefficient of variation >25%; Collection FPS coefficient of variation >25%,511952.62169950193,153263.18288483913,567267.3572049157,database,database
2026-10-05,measured,2026-10-05T07:44:08.328525Z,Isaac-Reach-Franka-OSC,training,rsl_rl,ovphysx,none,8192,42,10,199813.2,45528.81022385716,216200.0,5.13,0.15,5.21,31.17,14.15,NVIDIA RTX PRO 6000 Blackwell Server Edition,94.97,INTEL(R) XEON(R) GOLD 5512U,56,251.36,13.3.1,NVIDIA-Linux-x86_64-595.58.03,a710e671a2a28492ebdbc433972190b7d7730670,261160,2026-10-05T00:41:16.470303,,ISAAC_LAB_SINGLE_GPU_GTL_PRESET_OVPHYSX_E8192,benchmark_rsl_rl_Isaac-Reach-Franka-OSC_8192,2026-10-04,,dirty working tree reported,223591.5619705077,50536.88605509599,242282.0119079413,database,database
2026-10-05,measured,2026-10-05T06:28:54.86067Z,Isaac-Reach-UR10,training,rsl_rl,isaacsim_physx,none,8192,42,10,256434.4,62091.270997173546,289669.0,8.43,0.4,8.62,42.6,23.07,NVIDIA RTX PRO 6000 Blackwell Server Edition,94.97,INTEL(R) XEON(R) GOLD 5512U,56,251.36,13.3.1,NVIDIA-Linux-x86_64-595.58.03,a710e671a2a28492ebdbc433972190b7d7730670,260925,2026-10-04T23:27:50.889047,,ISAAC_LAB_SINGLE_GPU_GTL_PRESET_PHYSX_E8192,benchmark_rsl_rl_Isaac-Reach-UR10_8192,2026-10-04,,dirty working tree reported,309643.57911873184,76243.6953271221,353219.5250672379,database,database
2026-10-05,measured,2026-10-05T07:13:02.95873Z,Isaac-Reach-UR10,training,rsl_rl,newton_mjwarp,none,8192,42,10,576304.1,180251.17616410842,643238.0,2.66,0.66,2.97,39.71,36.84,NVIDIA RTX PRO 6000 Blackwell Server Edition,94.97,INTEL(R) XEON(R) GOLD 5512U,56,251.36,13.3.1,NVIDIA-Linux-x86_64-595.58.03,a710e671a2a28492ebdbc433972190b7d7730670,261049,2026-10-05T00:12:24.619404,,ISAAC_LAB_SINGLE_GPU_GTL_PRESET_NEWTON_MJWARP_E8192,benchmark_rsl_rl_Isaac-Reach-UR10_8192,2026-10-04,,dirty working tree reported; Total FPS coefficient of variation >25%; Collection FPS coefficient of variation >25%,834254.0214264774,268434.140930354,946001.9924561549,database,database
2026-10-05,measured,2026-10-05T07:43:11.289937Z,Isaac-Reach-UR10,training,rsl_rl,ovphysx,none,8192,42,10,260242.3,62632.22528565733,287319.0,5.33,0.37,5.52,41.5,19.0,NVIDIA RTX PRO 6000 Blackwell Server Edition,94.97,INTEL(R) XEON(R) GOLD 5512U,56,235.61,13.3.1,NVIDIA-Linux-x86_64-595.58.03,a710e671a2a28492ebdbc433972190b7d7730670,261155,2026-10-05T00:40:50.335695,,ISAAC_LAB_SINGLE_GPU_GTL_PRESET_OVPHYSX_E8192,benchmark_rsl_rl_Isaac-Reach-UR10_8192,2026-10-04,,dirty working tree reported,302003.2398658119,72501.10238188984,332462.9233253964,database,database
2026-10-05,measured,2026-10-05T06:35:24.043686Z,Isaac-Reorient-Cube-Allegro,training,rsl_rl,isaacsim_physx,none,8192,42,10,119551.6,13332.233122940974,127167.0,10.1,0.52,10.31,51.06,12.69,NVIDIA RTX PRO 6000 Blackwell Server Edition,94.97,INTEL(R) XEON(R) GOLD 5512U,56,251.36,13.3.1,NVIDIA-Linux-x86_64-595.58.03,a710e671a2a28492ebdbc433972190b7d7730670,260944,2026-10-04T23:31:52.181213,,ISAAC_LAB_SINGLE_GPU_GTL_PRESET_PHYSX_E8192,benchmark_rsl_rl_Isaac-Reorient-Cube-Allegro_8192,2026-10-04,,dirty working tree reported,128651.86046784138,11709.996301470532,136149.00967978884,database,database
2026-10-05,measured,2026-10-05T07:15:13.006751Z,Isaac-Reorient-Cube-Allegro,training,rsl_rl,newton_mjwarp,none,8192,42,10,198752.2,46028.08938946352,217526.0,7.23,2.5,8.36,73.15,34.8,NVIDIA RTX PRO 6000 Blackwell Server Edition,94.97,INTEL(R) XEON(R) GOLD 5512U,56,251.36,13.3.1,NVIDIA-Linux-x86_64-595.58.03,a710e671a2a28492ebdbc433972190b7d7730670,261059,2026-10-05T00:14:01.726980,,ISAAC_LAB_SINGLE_GPU_GTL_PRESET_NEWTON_MJWARP_E8192,benchmark_rsl_rl_Isaac-Reorient-Cube-Allegro_8192,2026-10-04,,dirty working tree reported,220832.96337475895,50732.493735209566,242017.42619504058,database,database
2026-10-05,measured,2026-10-05T07:47:56.822941Z,Isaac-Reorient-Cube-Allegro,training,rsl_rl,ovphysx,none,8192,42,10,120179.2,12011.544435805636,125367.0,7.34,0.52,7.54,48.39,12.93,NVIDIA RTX PRO 6000 Blackwell Server Edition,94.97,INTEL(R) XEON(R) GOLD 5512U,56,251.36,13.3.1,NVIDIA-Linux-x86_64-595.58.03,a710e671a2a28492ebdbc433972190b7d7730670,261170,2026-10-05T00:41:29.099361,,ISAAC_LAB_SINGLE_GPU_GTL_PRESET_OVPHYSX_E8192,benchmark_rsl_rl_Isaac-Reorient-Cube-Allegro_8192,2026-10-04,,dirty working tree reported,128575.65556300484,9832.756682570653,133222.61319089038,database,database
2026-10-05,measured,2026-10-05T06:35:28.926679Z,Isaac-Reorient-Cube-Allegro-Direct,training,rsl_rl,isaacsim_physx,none,8192,42,10,107101.0,20947.929677602457,116622.0,10.19,0.82,10.59,45.43,19.76,NVIDIA RTX PRO 6000 Blackwell Server Edition,94.97,INTEL(R) XEON(R) GOLD 5512U,56,251.36,13.3.1,NVIDIA-Linux-x86_64-595.58.03,a710e671a2a28492ebdbc433972190b7d7730670,260946,2026-10-04T23:33:33.403331,,ISAAC_LAB_SINGLE_GPU_GTL_PRESET_PHYSX_E8192,benchmark_rsl_rl_Isaac-Reorient-Cube-Allegro-Direct_8192,2026-10-04,,dirty working tree reported,120962.74508869345,24028.075293803013,131995.52405762556,database,database
2026-10-05,measured,2026-10-05T07:17:04.900526Z,Isaac-Reorient-Cube-Allegro-Direct,training,rsl_rl,newton_mjwarp,none,8192,42,10,173073.2,47024.357139678155,193368.0,7.14,2.79,8.71,66.27,42.6,NVIDIA RTX PRO 6000 Blackwell Server Edition,94.97,INTEL(R) XEON(R) GOLD 5512U,56,251.36,13.3.1,NVIDIA-Linux-x86_64-595.58.03,a710e671a2a28492ebdbc433972190b7d7730670,261071,2026-10-05T00:16:19.714933,,ISAAC_LAB_SINGLE_GPU_GTL_PRESET_NEWTON_MJWARP_E8192,benchmark_rsl_rl_Isaac-Reorient-Cube-Allegro-Direct_8192,2026-10-04,,dirty working tree reported; Total FPS coefficient of variation >25%; Collection FPS coefficient of variation >25%,209461.78554167776,58666.58896312268,235834.85681168374,database,database
2026-10-05,measured,2026-10-05T07:47:56.822941Z,Isaac-Reorient-Cube-Allegro-Direct,training,rsl_rl,ovphysx,none,8192,42,10,108485.3,19893.175440894855,117874.0,7.42,0.82,7.83,46.71,21.34,NVIDIA RTX PRO 6000 Blackwell Server Edition,94.97,INTEL(R) XEON(R) GOLD 5512U,56,251.36,13.3.1,NVIDIA-Linux-x86_64-595.58.03,a710e671a2a28492ebdbc433972190b7d7730670,261170,2026-10-05T00:44:30.217981,,ISAAC_LAB_SINGLE_GPU_GTL_PRESET_OVPHYSX_E8192,benchmark_rsl_rl_Isaac-Reorient-Cube-Allegro-Direct_8192,2026-10-04,,dirty working tree reported,121379.2452617366,22368.226461375198,132244.2664418959,database,database
2026-10-05,measured,2026-10-05T06:35:25.978011Z,Isaac-Reorient-Cube-Shadow,training,rsl_rl,isaacsim_physx,none,8192,42,10,175779.4,33267.02458458092,192071.0,10.71,0.57,11.0,37.67,16.8,NVIDIA RTX PRO 6000 Blackwell Server Edition,94.97,INTEL(R) XEON(R) GOLD 5512U,56,251.36,13.3.1,NVIDIA-Linux-x86_64-595.58.03,a710e671a2a28492ebdbc433972190b7d7730670,260945,2026-10-04T23:31:42.039446,,ISAAC_LAB_SINGLE_GPU_GTL_PRESET_PHYSX_E8192,benchmark_rsl_rl_Isaac-Reorient-Cube-Shadow_8192,2026-10-04,,dirty working tree reported,206645.70295950596,36431.87343616251,226160.27070984984,database,database
2026-10-05,measured,2026-10-05T07:17:37.908688Z,Isaac-Reorient-Cube-Shadow,training,rsl_rl,newton_mjwarp,none,8192,42,10,271681.7,77953.8042989422,299544.0,7.31,3.24,9.23,58.75,34.85,NVIDIA RTX PRO 6000 Blackwell Server Edition,94.97,INTEL(R) XEON(R) GOLD 5512U,56,251.36,13.3.1,NVIDIA-Linux-x86_64-595.58.03,a710e671a2a28492ebdbc433972190b7d7730670,261076,2026-10-05T00:16:29.337887,,ISAAC_LAB_SINGLE_GPU_GTL_PRESET_NEWTON_MJWARP_E8192,benchmark_rsl_rl_Isaac-Reorient-Cube-Shadow_8192,2026-10-04,,dirty working tree reported; Total FPS coefficient of variation >25%; Collection FPS coefficient of variation >25%,344629.6566870497,101058.93426786008,382027.43333648355,database,database
2026-10-05,measured,2026-10-05T07:50:37.94743Z,Isaac-Reorient-Cube-Shadow,training,rsl_rl,ovphysx,none,8192,42,10,169999.8,27378.547866694626,181231.0,7.44,0.59,7.73,40.78,16.95,NVIDIA RTX PRO 6000 Blackwell Server Edition,94.97,INTEL(R) XEON(R) GOLD 5512U,56,251.36,13.3.1,NVIDIA-Linux-x86_64-595.58.03,a710e671a2a28492ebdbc433972190b7d7730670,261178,2026-10-05T00:43:52.778167,,ISAAC_LAB_SINGLE_GPU_GTL_PRESET_OVPHYSX_E8192,benchmark_rsl_rl_Isaac-Reorient-Cube-Shadow_8192,2026-10-04,,dirty working tree reported,197256.74245208764,26994.331744071296,209213.3637454105,database,database
2026-10-05,measured,2026-10-05T02:54:48.720472Z,Isaac-Reorient-Cube-Shadow-Camera,training,rsl_rl,isaacsim_physx,isaacsim_rtx,8192,42,10,42722.9,8729.876624430484,45881.0,18.06,2.32,19.21,40.43,22.56,NVIDIA RTX PRO 6000 Blackwell Server Edition,94.97,INTEL(R) XEON(R) GOLD 5512U,56,251.36,13.3.1,NVIDIA-Linux-x86_64-595.58.03,a710e671a2a28492ebdbc433972190b7d7730670,260289,2026-10-04T19:49:37.428220,simple_shading_full_mdl,ISAAC_LAB_SINGLE_GPU_GTL_PRESET_PHYSX_ISAACSIMRTX_SSFM_E8192_R64,benchmark_rsl_rl_Isaac-Reorient-Cube-Shadow-Camera_r64_8192,2026-10-04,,dirty working tree reported; resolved camera dimensions not recorded; fixed profile selected by explicit preset,44826.946067686484,9316.036647544677,48213.31659979871,database,database
2026-10-05,measured,2026-10-05T09:22:20.321985Z,Isaac-Reorient-Cube-Shadow-Camera,training,rsl_rl,newton_mjwarp,newton_renderer,8192,42,10,124485.7,10439.728211128018,128811.0,15.49,2.28,16.17,88.53,19.82,NVIDIA RTX PRO 6000 Blackwell Server Edition,94.97,INTEL(R) XEON(R) GOLD 5512U,56,251.36,13.3.1,NVIDIA-Linux-x86_64-595.58.03,a710e671a2a28492ebdbc433972190b7d7730670,261438,2026-10-05T02:20:56.016230,rgb,ISAAC_LAB_SINGLE_GPU_GTL_PRESET_NEWTON_WARP_RGB_E8192_R64,benchmark_rsl_rl_Isaac-Reorient-Cube-Shadow-Camera_r64_8192,2026-10-04,,dirty working tree reported; resolved camera dimensions not recorded; fixed profile selected by explicit preset,142935.43160352955,12269.920121125839,148167.41322659462,database,database
2026-10-05,measured,2026-10-05T02:37:26.193045Z,Isaac-Reorient-Cube-Shadow-Camera,training,rsl_rl,newton_mjwarp,ovrtx,8192,42,10,113332.3,15381.298580130064,120654.0,19.8,2.43,20.64,78.23,18.57,NVIDIA RTX PRO 6000 Blackwell Server Edition,94.97,INTEL(R) XEON(R) GOLD 5512U,56,251.36,13.3.1,NVIDIA-Linux-x86_64-595.58.03,a710e671a2a28492ebdbc433972190b7d7730670,260243,2026-10-04T19:35:25.134980,simple_shading_full_mdl,ISAAC_LAB_SINGLE_GPU_GTL_PRESET_NEWTON_OVRTX_SSFM_E8192_R64,benchmark_rsl_rl_Isaac-Reorient-Cube-Shadow-Camera_r64_8192,2026-10-04,,dirty working tree reported; resolved camera dimensions not recorded; fixed profile selected by explicit preset,128826.698069105,18384.65285413176,137797.06219970787,database,database
2026-10-05,measured,2026-10-05T03:04:59.364715Z,Isaac-Reorient-Cube-Shadow-Camera,training,rsl_rl,ovphysx,ovrtx,8192,42,10,14375.5,169.09514087242917,14642.0,18.54,1.05,18.88,10.32,18.26,NVIDIA RTX PRO 6000 Blackwell Server Edition,94.97,INTEL(R) XEON(R) GOLD 5512U,56,251.36,13.3.1,NVIDIA-Linux-x86_64-595.58.03,a710e671a2a28492ebdbc433972190b7d7730670,260313,2026-10-04T19:54:39.017128,simple_shading_full_mdl,ISAAC_LAB_SINGLE_GPU_GTL_PRESET_OVPHYSX_OVRTX_SSFM_E8192_R64,benchmark_rsl_rl_Isaac-Reorient-Cube-Shadow-Camera_r64_8192,2026-10-04,,dirty working tree reported; resolved camera dimensions not recorded; fixed profile selected by explicit preset,14597.265099356973,166.87713782094525,14865.836370501776,database,database
2026-10-05,measured,2026-10-05T02:54:48.720472Z,Isaac-Reorient-Cube-Shadow-Camera-Direct,training,rsl_rl,isaacsim_physx,isaacsim_rtx,8192,42,10,40788.6,8002.689370177725,43935.0,18.2,2.21,19.32,40.53,21.71,NVIDIA RTX PRO 6000 Blackwell Server Edition,94.97,INTEL(R) XEON(R) GOLD 5512U,56,251.36,13.3.1,NVIDIA-Linux-x86_64-595.58.03,a710e671a2a28492ebdbc433972190b7d7730670,260289,2026-10-04T19:44:38.433228,simple_shading_full_mdl,ISAAC_LAB_SINGLE_GPU_GTL_PRESET_PHYSX_ISAACSIMRTX_SSFM_E8192_R64,benchmark_rsl_rl_Isaac-Reorient-Cube-Shadow-Camera-Direct_r64_8192,2026-10-04,,dirty working tree reported; resolved camera dimensions not recorded; fixed profile selected by explicit preset,42689.334835812486,8539.273533525115,46064.91350261246,database,database
2026-10-05,measured,2026-10-05T09:22:20.321985Z,Isaac-Reorient-Cube-Shadow-Camera-Direct,training,rsl_rl,newton_mjwarp,newton_renderer,8192,42,10,122635.8,16544.978390906275,128087.0,15.17,2.88,16.18,87.09,23.71,NVIDIA RTX PRO 6000 Blackwell Server Edition,94.97,INTEL(R) XEON(R) GOLD 5512U,56,251.36,13.3.1,NVIDIA-Linux-x86_64-595.58.03,a710e671a2a28492ebdbc433972190b7d7730670,261438,2026-10-05T02:19:49.193616,rgb,ISAAC_LAB_SINGLE_GPU_GTL_PRESET_NEWTON_WARP_RGB_E8192_R64,benchmark_rsl_rl_Isaac-Reorient-Cube-Shadow-Camera-Direct_r64_8192,2026-10-04,,dirty working tree reported; resolved camera dimensions not recorded; fixed profile selected by explicit preset,140445.05763823845,20411.214266215753,147199.59287607024,database,database
2026-10-05,measured,2026-10-05T02:37:26.193045Z,Isaac-Reorient-Cube-Shadow-Camera-Direct,training,rsl_rl,newton_mjwarp,ovrtx,8192,42,10,112519.8,18684.474510494892,120962.0,19.49,2.97,20.64,77.27,21.47,NVIDIA RTX PRO 6000 Blackwell Server Edition,94.97,INTEL(R) XEON(R) GOLD 5512U,56,251.36,13.3.1,NVIDIA-Linux-x86_64-595.58.03,a710e671a2a28492ebdbc433972190b7d7730670,260243,2026-10-04T19:33:44.282122,simple_shading_full_mdl,ISAAC_LAB_SINGLE_GPU_GTL_PRESET_NEWTON_OVRTX_SSFM_E8192_R64,benchmark_rsl_rl_Isaac-Reorient-Cube-Shadow-Camera-Direct_r64_8192,2026-10-04,,dirty working tree reported; resolved camera dimensions not recorded; fixed profile selected by explicit preset,127676.4164985206,22555.58214421417,138020.37291919542,database,database
2026-10-05,measured,2026-10-05T03:04:59.364715Z,Isaac-Reorient-Cube-Shadow-Camera-Direct,training,rsl_rl,ovphysx,ovrtx,8192,42,10,14868.2,258.70609665109254,15204.0,18.77,1.13,19.13,12.13,20.74,NVIDIA RTX PRO 6000 Blackwell Server Edition,94.97,INTEL(R) XEON(R) GOLD 5512U,56,251.36,13.3.1,NVIDIA-Linux-x86_64-595.58.03,a710e671a2a28492ebdbc433972190b7d7730670,260313,2026-10-04T19:44:50.970890,simple_shading_full_mdl,ISAAC_LAB_SINGLE_GPU_GTL_PRESET_OVPHYSX_OVRTX_SSFM_E8192_R64,benchmark_rsl_rl_Isaac-Reorient-Cube-Shadow-Camera-Direct_r64_8192,2026-10-04,,dirty working tree reported; resolved camera dimensions not recorded; fixed profile selected by explicit preset,15101.167031410941,262.78946589135313,15445.322755873824,database,database
2026-10-05,measured,2026-10-05T06:35:25.978011Z,Isaac-Reorient-Cube-Shadow-Direct,training,rsl_rl,isaacsim_physx,none,8192,42,10,168931.4,41083.01097966841,184916.0,10.62,0.63,11.0,33.7,18.18,NVIDIA RTX PRO 6000 Blackwell Server Edition,94.97,INTEL(R) XEON(R) GOLD 5512U,56,251.36,13.3.1,NVIDIA-Linux-x86_64-595.58.03,a710e671a2a28492ebdbc433972190b7d7730670,260945,2026-10-04T23:33:22.916496,,ISAAC_LAB_SINGLE_GPU_GTL_PRESET_PHYSX_E8192,benchmark_rsl_rl_Isaac-Reorient-Cube-Shadow-Direct_8192,2026-10-04,,dirty working tree reported,196907.53122061514,48945.10838081766,216524.71324829716,database,database
2026-10-05,measured,2026-10-05T07:17:37.908688Z,Isaac-Reorient-Cube-Shadow-Direct,training,rsl_rl,newton_mjwarp,none,8192,42,10,274898.1,79973.0977453599,302068.0,8.06,2.46,9.24,53.62,41.32,NVIDIA RTX PRO 6000 Blackwell Server Edition,94.97,INTEL(R) XEON(R) GOLD 5512U,56,251.36,13.3.1,NVIDIA-Linux-x86_64-595.58.03,a710e671a2a28492ebdbc433972190b7d7730670,261076,2026-10-05T00:16:53.903647,,ISAAC_LAB_SINGLE_GPU_GTL_PRESET_NEWTON_MJWARP_E8192,benchmark_rsl_rl_Isaac-Reorient-Cube-Shadow-Direct_8192,2026-10-04,,dirty working tree reported; Total FPS coefficient of variation >25%; Collection FPS coefficient of variation >25%,348832.34606687375,104446.4660391395,384379.8449967523,database,database
2026-10-05,measured,2026-10-05T07:50:37.94743Z,Isaac-Reorient-Cube-Shadow-Direct,training,rsl_rl,ovphysx,none,8192,42,10,167056.2,37735.94203232068,180271.0,7.46,0.6,7.74,36.4,22.01,NVIDIA RTX PRO 6000 Blackwell Server Edition,94.97,INTEL(R) XEON(R) GOLD 5512U,56,251.36,13.3.1,NVIDIA-Linux-x86_64-595.58.03,a710e671a2a28492ebdbc433972190b7d7730670,261178,2026-10-05T00:47:04.621624,,ISAAC_LAB_SINGLE_GPU_GTL_PRESET_OVPHYSX_E8192,benchmark_rsl_rl_Isaac-Reorient-Cube-Shadow-Direct_8192,2026-10-04,,dirty working tree reported,192278.67610842534,44126.22407593993,208073.51281072077,database,database
2026-10-05,measured,2026-10-05T06:45:05.417836Z,Isaac-Reorient-KukaAllegro,training,rsl_rl,isaacsim_physx,none,8192,42,10,60548.4,3993.81845133479,65346.0,17.45,1.48,18.04,76.86,17.56,NVIDIA RTX PRO 6000 Blackwell Server Edition,94.97,INTEL(R) XEON(R) GOLD 5512U,56,251.36,13.3.1,NVIDIA-Linux-x86_64-595.58.03,a710e671a2a28492ebdbc433972190b7d7730670,260976,2026-10-04T23:41:22.359025,,ISAAC_LAB_SINGLE_GPU_GTL_PRESET_PHYSX_E8192,benchmark_rsl_rl_Isaac-Reorient-KukaAllegro_8192,2026-10-04,,dirty working tree reported,64736.677270581655,4181.826015688321,70104.24590536875,database,database
2026-10-05,measured,2026-10-05T07:18:00.323574Z,Isaac-Reorient-KukaAllegro,training,rsl_rl,newton_mjwarp,none,8192,42,10,217514.6,67987.3459454854,240415.0,7.22,2.41,9.57,45.18,42.07,NVIDIA RTX PRO 6000 Blackwell Server Edition,94.97,INTEL(R) XEON(R) GOLD 5512U,56,251.36,13.3.1,NVIDIA-Linux-x86_64-595.58.03,a710e671a2a28492ebdbc433972190b7d7730670,261078,2026-10-05T00:16:58.491094,,ISAAC_LAB_SINGLE_GPU_GTL_PRESET_NEWTON_MJWARP_E8192,benchmark_rsl_rl_Isaac-Reorient-KukaAllegro_8192,2026-10-04,,dirty working tree reported; Total FPS coefficient of variation >25%; Collection FPS coefficient of variation >25%,284176.5836210698,91127.18975146246,316015.3651041101,database,database
2026-10-05,measured,2026-10-05T07:52:25.102391Z,Isaac-Reorient-KukaAllegro,training,rsl_rl,ovphysx,none,8192,42,10,59377.7,3460.111110932711,62825.0,14.41,1.42,15.05,73.36,16.63,NVIDIA RTX PRO 6000 Blackwell Server Edition,94.97,INTEL(R) XEON(R) GOLD 5512U,56,251.36,13.3.1,NVIDIA-Linux-x86_64-595.58.03,a710e671a2a28492ebdbc433972190b7d7730670,261181,2026-10-05T00:45:52.536699,,ISAAC_LAB_SINGLE_GPU_GTL_PRESET_OVPHYSX_E8192,benchmark_rsl_rl_Isaac-Reorient-KukaAllegro_8192,2026-10-04,,dirty working tree reported,63209.29581024122,3538.5816336119306,66996.6086959277,database,database
2026-10-05,measured,2026-10-05T09:50:58.42902Z,Isaac-Reorient-KukaAllegro-Camera,training,rsl_rl,isaacsim_physx,isaacsim_rtx,8192,42,10,28792.7,5657.077672163331,31016.0,24.07,2.73,25.46,54.26,28.15,NVIDIA RTX PRO 6000 Blackwell Server Edition,94.97,INTEL(R) XEON(R) GOLD 5512U,56,251.36,13.3.1,NVIDIA-Linux-x86_64-595.58.03,a710e671a2a28492ebdbc433972190b7d7730670,261522,2026-10-05T02:45:05.771024,"cube,simple_shading_full_mdl64,single_camera",ISAAC_LAB_SINGLE_GPU_GTL_PRESET_PHYSX_ISAACSIMRTX_SSFM_E8192_R64,benchmark_rsl_rl_Isaac-Reorient-KukaAllegro-Camera_cube_single_camera_simple_shading_full_mdl64_r64_8192,2026-10-04,,dirty working tree reported; resolved camera dimensions not recorded; fixed profile selected by explicit preset,32212.972752741247,6433.408181302654,34777.95633465789,database,database
2026-10-05,measured,2026-10-05T09:20:47.967155Z,Isaac-Reorient-KukaAllegro-Camera,training,rsl_rl,newton_mjwarp,newton_renderer,8192,42,10,116854.5,33727.98652701739,129896.0,13.31,3.53,16.02,62.75,43.38,NVIDIA RTX PRO 6000 Blackwell Server Edition,94.97,INTEL(R) XEON(R) GOLD 5512U,56,251.36,13.3.1,NVIDIA-Linux-x86_64-595.58.03,a710e671a2a28492ebdbc433972190b7d7730670,261432,2026-10-05T02:19:33.776345,"cube,rgb64,single_camera",ISAAC_LAB_SINGLE_GPU_GTL_PRESET_NEWTON_WARP_RGB_E8192_R64,benchmark_rsl_rl_Isaac-Reorient-KukaAllegro-Camera_cube_single_camera_rgb64_r64_8192,2026-10-04,,dirty working tree reported; resolved camera dimensions not recorded; fixed profile selected by explicit preset; Total FPS coefficient of variation >25%; Collection FPS coefficient of variation >25%,204497.05949854775,63492.528320714424,233202.3202857361,database,database
2026-10-05,measured,2026-10-05T10:05:38.915684Z,Isaac-Reorient-KukaAllegro-Camera,training,rsl_rl,newton_mjwarp,ovrtx,8192,42,10,100171.9,29885.52636106277,112821.0,18.63,3.46,21.12,54.84,37.27,NVIDIA RTX PRO 6000 Blackwell Server Edition,94.97,INTEL(R) XEON(R) GOLD 5512U,56,251.36,13.3.1,NVIDIA-Linux-x86_64-595.58.03,a710e671a2a28492ebdbc433972190b7d7730670,261560,2026-10-05T03:03:46.734708,"cube,simple_shading_full_mdl64,single_camera",ISAAC_LAB_SINGLE_GPU_GTL_PRESET_NEWTON_OVRTX_SSFM_E8192_R64,benchmark_rsl_rl_Isaac-Reorient-KukaAllegro-Camera_cube_single_camera_simple_shading_full_mdl64_r64_8192,2026-10-04,,dirty working tree reported; resolved camera dimensions not recorded; fixed profile selected by explicit preset; Total FPS coefficient of variation >25%; Collection FPS coefficient of variation >25%,159261.51358579154,52232.98426579688,182177.42514624988,database,database
2026-10-05,measured,2026-10-05T02:53:44.754623Z,Isaac-Reorient-KukaAllegro-Camera,training,rsl_rl,ovphysx,ovrtx,8192,42,10,11879.4,305.45201478028156,12151.0,25.56,2.05,26.26,19.76,30.87,NVIDIA RTX PRO 6000 Blackwell Server Edition,94.97,INTEL(R) XEON(R) GOLD 5512U,56,251.36,13.3.1,NVIDIA-Linux-x86_64-595.58.03,a710e671a2a28492ebdbc433972190b7d7730670,260287,2026-10-04T19:44:15.533745,"cube,simple_shading_full_mdl64,single_camera",ISAAC_LAB_SINGLE_GPU_GTL_PRESET_OVPHYSX_OVRTX_SSFM_E8192_R64,benchmark_rsl_rl_Isaac-Reorient-KukaAllegro-Camera_cube_single_camera_simple_shading_full_mdl64_r64_8192,2026-10-04,,dirty working tree reported; resolved camera dimensions not recorded; fixed profile selected by explicit preset,12425.641541503037,220.57519969029818,12672.92542861582,database,database
2026-10-05,measured,2026-10-05T06:41:19.07173Z,Isaac-Shadow-Handover-Direct,training,rsl_rl,isaacsim_physx,none,8192,42,10,121954.8,25990.54642578934,134232.0,13.54,0.65,13.88,34.92,16.37,NVIDIA RTX PRO 6000 Blackwell Server Edition,94.97,INTEL(R) XEON(R) GOLD 5512U,56,251.36,13.3.1,NVIDIA-Linux-x86_64-595.58.03,a710e671a2a28492ebdbc433972190b7d7730670,260964,2026-10-04T23:37:49.307394,,ISAAC_LAB_SINGLE_GPU_GTL_PRESET_PHYSX_E8192,benchmark_rsl_rl_Isaac-Shadow-Handover-Direct_8192,2026-10-04,,dirty working tree reported,136789.09414268527,29610.60007226719,151260.7027028812,database,database
2026-10-05,measured,2026-10-05T07:17:55.841293Z,Isaac-Shadow-Handover-Direct,training,rsl_rl,newton_mjwarp,none,8192,42,10,112166.9,28270.976328108027,121637.0,11.31,3.38,12.79,72.33,33.09,NVIDIA RTX PRO 6000 Blackwell Server Edition,94.97,INTEL(R) XEON(R) GOLD 5512U,56,251.36,13.3.1,NVIDIA-Linux-x86_64-595.58.03,a710e671a2a28492ebdbc433972190b7d7730670,261077,2026-10-05T00:16:59.160375,,ISAAC_LAB_SINGLE_GPU_GTL_PRESET_NEWTON_MJWARP_E8192,benchmark_rsl_rl_Isaac-Shadow-Handover-Direct_8192,2026-10-04,,dirty working tree reported; Total FPS coefficient of variation >25%; Collection FPS coefficient of variation >25%,123286.75921451658,31548.409530530545,133927.50813617755,database,database
2026-10-05,measured,2026-10-05T07:52:57.735275Z,Isaac-Shadow-Handover-Direct,training,rsl_rl,ovphysx,none,8192,42,10,115423.5,19699.508996983204,123908.0,11.1,0.6,11.35,32.0,14.19,NVIDIA RTX PRO 6000 Blackwell Server Edition,94.97,INTEL(R) XEON(R) GOLD 5512U,56,251.36,13.3.1,NVIDIA-Linux-x86_64-595.58.03,a710e671a2a28492ebdbc433972190b7d7730670,261185,2026-10-05T00:46:32.239063,,ISAAC_LAB_SINGLE_GPU_GTL_PRESET_OVPHYSX_E8192,benchmark_rsl_rl_Isaac-Shadow-Handover-Direct_8192,2026-10-04,,dirty working tree reported,127383.8692849401,21525.1378472438,136938.34113140884,database,database
2026-10-05,measured,2026-10-05T06:37:41.150182Z,Isaac-Velocity-Flat-AnymalD,training,rsl_rl,isaacsim_physx,none,8192,42,10,168558.7,32197.580112831805,185206.0,9.91,0.37,10.06,29.29,11.54,NVIDIA RTX PRO 6000 Blackwell Server Edition,94.97,INTEL(R) XEON(R) GOLD 5512U,56,251.36,13.3.1,NVIDIA-Linux-x86_64-595.58.03,a710e671a2a28492ebdbc433972190b7d7730670,260953,2026-10-04T23:35:42.886695,,ISAAC_LAB_SINGLE_GPU_GTL_PRESET_PHYSX_E8192,benchmark_rsl_rl_Isaac-Velocity-Flat-AnymalD_8192,2026-10-04,,dirty working tree reported,182396.6191967534,34468.13293997273,200771.13825519825,database,database
2026-10-05,measured,2026-10-05T07:17:36.569466Z,Isaac-Velocity-Flat-AnymalD,training,rsl_rl,newton_mjwarp,none,8192,42,10,232740.9,75295.03615991045,260402.0,2.35,0.27,2.64,38.32,41.52,NVIDIA RTX PRO 6000 Blackwell Server Edition,94.97,INTEL(R) XEON(R) GOLD 5512U,56,251.36,13.3.1,NVIDIA-Linux-x86_64-595.58.03,a710e671a2a28492ebdbc433972190b7d7730670,261075,2026-10-05T00:16:44.898494,,ISAAC_LAB_SINGLE_GPU_GTL_PRESET_NEWTON_MJWARP_E8192,benchmark_rsl_rl_Isaac-Velocity-Flat-AnymalD_8192,2026-10-04,,dirty working tree reported; Total FPS coefficient of variation >25%; Collection FPS coefficient of variation >25%,254307.1979930721,82746.46248835193,285075.0411665267,database,database
2026-10-05,measured,2026-10-05T07:49:18.044929Z,Isaac-Velocity-Flat-AnymalD,training,rsl_rl,ovphysx,none,8192,42,10,172278.0,31869.761265361107,186864.0,6.78,0.39,6.94,28.38,13.24,NVIDIA RTX PRO 6000 Blackwell Server Edition,94.97,INTEL(R) XEON(R) GOLD 5512U,56,251.36,13.3.1,NVIDIA-Linux-x86_64-595.58.03,a710e671a2a28492ebdbc433972190b7d7730670,261174,2026-10-05T00:45:48.708962,,ISAAC_LAB_SINGLE_GPU_GTL_PRESET_OVPHYSX_E8192,benchmark_rsl_rl_Isaac-Velocity-Flat-AnymalD_8192,2026-10-04,,dirty working tree reported,182995.8474153644,32924.28767756898,199296.5503318009,database,database
2026-10-05,measured,2026-10-05T06:36:59.653962Z,Isaac-Velocity-Flat-Cassie,training,rsl_rl,isaacsim_physx,none,8192,42,10,246696.4,56972.39729748277,270352.0,9.01,0.53,9.31,29.6,14.87,NVIDIA RTX PRO 6000 Blackwell Server Edition,94.97,INTEL(R) XEON(R) GOLD 5512U,56,251.36,13.3.1,NVIDIA-Linux-x86_64-595.58.03,a710e671a2a28492ebdbc433972190b7d7730670,260952,2026-10-04T23:35:38.811525,,ISAAC_LAB_SINGLE_GPU_GTL_PRESET_PHYSX_E8192,benchmark_rsl_rl_Isaac-Velocity-Flat-Cassie_8192,2026-10-04,,dirty working tree reported,277605.68478144665,64654.55024784279,305113.7657927657,database,database
2026-10-05,measured,2026-10-05T07:17:21.257494Z,Isaac-Velocity-Flat-Cassie,training,rsl_rl,newton_mjwarp,none,8192,42,10,490943.5,143202.308657872,537710.0,1.63,0.26,1.84,40.86,37.02,NVIDIA RTX PRO 6000 Blackwell Server Edition,94.97,INTEL(R) XEON(R) GOLD 5512U,56,251.36,13.3.1,NVIDIA-Linux-x86_64-595.58.03,a710e671a2a28492ebdbc433972190b7d7730670,261074,2026-10-05T00:16:41.939715,,ISAAC_LAB_SINGLE_GPU_GTL_PRESET_NEWTON_MJWARP_E8192,benchmark_rsl_rl_Isaac-Velocity-Flat-Cassie_8192,2026-10-04,,dirty working tree reported; Total FPS coefficient of variation >25%; Collection FPS coefficient of variation >25%,594089.0855684887,176641.11989094154,652385.6440142149,database,database
2026-10-05,measured,2026-10-05T07:49:12.684757Z,Isaac-Velocity-Flat-Cassie,training,rsl_rl,ovphysx,none,8192,42,10,255932.3,59569.834463519466,280244.0,5.93,0.51,6.22,28.9,15.59,NVIDIA RTX PRO 6000 Blackwell Server Edition,94.97,INTEL(R) XEON(R) GOLD 5512U,56,251.36,13.3.1,NVIDIA-Linux-x86_64-595.58.03,a710e671a2a28492ebdbc433972190b7d7730670,261173,2026-10-05T00:46:41.300032,,ISAAC_LAB_SINGLE_GPU_GTL_PRESET_OVPHYSX_E8192,benchmark_rsl_rl_Isaac-Velocity-Flat-Cassie_8192,2026-10-04,,dirty working tree reported,280325.8372716428,65191.40052670385,307152.1208057441,database,database
2026-10-05,measured,2026-10-05T06:41:57.214481Z,Isaac-Velocity-Flat-G1,training,rsl_rl,isaacsim_physx,none,8192,42,10,145613.1,30487.853513781152,157535.0,10.73,0.38,10.94,51.75,23.04,NVIDIA RTX PRO 6000 Blackwell Server Edition,94.97,INTEL(R) XEON(R) GOLD 5512U,56,251.36,13.3.1,NVIDIA-Linux-x86_64-595.58.03,a710e671a2a28492ebdbc433972190b7d7730670,260966,2026-10-04T23:38:13.892691,,ISAAC_LAB_SINGLE_GPU_GTL_PRESET_PHYSX_E8192,benchmark_rsl_rl_Isaac-Velocity-Flat-G1_8192,2026-10-04,,dirty working tree reported,156103.91879238343,32644.718119448484,169078.67389838348,database,database
2026-10-05,measured,2026-10-05T07:17:12.206059Z,Isaac-Velocity-Flat-G1,training,rsl_rl,newton_mjwarp,none,8192,42,10,285689.7,78083.81266597805,314679.0,3.08,0.48,3.37,54.4,39.9,NVIDIA RTX PRO 6000 Blackwell Server Edition,94.97,INTEL(R) XEON(R) GOLD 5512U,56,251.36,13.3.1,NVIDIA-Linux-x86_64-595.58.03,a710e671a2a28492ebdbc433972190b7d7730670,261073,2026-10-05T00:16:26.808219,,ISAAC_LAB_SINGLE_GPU_GTL_PRESET_NEWTON_MJWARP_E8192,benchmark_rsl_rl_Isaac-Velocity-Flat-G1_8192,2026-10-04,,dirty working tree reported; Total FPS coefficient of variation >25%; Collection FPS coefficient of variation >25%,319457.82346737984,88324.77129055167,352902.8434914641,database,database
2026-10-05,measured,2026-10-05T07:53:40.337083Z,Isaac-Velocity-Flat-G1,training,rsl_rl,ovphysx,none,8192,42,10,150284.1,28825.770697801338,160209.0,8.24,0.36,8.41,52.33,23.58,NVIDIA RTX PRO 6000 Blackwell Server Edition,94.97,INTEL(R) XEON(R) GOLD 5512U,56,251.36,13.3.1,NVIDIA-Linux-x86_64-595.58.03,a710e671a2a28492ebdbc433972190b7d7730670,261186,2026-10-05T00:48:43.843246,,ISAAC_LAB_SINGLE_GPU_GTL_PRESET_OVPHYSX_E8192,benchmark_rsl_rl_Isaac-Velocity-Flat-G1_8192,2026-10-04,,dirty working tree reported,158723.27552459144,29953.16355186299,169021.8737319266,database,database
2026-10-05,measured,2026-10-05T06:41:13.597784Z,Isaac-Velocity-Flat-H1,training,rsl_rl,isaacsim_physx,none,8192,42,10,235037.9,55574.68661670027,257601.0,9.22,0.28,9.38,35.18,14.64,NVIDIA RTX PRO 6000 Blackwell Server Edition,94.97,INTEL(R) XEON(R) GOLD 5512U,56,251.36,13.3.1,NVIDIA-Linux-x86_64-595.58.03,a710e671a2a28492ebdbc433972190b7d7730670,260963,2026-10-04T23:39:15.598591,,ISAAC_LAB_SINGLE_GPU_GTL_PRESET_PHYSX_E8192,benchmark_rsl_rl_Isaac-Velocity-Flat-H1_8192,2026-10-04,,dirty working tree reported,263007.0417097625,62779.65914069057,289091.98148989514,database,database
2026-10-05,measured,2026-10-05T07:17:11.624094Z,Isaac-Velocity-Flat-H1,training,rsl_rl,newton_mjwarp,none,8192,42,10,424246.7,123040.66934694578,465793.0,1.93,0.29,2.13,45.12,37.63,NVIDIA RTX PRO 6000 Blackwell Server Edition,94.97,INTEL(R) XEON(R) GOLD 5512U,56,251.36,13.3.1,NVIDIA-Linux-x86_64-595.58.03,a710e671a2a28492ebdbc433972190b7d7730670,261072,2026-10-05T00:16:29.968766,,ISAAC_LAB_SINGLE_GPU_GTL_PRESET_NEWTON_MJWARP_E8192,benchmark_rsl_rl_Isaac-Velocity-Flat-H1_8192,2026-10-04,,dirty working tree reported; Total FPS coefficient of variation >25%; Collection FPS coefficient of variation >25%,501786.36607706815,148049.19371562926,553475.9099708843,database,database
2026-10-05,measured,2026-10-05T07:52:31.498981Z,Isaac-Velocity-Flat-H1,training,rsl_rl,ovphysx,none,8192,42,10,243707.7,56512.43030431447,267072.0,5.97,0.28,6.13,33.73,16.76,NVIDIA RTX PRO 6000 Blackwell Server Edition,94.97,INTEL(R) XEON(R) GOLD 5512U,56,251.36,13.3.1,NVIDIA-Linux-x86_64-595.58.03,a710e671a2a28492ebdbc433972190b7d7730670,261182,2026-10-05T00:49:27.481485,,ISAAC_LAB_SINGLE_GPU_GTL_PRESET_OVPHYSX_E8192,benchmark_rsl_rl_Isaac-Velocity-Flat-H1_8192,2026-10-04,,dirty working tree reported,266960.7280317786,61929.40897598546,293564.56352550717,database,database
2026-10-05,measured,2026-10-05T06:44:13.942727Z,Isaac-Velocity-Flat-UnitreeGo2,training,rsl_rl,isaacsim_physx,none,8192,42,10,209257.2,44333.77495970513,232706.0,9.29,0.28,9.44,30.42,13.61,NVIDIA RTX PRO 6000 Blackwell Server Edition,94.97,INTEL(R) XEON(R) GOLD 5512U,56,251.36,13.3.1,NVIDIA-Linux-x86_64-595.58.03,a710e671a2a28492ebdbc433972190b7d7730670,260973,2026-10-04T23:42:13.133354,,ISAAC_LAB_SINGLE_GPU_GTL_PRESET_PHYSX_E8192,benchmark_rsl_rl_Isaac-Velocity-Flat-UnitreeGo2_8192,2026-10-04,,dirty working tree reported,231364.04392968232,48996.984566821055,258246.89311001287,database,database
2026-10-05,measured,2026-10-05T07:18:02.094784Z,Isaac-Velocity-Flat-UnitreeGo2,training,rsl_rl,newton_mjwarp,none,8192,42,10,503606.6,169360.77411595508,557994.0,1.73,0.25,2.09,20.31,31.94,NVIDIA RTX PRO 6000 Blackwell Server Edition,94.97,INTEL(R) XEON(R) GOLD 5512U,56,251.36,13.3.1,NVIDIA-Linux-x86_64-595.58.03,a710e671a2a28492ebdbc433972190b7d7730670,261079,2026-10-05T00:17:14.387012,,ISAAC_LAB_SINGLE_GPU_GTL_PRESET_NEWTON_MJWARP_E8192,benchmark_rsl_rl_Isaac-Velocity-Flat-UnitreeGo2_8192,2026-10-04,,dirty working tree reported; Total FPS coefficient of variation >25%; Collection FPS coefficient of variation >25%,620331.0205111697,210193.4979189214,688062.873351879,database,database
2026-10-05,measured,2026-10-05T07:58:16.30449Z,Isaac-Velocity-Flat-UnitreeGo2,training,rsl_rl,ovphysx,none,8192,42,10,218751.2,44374.91700349046,236205.0,6.32,0.28,6.44,29.36,15.61,NVIDIA RTX PRO 6000 Blackwell Server Edition,94.97,INTEL(R) XEON(R) GOLD 5512U,56,251.36,13.3.1,NVIDIA-Linux-x86_64-595.58.03,a710e671a2a28492ebdbc433972190b7d7730670,261200,2026-10-05T00:54:22.669761,,ISAAC_LAB_SINGLE_GPU_GTL_PRESET_OVPHYSX_E8192,benchmark_rsl_rl_Isaac-Velocity-Flat-UnitreeGo2_8192,2026-10-04,,dirty working tree reported,236896.49174999353,47217.62117686994,255943.068134684,database,database
2026-10-05,measured,2026-10-05T06:43:15.43865Z,Isaac-Velocity-Rough-AnymalD,training,rsl_rl,isaacsim_physx,none,8192,42,10,64933.6,8283.190799578519,70826.0,12.87,0.7,13.17,65.42,21.89,NVIDIA RTX PRO 6000 Blackwell Server Edition,94.97,INTEL(R) XEON(R) GOLD 5512U,56,251.36,13.3.1,NVIDIA-Linux-x86_64-595.58.03,a710e671a2a28492ebdbc433972190b7d7730670,260969,2026-10-04T23:40:56.366747,,ISAAC_LAB_SINGLE_GPU_GTL_PRESET_PHYSX_E8192,benchmark_rsl_rl_Isaac-Velocity-Rough-AnymalD_8192,2026-10-04,,dirty working tree reported,67332.64762413247,8327.432530473749,73505.88600938726,database,database
2026-10-05,measured,2026-10-05T07:19:43.048993Z,Isaac-Velocity-Rough-AnymalD,training,rsl_rl,newton_mjwarp,none,8192,42,10,161568.3,50832.53155444192,194190.0,5.93,0.86,6.76,46.41,43.38,NVIDIA RTX PRO 6000 Blackwell Server Edition,94.97,INTEL(R) XEON(R) GOLD 5512U,56,251.36,13.3.1,NVIDIA-Linux-x86_64-595.58.03,a710e671a2a28492ebdbc433972190b7d7730670,261082,2026-10-05T00:18:42.560371,,ISAAC_LAB_SINGLE_GPU_GTL_PRESET_NEWTON_MJWARP_E8192,benchmark_rsl_rl_Isaac-Velocity-Rough-AnymalD_8192,2026-10-04,,dirty working tree reported; Total FPS coefficient of variation >25%; Collection FPS coefficient of variation >25%,176271.6105532212,55996.6417822279,213900.94939812663,database,database
2026-10-05,measured,2026-10-05T07:56:30.062431Z,Isaac-Velocity-Rough-AnymalD,training,rsl_rl,ovphysx,none,8192,42,10,74258.0,5516.982770399858,79700.0,9.61,0.69,9.88,67.25,19.0,NVIDIA RTX PRO 6000 Blackwell Server Edition,94.97,INTEL(R) XEON(R) GOLD 5512U,56,235.61,13.3.1,NVIDIA-Linux-x86_64-595.58.03,a710e671a2a28492ebdbc433972190b7d7730670,261193,2026-10-05T00:52:47.623605,,ISAAC_LAB_SINGLE_GPU_GTL_PRESET_OVPHYSX_E8192,benchmark_rsl_rl_Isaac-Velocity-Rough-AnymalD_8192,2026-10-04,,dirty working tree reported,77277.40102550638,5036.904946247103,82831.14235525734,database,database
2026-10-05,measured,2026-10-05T06:43:45.439588Z,Isaac-Velocity-Rough-Cassie,training,rsl_rl,isaacsim_physx,none,8192,42,10,135244.2,23826.437943315545,154160.0,11.27,0.53,11.52,58.5,22.38,NVIDIA RTX PRO 6000 Blackwell Server Edition,94.97,INTEL(R) XEON(R) GOLD 5512U,56,251.36,13.3.1,NVIDIA-Linux-x86_64-595.58.03,a710e671a2a28492ebdbc433972190b7d7730670,260971,2026-10-04T23:42:17.355203,,ISAAC_LAB_SINGLE_GPU_GTL_PRESET_PHYSX_E8192,benchmark_rsl_rl_Isaac-Velocity-Rough-Cassie_8192,2026-10-04,,dirty working tree reported,146362.8504540903,25664.847580452573,167727.59370821473,database,database
2026-10-05,measured,2026-10-05T07:20:48.633301Z,Isaac-Velocity-Rough-Cassie,training,rsl_rl,newton_mjwarp,none,8192,42,10,293614.0,76732.6675586524,318943.0,6.16,0.71,6.6,61.5,36.23,NVIDIA RTX PRO 6000 Blackwell Server Edition,94.97,INTEL(R) XEON(R) GOLD 5512U,56,251.36,13.3.1,NVIDIA-Linux-x86_64-595.58.03,a710e671a2a28492ebdbc433972190b7d7730670,261084,2026-10-05T00:20:02.934176,,ISAAC_LAB_SINGLE_GPU_GTL_PRESET_NEWTON_MJWARP_E8192,benchmark_rsl_rl_Isaac-Velocity-Rough-Cassie_8192,2026-10-04,,dirty working tree reported; Total FPS coefficient of variation >25%; Collection FPS coefficient of variation >25%,346030.3261943635,92533.19230562907,376586.51971837995,database,database
2026-10-05,measured,2026-10-05T07:57:12.536306Z,Isaac-Velocity-Rough-Cassie,training,rsl_rl,ovphysx,none,8192,42,10,151972.9,26267.254627302707,161978.0,8.04,0.59,8.32,55.47,22.57,NVIDIA RTX PRO 6000 Blackwell Server Edition,94.97,INTEL(R) XEON(R) GOLD 5512U,56,251.36,13.3.1,NVIDIA-Linux-x86_64-595.58.03,a710e671a2a28492ebdbc433972190b7d7730670,261198,2026-10-05T00:54:33.684986,,ISAAC_LAB_SINGLE_GPU_GTL_PRESET_OVPHYSX_E8192,benchmark_rsl_rl_Isaac-Velocity-Rough-Cassie_8192,2026-10-04,,dirty working tree reported,164783.37740679702,28025.027075107402,175650.93643979527,database,database
2026-10-05,measured,2026-10-05T06:27:20.81357Z,Isaac-Velocity-Rough-G1,training,rsl_rl,isaacsim_physx,none,8192,42,10,121235.7,22980.77169698374,136376.0,12.39,0.54,12.63,62.33,19.08,NVIDIA RTX PRO 6000 Blackwell Server Edition,94.97,INTEL(R) XEON(R) GOLD 5512U,56,251.36,13.3.1,NVIDIA-Linux-x86_64-595.58.03,a710e671a2a28492ebdbc433972190b7d7730670,260921,2026-10-04T23:23:32.864086,,ISAAC_LAB_SINGLE_GPU_GTL_PRESET_PHYSX_E8192,benchmark_rsl_rl_Isaac-Velocity-Rough-G1_8192,2026-10-04,,dirty working tree reported,130581.72382838208,24828.48520571608,147623.18151860556,database,database
2026-10-05,measured,2026-10-05T07:04:54.241165Z,Isaac-Velocity-Rough-G1,training,rsl_rl,newton_mjwarp,none,8192,42,10,218472.3,55193.504030114105,238329.0,5.78,0.71,6.16,60.17,40.21,NVIDIA RTX PRO 6000 Blackwell Server Edition,94.97,INTEL(R) XEON(R) GOLD 5512U,56,251.36,13.3.1,NVIDIA-Linux-x86_64-595.58.03,a710e671a2a28492ebdbc433972190b7d7730670,261021,2026-10-05T00:04:03.573129,,ISAAC_LAB_SINGLE_GPU_GTL_PRESET_NEWTON_MJWARP_E8192,benchmark_rsl_rl_Isaac-Velocity-Rough-G1_8192,2026-10-04,,dirty working tree reported; Total FPS coefficient of variation >25%; Collection FPS coefficient of variation >25%,248356.89464385525,63924.85243915005,271428.68173276726,database,database
2026-10-05,measured,2026-10-05T07:36:04.421403Z,Isaac-Velocity-Rough-G1,training,rsl_rl,ovphysx,none,8192,42,10,138764.2,23887.34110034946,148690.0,9.75,0.6,10.03,64.06,24.86,NVIDIA RTX PRO 6000 Blackwell Server Edition,94.97,INTEL(R) XEON(R) GOLD 5512U,56,251.36,13.3.1,NVIDIA-Linux-x86_64-595.58.03,a710e671a2a28492ebdbc433972190b7d7730670,261139,2026-10-05T00:31:02.617099,,ISAAC_LAB_SINGLE_GPU_GTL_PRESET_OVPHYSX_E8192,benchmark_rsl_rl_Isaac-Velocity-Rough-G1_8192,2026-10-04,,dirty working tree reported,150057.49829797287,25509.907507133197,160789.407603589,database,database
2026-10-05,measured,2026-10-05T06:43:57.640617Z,Isaac-Velocity-Rough-H1,training,rsl_rl,isaacsim_physx,none,8192,42,10,178706.8,37130.23062082372,200562.0,10.96,0.68,11.31,49.0,19.67,NVIDIA RTX PRO 6000 Blackwell Server Edition,94.97,INTEL(R) XEON(R) GOLD 5512U,56,251.36,13.3.1,NVIDIA-Linux-x86_64-595.58.03,a710e671a2a28492ebdbc433972190b7d7730670,260972,2026-10-04T23:41:53.778801,,ISAAC_LAB_SINGLE_GPU_GTL_PRESET_PHYSX_E8192,benchmark_rsl_rl_Isaac-Velocity-Rough-H1_8192,2026-10-04,,dirty working tree reported,198370.96814155602,41574.53676750445,223859.20109802167,database,database
2026-10-05,measured,2026-10-05T07:21:27.046394Z,Isaac-Velocity-Rough-H1,training,rsl_rl,newton_mjwarp,none,8192,42,10,244725.4,61937.07250320011,272481.0,6.61,0.7,7.02,56.73,41.91,NVIDIA RTX PRO 6000 Blackwell Server Edition,94.97,INTEL(R) XEON(R) GOLD 5512U,56,251.36,13.3.1,NVIDIA-Linux-x86_64-595.58.03,a710e671a2a28492ebdbc433972190b7d7730670,261086,2026-10-05T00:20:39.720667,,ISAAC_LAB_SINGLE_GPU_GTL_PRESET_NEWTON_MJWARP_E8192,benchmark_rsl_rl_Isaac-Velocity-Rough-H1_8192,2026-10-04,,dirty working tree reported; Total FPS coefficient of variation >25%; Collection FPS coefficient of variation >25%,279479.6786612239,72013.09486418054,313608.564682259,database,database
2026-10-05,measured,2026-10-05T07:57:03.730168Z,Isaac-Velocity-Rough-H1,training,rsl_rl,ovphysx,none,8192,42,10,208036.2,43056.64279063104,223470.0,7.59,0.73,7.99,46.92,22.07,NVIDIA RTX PRO 6000 Blackwell Server Edition,94.97,INTEL(R) XEON(R) GOLD 5512U,56,251.36,13.3.1,NVIDIA-Linux-x86_64-595.58.03,a710e671a2a28492ebdbc433972190b7d7730670,261197,2026-10-05T00:53:54.061740,,ISAAC_LAB_SINGLE_GPU_GTL_PRESET_OVPHYSX_E8192,benchmark_rsl_rl_Isaac-Velocity-Rough-H1_8192,2026-10-04,,dirty working tree reported,232382.43870449232,48196.35205006285,250077.54962893235,database,database
2026-10-05,measured,2026-10-05T06:46:58.973Z,Isaac-Velocity-Rough-UnitreeGo2,training,rsl_rl,isaacsim_physx,none,8192,42,10,82627.8,15169.001056980207,91964.0,12.39,0.61,12.69,62.4,24.14,NVIDIA RTX PRO 6000 Blackwell Server Edition,94.97,INTEL(R) XEON(R) GOLD 5512U,56,251.36,13.3.1,NVIDIA-Linux-x86_64-595.58.03,a710e671a2a28492ebdbc433972190b7d7730670,260983,2026-10-04T23:44:37.985593,,ISAAC_LAB_SINGLE_GPU_GTL_PRESET_PHYSX_E8192,benchmark_rsl_rl_Isaac-Velocity-Rough-UnitreeGo2_8192,2026-10-04,,dirty working tree reported,86600.90756810596,15862.737547730401,96540.28798080418,database,database
2026-10-05,measured,2026-10-05T07:23:03.779389Z,Isaac-Velocity-Rough-UnitreeGo2,training,rsl_rl,newton_mjwarp,none,8192,42,10,254826.8,64067.43484416331,287177.0,6.36,0.69,6.75,64.45,32.98,NVIDIA RTX PRO 6000 Blackwell Server Edition,94.97,INTEL(R) XEON(R) GOLD 5512U,56,251.36,13.3.1,NVIDIA-Linux-x86_64-595.58.03,a710e671a2a28492ebdbc433972190b7d7730670,261093,2026-10-05T00:22:15.302275,,ISAAC_LAB_SINGLE_GPU_GTL_PRESET_NEWTON_MJWARP_E8192,benchmark_rsl_rl_Isaac-Velocity-Rough-UnitreeGo2_8192,2026-10-04,,dirty working tree reported; Total FPS coefficient of variation >25%; Collection FPS coefficient of variation >25%,293441.053817633,75245.61455126948,333776.0241688321,database,database
2026-10-05,measured,2026-10-05T07:59:17.937977Z,Isaac-Velocity-Rough-UnitreeGo2,training,rsl_rl,ovphysx,none,8192,42,10,96712.0,11398.848782028628,104339.0,9.29,0.62,9.53,65.64,26.19,NVIDIA RTX PRO 6000 Blackwell Server Edition,94.97,INTEL(R) XEON(R) GOLD 5512U,56,251.36,13.3.1,NVIDIA-Linux-x86_64-595.58.03,a710e671a2a28492ebdbc433972190b7d7730670,261201,2026-10-05T00:55:07.081582,,ISAAC_LAB_SINGLE_GPU_GTL_PRESET_OVPHYSX_E8192,benchmark_rsl_rl_Isaac-Velocity-Rough-UnitreeGo2_8192,2026-10-04,,dirty working tree reported,101832.62124684289,11273.34134818329,109894.63297839591,database,database
